SET FOREIGN_KEY_CHECKS = 0;
TRUNCATE TABLE role_permissions;
TRUNCATE TABLE permissions;
TRUNCATE TABLE book_issuance;
TRUNCATE TABLE library_books;
TRUNCATE TABLE assignment_submissions;
TRUNCATE TABLE assignments;
TRUNCATE TABLE exam_results;
TRUNCATE TABLE exam_schedules;
TRUNCATE TABLE fee_payments;
TRUNCATE TABLE fee_structures;
TRUNCATE TABLE attendance;
TRUNCATE TABLE batches;
TRUNCATE TABLE student_profiles;
TRUNCATE TABLE faculty_profiles;
TRUNCATE TABLE users;
TRUNCATE TABLE roles;
TRUNCATE TABLE subjects;
TRUNCATE TABLE courses;
TRUNCATE TABLE departments;
TRUNCATE TABLE sessions;
TRUNCATE TABLE holidays;
TRUNCATE TABLE notifications;
TRUNCATE TABLE leave_requests;
TRUNCATE TABLE salary_payments;
TRUNCATE TABLE meetings;
SET FOREIGN_KEY_CHECKS = 1;
INSERT INTO roles (id, name) VALUES (1, 'ADMIN');
INSERT INTO roles (id, name) VALUES (2, 'HOD');
INSERT INTO roles (id, name) VALUES (3, 'FACULTY');
INSERT INTO roles (id, name) VALUES (4, 'STUDENT');
INSERT INTO roles (id, name) VALUES (5, 'PRINCIPAL');
INSERT INTO roles (id, name) VALUES (6, 'LIBRARIAN');
INSERT INTO roles (id, name) VALUES (7, 'CLASS_COUNSELLOR');
INSERT INTO departments (id, name, code) VALUES (1, 'Computer Science', 'cse');
INSERT INTO departments (id, name, code) VALUES (2, 'Electronics & Comm', 'ece');
INSERT INTO departments (id, name, code) VALUES (3, 'Mechanical Eng', 'mec');
INSERT INTO departments (id, name, code) VALUES (4, 'Civil Eng', 'civ');
INSERT INTO departments (id, name, code) VALUES (5, 'Business Admin', 'bba');
INSERT INTO sessions (id, name, start_date, end_date, is_active) VALUES (1, '2023-24', '2023-07-01', '2024-06-30', 1);
INSERT INTO courses (id, dept_id, name, code, duration_years) VALUES (1, 1, 'B.Tech CSE', 'CSE-BTECH', 4);
INSERT INTO courses (id, dept_id, name, code, duration_years) VALUES (2, 2, 'B.Tech ECE', 'ECE-BTECH', 4);
INSERT INTO courses (id, dept_id, name, code, duration_years) VALUES (3, 3, 'B.Tech MEC', 'MEC-BTECH', 4);
INSERT INTO courses (id, dept_id, name, code, duration_years) VALUES (4, 4, 'B.Tech CIV', 'CIV-BTECH', 4);
INSERT INTO courses (id, dept_id, name, code, duration_years) VALUES (5, 5, 'BBA', 'BBA-CORE', 4);
INSERT INTO subjects (id, course_id, name, code, credits) VALUES (1, 1, 'Programming in C (Sem 1)', 'CSE-101', 3);
INSERT INTO subjects (id, course_id, name, code, credits) VALUES (2, 1, 'Data Structures (Sem 1)', 'CSE-102', 4);
INSERT INTO subjects (id, course_id, name, code, credits) VALUES (3, 1, 'Algorithms (Sem 1)', 'CSE-103', 3);
INSERT INTO subjects (id, course_id, name, code, credits) VALUES (4, 1, 'Operating Systems (Sem 1)', 'CSE-104', 4);
INSERT INTO subjects (id, course_id, name, code, credits) VALUES (5, 1, 'Database Systems (Sem 2)', 'CSE-201', 3);
INSERT INTO subjects (id, course_id, name, code, credits) VALUES (6, 1, 'Computer Networks (Sem 2)', 'CSE-202', 4);
INSERT INTO subjects (id, course_id, name, code, credits) VALUES (7, 1, 'Software Engineering (Sem 2)', 'CSE-203', 4);
INSERT INTO subjects (id, course_id, name, code, credits) VALUES (8, 1, 'Theory of Computation (Sem 2)', 'CSE-204', 4);
INSERT INTO subjects (id, course_id, name, code, credits) VALUES (9, 1, 'Compiler Design (Sem 3)', 'CSE-301', 3);
INSERT INTO subjects (id, course_id, name, code, credits) VALUES (10, 1, 'Web Development (Sem 3)', 'CSE-302', 3);
INSERT INTO subjects (id, course_id, name, code, credits) VALUES (11, 1, 'Artificial Intelligence (Sem 3)', 'CSE-303', 4);
INSERT INTO subjects (id, course_id, name, code, credits) VALUES (12, 1, 'Machine Learning (Sem 3)', 'CSE-304', 3);
INSERT INTO subjects (id, course_id, name, code, credits) VALUES (13, 1, 'Cloud Computing (Sem 4)', 'CSE-401', 4);
INSERT INTO subjects (id, course_id, name, code, credits) VALUES (14, 1, 'Information Security (Sem 4)', 'CSE-402', 4);
INSERT INTO subjects (id, course_id, name, code, credits) VALUES (15, 1, 'Distributed Systems (Sem 4)', 'CSE-403', 4);
INSERT INTO subjects (id, course_id, name, code, credits) VALUES (16, 1, 'Object Oriented Design (Sem 4)', 'CSE-404', 3);
INSERT INTO subjects (id, course_id, name, code, credits) VALUES (17, 1, 'Programming in C (Sem 5)', 'CSE-501', 4);
INSERT INTO subjects (id, course_id, name, code, credits) VALUES (18, 1, 'Data Structures (Sem 5)', 'CSE-502', 3);
INSERT INTO subjects (id, course_id, name, code, credits) VALUES (19, 1, 'Algorithms (Sem 5)', 'CSE-503', 3);
INSERT INTO subjects (id, course_id, name, code, credits) VALUES (20, 1, 'Operating Systems (Sem 5)', 'CSE-504', 4);
INSERT INTO subjects (id, course_id, name, code, credits) VALUES (21, 1, 'Database Systems (Sem 6)', 'CSE-601', 4);
INSERT INTO subjects (id, course_id, name, code, credits) VALUES (22, 1, 'Computer Networks (Sem 6)', 'CSE-602', 4);
INSERT INTO subjects (id, course_id, name, code, credits) VALUES (23, 1, 'Software Engineering (Sem 6)', 'CSE-603', 4);
INSERT INTO subjects (id, course_id, name, code, credits) VALUES (24, 1, 'Theory of Computation (Sem 6)', 'CSE-604', 3);
INSERT INTO subjects (id, course_id, name, code, credits) VALUES (25, 1, 'Compiler Design (Sem 7)', 'CSE-701', 3);
INSERT INTO subjects (id, course_id, name, code, credits) VALUES (26, 1, 'Web Development (Sem 7)', 'CSE-702', 3);
INSERT INTO subjects (id, course_id, name, code, credits) VALUES (27, 1, 'Artificial Intelligence (Sem 7)', 'CSE-703', 3);
INSERT INTO subjects (id, course_id, name, code, credits) VALUES (28, 1, 'Machine Learning (Sem 7)', 'CSE-704', 4);
INSERT INTO subjects (id, course_id, name, code, credits) VALUES (29, 1, 'Cloud Computing (Sem 8)', 'CSE-801', 3);
INSERT INTO subjects (id, course_id, name, code, credits) VALUES (30, 1, 'Information Security (Sem 8)', 'CSE-802', 3);
INSERT INTO subjects (id, course_id, name, code, credits) VALUES (31, 1, 'Distributed Systems (Sem 8)', 'CSE-803', 3);
INSERT INTO subjects (id, course_id, name, code, credits) VALUES (32, 1, 'Object Oriented Design (Sem 8)', 'CSE-804', 3);
INSERT INTO subjects (id, course_id, name, code, credits) VALUES (33, 2, 'Basic Electronics (Sem 1)', 'ECE-101', 4);
INSERT INTO subjects (id, course_id, name, code, credits) VALUES (34, 2, 'Digital Electronics (Sem 1)', 'ECE-102', 3);
INSERT INTO subjects (id, course_id, name, code, credits) VALUES (35, 2, 'Network Analysis (Sem 1)', 'ECE-103', 4);
INSERT INTO subjects (id, course_id, name, code, credits) VALUES (36, 2, 'Signals & Systems (Sem 1)', 'ECE-104', 3);
INSERT INTO subjects (id, course_id, name, code, credits) VALUES (37, 2, 'Microprocessors (Sem 2)', 'ECE-201', 3);
INSERT INTO subjects (id, course_id, name, code, credits) VALUES (38, 2, 'Analog Communications (Sem 2)', 'ECE-202', 3);
INSERT INTO subjects (id, course_id, name, code, credits) VALUES (39, 2, 'Digital Communications (Sem 2)', 'ECE-203', 3);
INSERT INTO subjects (id, course_id, name, code, credits) VALUES (40, 2, 'Electromagnetics (Sem 2)', 'ECE-204', 3);
INSERT INTO subjects (id, course_id, name, code, credits) VALUES (41, 2, 'VLSI Design (Sem 3)', 'ECE-301', 4);
INSERT INTO subjects (id, course_id, name, code, credits) VALUES (42, 2, 'Control Systems (Sem 3)', 'ECE-302', 3);
INSERT INTO subjects (id, course_id, name, code, credits) VALUES (43, 2, 'Embedded Systems (Sem 3)', 'ECE-303', 3);
INSERT INTO subjects (id, course_id, name, code, credits) VALUES (44, 2, 'Antenna Theory (Sem 3)', 'ECE-304', 3);
INSERT INTO subjects (id, course_id, name, code, credits) VALUES (45, 2, 'Optical Fiber Comm (Sem 4)', 'ECE-401', 4);
INSERT INTO subjects (id, course_id, name, code, credits) VALUES (46, 2, 'Satellite Comm (Sem 4)', 'ECE-402', 4);
INSERT INTO subjects (id, course_id, name, code, credits) VALUES (47, 2, 'Radar Engineering (Sem 4)', 'ECE-403', 4);
INSERT INTO subjects (id, course_id, name, code, credits) VALUES (48, 2, 'Signal Processing (Sem 4)', 'ECE-404', 4);
INSERT INTO subjects (id, course_id, name, code, credits) VALUES (49, 2, 'Basic Electronics (Sem 5)', 'ECE-501', 4);
INSERT INTO subjects (id, course_id, name, code, credits) VALUES (50, 2, 'Digital Electronics (Sem 5)', 'ECE-502', 3);
INSERT INTO subjects (id, course_id, name, code, credits) VALUES (51, 2, 'Network Analysis (Sem 5)', 'ECE-503', 3);
INSERT INTO subjects (id, course_id, name, code, credits) VALUES (52, 2, 'Signals & Systems (Sem 5)', 'ECE-504', 4);
INSERT INTO subjects (id, course_id, name, code, credits) VALUES (53, 2, 'Microprocessors (Sem 6)', 'ECE-601', 4);
INSERT INTO subjects (id, course_id, name, code, credits) VALUES (54, 2, 'Analog Communications (Sem 6)', 'ECE-602', 4);
INSERT INTO subjects (id, course_id, name, code, credits) VALUES (55, 2, 'Digital Communications (Sem 6)', 'ECE-603', 4);
INSERT INTO subjects (id, course_id, name, code, credits) VALUES (56, 2, 'Electromagnetics (Sem 6)', 'ECE-604', 4);
INSERT INTO subjects (id, course_id, name, code, credits) VALUES (57, 2, 'VLSI Design (Sem 7)', 'ECE-701', 4);
INSERT INTO subjects (id, course_id, name, code, credits) VALUES (58, 2, 'Control Systems (Sem 7)', 'ECE-702', 4);
INSERT INTO subjects (id, course_id, name, code, credits) VALUES (59, 2, 'Embedded Systems (Sem 7)', 'ECE-703', 4);
INSERT INTO subjects (id, course_id, name, code, credits) VALUES (60, 2, 'Antenna Theory (Sem 7)', 'ECE-704', 3);
INSERT INTO subjects (id, course_id, name, code, credits) VALUES (61, 2, 'Optical Fiber Comm (Sem 8)', 'ECE-801', 4);
INSERT INTO subjects (id, course_id, name, code, credits) VALUES (62, 2, 'Satellite Comm (Sem 8)', 'ECE-802', 4);
INSERT INTO subjects (id, course_id, name, code, credits) VALUES (63, 2, 'Radar Engineering (Sem 8)', 'ECE-803', 4);
INSERT INTO subjects (id, course_id, name, code, credits) VALUES (64, 2, 'Signal Processing (Sem 8)', 'ECE-804', 4);
INSERT INTO subjects (id, course_id, name, code, credits) VALUES (65, 3, 'Engineering Mechanics (Sem 1)', 'MEC-101', 4);
INSERT INTO subjects (id, course_id, name, code, credits) VALUES (66, 3, 'Thermodynamics (Sem 1)', 'MEC-102', 4);
INSERT INTO subjects (id, course_id, name, code, credits) VALUES (67, 3, 'Material Science (Sem 1)', 'MEC-103', 4);
INSERT INTO subjects (id, course_id, name, code, credits) VALUES (68, 3, 'Fluid Mechanics (Sem 1)', 'MEC-104', 4);
INSERT INTO subjects (id, course_id, name, code, credits) VALUES (69, 3, 'Strength of Materials (Sem 2)', 'MEC-201', 4);
INSERT INTO subjects (id, course_id, name, code, credits) VALUES (70, 3, 'Kinematics (Sem 2)', 'MEC-202', 4);
INSERT INTO subjects (id, course_id, name, code, credits) VALUES (71, 3, 'Manufacturing Tech (Sem 2)', 'MEC-203', 4);
INSERT INTO subjects (id, course_id, name, code, credits) VALUES (72, 3, 'Machine Design (Sem 2)', 'MEC-204', 4);
INSERT INTO subjects (id, course_id, name, code, credits) VALUES (73, 3, 'Heat Transfer (Sem 3)', 'MEC-301', 3);
INSERT INTO subjects (id, course_id, name, code, credits) VALUES (74, 3, 'IC Engines (Sem 3)', 'MEC-302', 3);
INSERT INTO subjects (id, course_id, name, code, credits) VALUES (75, 3, 'Mechatronics (Sem 3)', 'MEC-303', 3);
INSERT INTO subjects (id, course_id, name, code, credits) VALUES (76, 3, 'CAD/CAM (Sem 3)', 'MEC-304', 3);
INSERT INTO subjects (id, course_id, name, code, credits) VALUES (77, 3, 'Automobile Engineering (Sem 4)', 'MEC-401', 3);
INSERT INTO subjects (id, course_id, name, code, credits) VALUES (78, 3, 'Power Plant Eng (Sem 4)', 'MEC-402', 4);
INSERT INTO subjects (id, course_id, name, code, credits) VALUES (79, 3, 'Robotics (Sem 4)', 'MEC-403', 4);
INSERT INTO subjects (id, course_id, name, code, credits) VALUES (80, 3, 'Industrial Safety (Sem 4)', 'MEC-404', 3);
INSERT INTO subjects (id, course_id, name, code, credits) VALUES (81, 3, 'Engineering Mechanics (Sem 5)', 'MEC-501', 3);
INSERT INTO subjects (id, course_id, name, code, credits) VALUES (82, 3, 'Thermodynamics (Sem 5)', 'MEC-502', 3);
INSERT INTO subjects (id, course_id, name, code, credits) VALUES (83, 3, 'Material Science (Sem 5)', 'MEC-503', 4);
INSERT INTO subjects (id, course_id, name, code, credits) VALUES (84, 3, 'Fluid Mechanics (Sem 5)', 'MEC-504', 4);
INSERT INTO subjects (id, course_id, name, code, credits) VALUES (85, 3, 'Strength of Materials (Sem 6)', 'MEC-601', 3);
INSERT INTO subjects (id, course_id, name, code, credits) VALUES (86, 3, 'Kinematics (Sem 6)', 'MEC-602', 4);
INSERT INTO subjects (id, course_id, name, code, credits) VALUES (87, 3, 'Manufacturing Tech (Sem 6)', 'MEC-603', 3);
INSERT INTO subjects (id, course_id, name, code, credits) VALUES (88, 3, 'Machine Design (Sem 6)', 'MEC-604', 3);
INSERT INTO subjects (id, course_id, name, code, credits) VALUES (89, 3, 'Heat Transfer (Sem 7)', 'MEC-701', 3);
INSERT INTO subjects (id, course_id, name, code, credits) VALUES (90, 3, 'IC Engines (Sem 7)', 'MEC-702', 4);
INSERT INTO subjects (id, course_id, name, code, credits) VALUES (91, 3, 'Mechatronics (Sem 7)', 'MEC-703', 4);
INSERT INTO subjects (id, course_id, name, code, credits) VALUES (92, 3, 'CAD/CAM (Sem 7)', 'MEC-704', 4);
INSERT INTO subjects (id, course_id, name, code, credits) VALUES (93, 3, 'Automobile Engineering (Sem 8)', 'MEC-801', 4);
INSERT INTO subjects (id, course_id, name, code, credits) VALUES (94, 3, 'Power Plant Eng (Sem 8)', 'MEC-802', 3);
INSERT INTO subjects (id, course_id, name, code, credits) VALUES (95, 3, 'Robotics (Sem 8)', 'MEC-803', 3);
INSERT INTO subjects (id, course_id, name, code, credits) VALUES (96, 3, 'Industrial Safety (Sem 8)', 'MEC-804', 3);
INSERT INTO subjects (id, course_id, name, code, credits) VALUES (97, 4, 'Surveying (Sem 1)', 'CIV-101', 3);
INSERT INTO subjects (id, course_id, name, code, credits) VALUES (98, 4, 'Building Materials (Sem 1)', 'CIV-102', 4);
INSERT INTO subjects (id, course_id, name, code, credits) VALUES (99, 4, 'Structural Analysis (Sem 1)', 'CIV-103', 3);
INSERT INTO subjects (id, course_id, name, code, credits) VALUES (100, 4, 'Fluid Mechanics Civ (Sem 1)', 'CIV-104', 4);
INSERT INTO subjects (id, course_id, name, code, credits) VALUES (101, 4, 'Concrete Technology (Sem 2)', 'CIV-201', 4);
INSERT INTO subjects (id, course_id, name, code, credits) VALUES (102, 4, 'Transportation Eng (Sem 2)', 'CIV-202', 3);
INSERT INTO subjects (id, course_id, name, code, credits) VALUES (103, 4, 'Soil Mechanics (Sem 2)', 'CIV-203', 4);
INSERT INTO subjects (id, course_id, name, code, credits) VALUES (104, 4, 'Environmental Eng (Sem 2)', 'CIV-204', 4);
INSERT INTO subjects (id, course_id, name, code, credits) VALUES (105, 4, 'Hydrology (Sem 3)', 'CIV-301', 4);
INSERT INTO subjects (id, course_id, name, code, credits) VALUES (106, 4, 'Steel Design (Sem 3)', 'CIV-302', 4);
INSERT INTO subjects (id, course_id, name, code, credits) VALUES (107, 4, 'Foundation Eng (Sem 3)', 'CIV-303', 4);
INSERT INTO subjects (id, course_id, name, code, credits) VALUES (108, 4, 'Irrigation Eng (Sem 3)', 'CIV-304', 3);
INSERT INTO subjects (id, course_id, name, code, credits) VALUES (109, 4, 'Construction Mgmt (Sem 4)', 'CIV-401', 3);
INSERT INTO subjects (id, course_id, name, code, credits) VALUES (110, 4, 'Bridge Engineering (Sem 4)', 'CIV-402', 3);
INSERT INTO subjects (id, course_id, name, code, credits) VALUES (111, 4, 'Town Planning (Sem 4)', 'CIV-403', 3);
INSERT INTO subjects (id, course_id, name, code, credits) VALUES (112, 4, 'GIS & Remote Sensing (Sem 4)', 'CIV-404', 3);
INSERT INTO subjects (id, course_id, name, code, credits) VALUES (113, 4, 'Surveying (Sem 5)', 'CIV-501', 3);
INSERT INTO subjects (id, course_id, name, code, credits) VALUES (114, 4, 'Building Materials (Sem 5)', 'CIV-502', 3);
INSERT INTO subjects (id, course_id, name, code, credits) VALUES (115, 4, 'Structural Analysis (Sem 5)', 'CIV-503', 3);
INSERT INTO subjects (id, course_id, name, code, credits) VALUES (116, 4, 'Fluid Mechanics Civ (Sem 5)', 'CIV-504', 3);
INSERT INTO subjects (id, course_id, name, code, credits) VALUES (117, 4, 'Concrete Technology (Sem 6)', 'CIV-601', 3);
INSERT INTO subjects (id, course_id, name, code, credits) VALUES (118, 4, 'Transportation Eng (Sem 6)', 'CIV-602', 4);
INSERT INTO subjects (id, course_id, name, code, credits) VALUES (119, 4, 'Soil Mechanics (Sem 6)', 'CIV-603', 3);
INSERT INTO subjects (id, course_id, name, code, credits) VALUES (120, 4, 'Environmental Eng (Sem 6)', 'CIV-604', 4);
INSERT INTO subjects (id, course_id, name, code, credits) VALUES (121, 4, 'Hydrology (Sem 7)', 'CIV-701', 3);
INSERT INTO subjects (id, course_id, name, code, credits) VALUES (122, 4, 'Steel Design (Sem 7)', 'CIV-702', 4);
INSERT INTO subjects (id, course_id, name, code, credits) VALUES (123, 4, 'Foundation Eng (Sem 7)', 'CIV-703', 3);
INSERT INTO subjects (id, course_id, name, code, credits) VALUES (124, 4, 'Irrigation Eng (Sem 7)', 'CIV-704', 3);
INSERT INTO subjects (id, course_id, name, code, credits) VALUES (125, 4, 'Construction Mgmt (Sem 8)', 'CIV-801', 3);
INSERT INTO subjects (id, course_id, name, code, credits) VALUES (126, 4, 'Bridge Engineering (Sem 8)', 'CIV-802', 3);
INSERT INTO subjects (id, course_id, name, code, credits) VALUES (127, 4, 'Town Planning (Sem 8)', 'CIV-803', 3);
INSERT INTO subjects (id, course_id, name, code, credits) VALUES (128, 4, 'GIS & Remote Sensing (Sem 8)', 'CIV-804', 3);
INSERT INTO subjects (id, course_id, name, code, credits) VALUES (129, 5, 'Principles of Management (Sem 1)', 'BBA-101', 4);
INSERT INTO subjects (id, course_id, name, code, credits) VALUES (130, 5, 'Financial Accounting (Sem 1)', 'BBA-102', 4);
INSERT INTO subjects (id, course_id, name, code, credits) VALUES (131, 5, 'Microeconomics (Sem 1)', 'BBA-103', 4);
INSERT INTO subjects (id, course_id, name, code, credits) VALUES (132, 5, 'Business Communication (Sem 1)', 'BBA-104', 3);
INSERT INTO subjects (id, course_id, name, code, credits) VALUES (133, 5, 'Organizational Behavior (Sem 2)', 'BBA-201', 4);
INSERT INTO subjects (id, course_id, name, code, credits) VALUES (134, 5, 'Macroeconomics (Sem 2)', 'BBA-202', 4);
INSERT INTO subjects (id, course_id, name, code, credits) VALUES (135, 5, 'Marketing Management (Sem 2)', 'BBA-203', 4);
INSERT INTO subjects (id, course_id, name, code, credits) VALUES (136, 5, 'Human Resource Mgmt (Sem 2)', 'BBA-204', 3);
INSERT INTO subjects (id, course_id, name, code, credits) VALUES (137, 5, 'Business Statistics (Sem 3)', 'BBA-301', 4);
INSERT INTO subjects (id, course_id, name, code, credits) VALUES (138, 5, 'Financial Management (Sem 3)', 'BBA-302', 3);
INSERT INTO subjects (id, course_id, name, code, credits) VALUES (139, 5, 'Consumer Behavior (Sem 3)', 'BBA-303', 3);
INSERT INTO subjects (id, course_id, name, code, credits) VALUES (140, 5, 'Business Law (Sem 3)', 'BBA-304', 3);
INSERT INTO subjects (id, course_id, name, code, credits) VALUES (141, 5, 'Strategic Management (Sem 4)', 'BBA-401', 4);
INSERT INTO subjects (id, course_id, name, code, credits) VALUES (142, 5, 'Operations Research (Sem 4)', 'BBA-402', 4);
INSERT INTO subjects (id, course_id, name, code, credits) VALUES (143, 5, 'International Business (Sem 4)', 'BBA-403', 4);
INSERT INTO subjects (id, course_id, name, code, credits) VALUES (144, 5, 'Entrepreneurship (Sem 4)', 'BBA-404', 4);
INSERT INTO subjects (id, course_id, name, code, credits) VALUES (145, 5, 'Principles of Management (Sem 5)', 'BBA-501', 4);
INSERT INTO subjects (id, course_id, name, code, credits) VALUES (146, 5, 'Financial Accounting (Sem 5)', 'BBA-502', 4);
INSERT INTO subjects (id, course_id, name, code, credits) VALUES (147, 5, 'Microeconomics (Sem 5)', 'BBA-503', 3);
INSERT INTO subjects (id, course_id, name, code, credits) VALUES (148, 5, 'Business Communication (Sem 5)', 'BBA-504', 4);
INSERT INTO subjects (id, course_id, name, code, credits) VALUES (149, 5, 'Organizational Behavior (Sem 6)', 'BBA-601', 3);
INSERT INTO subjects (id, course_id, name, code, credits) VALUES (150, 5, 'Macroeconomics (Sem 6)', 'BBA-602', 4);
INSERT INTO subjects (id, course_id, name, code, credits) VALUES (151, 5, 'Marketing Management (Sem 6)', 'BBA-603', 3);
INSERT INTO subjects (id, course_id, name, code, credits) VALUES (152, 5, 'Human Resource Mgmt (Sem 6)', 'BBA-604', 3);
INSERT INTO subjects (id, course_id, name, code, credits) VALUES (153, 5, 'Business Statistics (Sem 7)', 'BBA-701', 3);
INSERT INTO subjects (id, course_id, name, code, credits) VALUES (154, 5, 'Financial Management (Sem 7)', 'BBA-702', 4);
INSERT INTO subjects (id, course_id, name, code, credits) VALUES (155, 5, 'Consumer Behavior (Sem 7)', 'BBA-703', 3);
INSERT INTO subjects (id, course_id, name, code, credits) VALUES (156, 5, 'Business Law (Sem 7)', 'BBA-704', 4);
INSERT INTO subjects (id, course_id, name, code, credits) VALUES (157, 5, 'Strategic Management (Sem 8)', 'BBA-801', 3);
INSERT INTO subjects (id, course_id, name, code, credits) VALUES (158, 5, 'Operations Research (Sem 8)', 'BBA-802', 3);
INSERT INTO subjects (id, course_id, name, code, credits) VALUES (159, 5, 'International Business (Sem 8)', 'BBA-803', 4);
INSERT INTO subjects (id, course_id, name, code, credits) VALUES (160, 5, 'Entrepreneurship (Sem 8)', 'BBA-804', 4);
INSERT INTO users (id, role_id, username, email, password_hash, is_active) VALUES (1, 1, 'admin', 'admin@pathshala.edu', '$2b$12$FP11c2/fmLMV2PV.qIeYfun30kqb1dt4OwC/q8/z4uj4MP2XaG0bK', 1);
INSERT INTO users (id, role_id, username, email, password_hash, is_active) VALUES (2, 5, 'principal', 'principal@pathshala.edu.in', '$2b$12$BR8HtRwrYF4TW5lAOZuE4eQbUvk3HqZ.iJO9XpiE.f.KEZPv.cEqS', 1);
INSERT INTO faculty_profiles (id, user_id, employee_id, first_name, last_name, designation, dept_id, specialization, batch, personal_email, pathshala_email, alternative_phone, father_name, father_occupation, mother_name, mother_occupation, permanent_address, current_address, blood_group) VALUES (1, 2, 'PRIN001', 'Dr. Devendra', 'Prasad', 'Principal', NULL, 'Academic Admin', '2020', 'dprasad.personal@gmail.com', 'principal@pathshala.edu.in', '9876543210', 'Ram Prasad', 'Retired HOD', 'Sita Devi', 'Homemaker', '12, Gandhi Nagar, Patna, Bihar', 'Campus Principal Bungalow, Pathshala Campus', 'B+');
INSERT INTO users (id, role_id, username, email, password_hash, is_active) VALUES (3, 6, 'librarian', 'librarian@pathshala.edu.in', '$2b$12$BR8HtRwrYF4TW5lAOZuE4eQbUvk3HqZ.iJO9XpiE.f.KEZPv.cEqS', 1);
INSERT INTO faculty_profiles (id, user_id, employee_id, first_name, last_name, designation, dept_id, specialization, batch, personal_email, pathshala_email, alternative_phone, father_name, father_occupation, mother_name, mother_occupation, permanent_address, current_address, blood_group) VALUES (2, 3, 'LIB001', 'Mrs. Anita', 'Sharma', 'Librarian', NULL, 'Library Sciences', '2021', 'anita.lib.personal@gmail.com', 'librarian@pathshala.edu.in', '9898989898', 'Krishan Kumar', 'Teacher', 'Radha Devi', 'Homemaker', '45, Civil Lines, Jaipur, Rajasthan', 'Staff Quarter Q3, Pathshala Campus', 'O+');
INSERT INTO users (id, role_id, username, email, password_hash, is_active) VALUES (4, 2, 'hod.cse', 'hod.cse@pathshala.edu.in', '$2b$12$BR8HtRwrYF4TW5lAOZuE4eQbUvk3HqZ.iJO9XpiE.f.KEZPv.cEqS', 1);
INSERT INTO faculty_profiles (id, user_id, employee_id, first_name, last_name, designation, dept_id, specialization, batch, personal_email, pathshala_email, alternative_phone, father_name, father_occupation, mother_name, mother_occupation, permanent_address, current_address, blood_group) VALUES (3, 4, 'EMP2001', 'Rajesh', 'Sharma', 'HOD', 1, 'Advanced Research', '2019', 'hod.cse.personal@gmail.com', 'hod.cse@pathshala.edu.in', '9123456781', 'Father HOD 1', 'Retired', 'Mother HOD 1', 'Homemaker', 'Address HOD 1', 'Staff Quarter H1, Pathshala Campus', 'AB+');
INSERT INTO users (id, role_id, username, email, password_hash, is_active) VALUES (5, 2, 'hod.ece', 'hod.ece@pathshala.edu.in', '$2b$12$BR8HtRwrYF4TW5lAOZuE4eQbUvk3HqZ.iJO9XpiE.f.KEZPv.cEqS', 1);
INSERT INTO faculty_profiles (id, user_id, employee_id, first_name, last_name, designation, dept_id, specialization, batch, personal_email, pathshala_email, alternative_phone, father_name, father_occupation, mother_name, mother_occupation, permanent_address, current_address, blood_group) VALUES (4, 5, 'EMP2002', 'Sanjay', 'Gupta', 'HOD', 2, 'Advanced Research', '2019', 'hod.ece.personal@gmail.com', 'hod.ece@pathshala.edu.in', '9123456782', 'Father HOD 2', 'Retired', 'Mother HOD 2', 'Homemaker', 'Address HOD 2', 'Staff Quarter H2, Pathshala Campus', 'AB+');
INSERT INTO users (id, role_id, username, email, password_hash, is_active) VALUES (6, 2, 'hod.mec', 'hod.mec@pathshala.edu.in', '$2b$12$BR8HtRwrYF4TW5lAOZuE4eQbUvk3HqZ.iJO9XpiE.f.KEZPv.cEqS', 1);
INSERT INTO faculty_profiles (id, user_id, employee_id, first_name, last_name, designation, dept_id, specialization, batch, personal_email, pathshala_email, alternative_phone, father_name, father_occupation, mother_name, mother_occupation, permanent_address, current_address, blood_group) VALUES (5, 6, 'EMP2003', 'Amit', 'Patel', 'HOD', 3, 'Advanced Research', '2019', 'hod.mec.personal@gmail.com', 'hod.mec@pathshala.edu.in', '9123456783', 'Father HOD 3', 'Retired', 'Mother HOD 3', 'Homemaker', 'Address HOD 3', 'Staff Quarter H3, Pathshala Campus', 'AB+');
INSERT INTO users (id, role_id, username, email, password_hash, is_active) VALUES (7, 2, 'hod.civ', 'hod.civ@pathshala.edu.in', '$2b$12$BR8HtRwrYF4TW5lAOZuE4eQbUvk3HqZ.iJO9XpiE.f.KEZPv.cEqS', 1);
INSERT INTO faculty_profiles (id, user_id, employee_id, first_name, last_name, designation, dept_id, specialization, batch, personal_email, pathshala_email, alternative_phone, father_name, father_occupation, mother_name, mother_occupation, permanent_address, current_address, blood_group) VALUES (6, 7, 'EMP2004', 'Vikram', 'Singh', 'HOD', 4, 'Advanced Research', '2019', 'hod.civ.personal@gmail.com', 'hod.civ@pathshala.edu.in', '9123456784', 'Father HOD 4', 'Retired', 'Mother HOD 4', 'Homemaker', 'Address HOD 4', 'Staff Quarter H4, Pathshala Campus', 'AB+');
INSERT INTO users (id, role_id, username, email, password_hash, is_active) VALUES (8, 2, 'hod.bba', 'hod.bba@pathshala.edu.in', '$2b$12$BR8HtRwrYF4TW5lAOZuE4eQbUvk3HqZ.iJO9XpiE.f.KEZPv.cEqS', 1);
INSERT INTO faculty_profiles (id, user_id, employee_id, first_name, last_name, designation, dept_id, specialization, batch, personal_email, pathshala_email, alternative_phone, father_name, father_occupation, mother_name, mother_occupation, permanent_address, current_address, blood_group) VALUES (7, 8, 'EMP2005', 'Suresh', 'Rao', 'HOD', 5, 'Advanced Research', '2019', 'hod.bba.personal@gmail.com', 'hod.bba@pathshala.edu.in', '9123456785', 'Father HOD 5', 'Retired', 'Mother HOD 5', 'Homemaker', 'Address HOD 5', 'Staff Quarter H5, Pathshala Campus', 'AB+');
INSERT INTO users (id, role_id, username, email, password_hash, is_active) VALUES (9, 7, 'cc.cse', 'cc.cse@pathshala.edu.in', '$2b$12$BR8HtRwrYF4TW5lAOZuE4eQbUvk3HqZ.iJO9XpiE.f.KEZPv.cEqS', 1);
INSERT INTO faculty_profiles (id, user_id, employee_id, first_name, last_name, designation, dept_id, specialization, batch, personal_email, pathshala_email, alternative_phone, father_name, father_occupation, mother_name, mother_occupation, permanent_address, current_address, blood_group, section, course_id, current_semester) VALUES (8, 9, 'EMP3001', 'Alok', 'Verma', 'Class Counsellor', 1, 'Student Counselling', '2020', 'cc.cse.personal@gmail.com', 'cc.cse@pathshala.edu.in', '9234567891', 'Father CC 1', 'Business', 'Mother CC 1', 'Teacher', 'Address CC 1', 'Staff Quarter C1, Pathshala Campus', 'A+', 'A', 1, 3);
INSERT INTO users (id, role_id, username, email, password_hash, is_active) VALUES (10, 7, 'cc.ece', 'cc.ece@pathshala.edu.in', '$2b$12$BR8HtRwrYF4TW5lAOZuE4eQbUvk3HqZ.iJO9XpiE.f.KEZPv.cEqS', 1);
INSERT INTO faculty_profiles (id, user_id, employee_id, first_name, last_name, designation, dept_id, specialization, batch, personal_email, pathshala_email, alternative_phone, father_name, father_occupation, mother_name, mother_occupation, permanent_address, current_address, blood_group, section, course_id, current_semester) VALUES (9, 10, 'EMP3002', 'Manoj', 'Mishra', 'Class Counsellor', 2, 'Student Counselling', '2020', 'cc.ece.personal@gmail.com', 'cc.ece@pathshala.edu.in', '9234567892', 'Father CC 2', 'Business', 'Mother CC 2', 'Teacher', 'Address CC 2', 'Staff Quarter C2, Pathshala Campus', 'A+', 'A', 2, 3);
INSERT INTO users (id, role_id, username, email, password_hash, is_active) VALUES (11, 7, 'cc.mec', 'cc.mec@pathshala.edu.in', '$2b$12$BR8HtRwrYF4TW5lAOZuE4eQbUvk3HqZ.iJO9XpiE.f.KEZPv.cEqS', 1);
INSERT INTO faculty_profiles (id, user_id, employee_id, first_name, last_name, designation, dept_id, specialization, batch, personal_email, pathshala_email, alternative_phone, father_name, father_occupation, mother_name, mother_occupation, permanent_address, current_address, blood_group, section, course_id, current_semester) VALUES (10, 11, 'EMP3003', 'Deepak', 'Shah', 'Class Counsellor', 3, 'Student Counselling', '2020', 'cc.mec.personal@gmail.com', 'cc.mec@pathshala.edu.in', '9234567893', 'Father CC 3', 'Business', 'Mother CC 3', 'Teacher', 'Address CC 3', 'Staff Quarter C3, Pathshala Campus', 'A+', 'A', 3, 3);
INSERT INTO users (id, role_id, username, email, password_hash, is_active) VALUES (12, 7, 'cc.civ', 'cc.civ@pathshala.edu.in', '$2b$12$BR8HtRwrYF4TW5lAOZuE4eQbUvk3HqZ.iJO9XpiE.f.KEZPv.cEqS', 1);
INSERT INTO faculty_profiles (id, user_id, employee_id, first_name, last_name, designation, dept_id, specialization, batch, personal_email, pathshala_email, alternative_phone, father_name, father_occupation, mother_name, mother_occupation, permanent_address, current_address, blood_group, section, course_id, current_semester) VALUES (11, 12, 'EMP3004', 'Sunil', 'Das', 'Class Counsellor', 4, 'Student Counselling', '2020', 'cc.civ.personal@gmail.com', 'cc.civ@pathshala.edu.in', '9234567894', 'Father CC 4', 'Business', 'Mother CC 4', 'Teacher', 'Address CC 4', 'Staff Quarter C4, Pathshala Campus', 'A+', 'A', 4, 3);
INSERT INTO users (id, role_id, username, email, password_hash, is_active) VALUES (13, 7, 'cc.bba', 'cc.bba@pathshala.edu.in', '$2b$12$BR8HtRwrYF4TW5lAOZuE4eQbUvk3HqZ.iJO9XpiE.f.KEZPv.cEqS', 1);
INSERT INTO faculty_profiles (id, user_id, employee_id, first_name, last_name, designation, dept_id, specialization, batch, personal_email, pathshala_email, alternative_phone, father_name, father_occupation, mother_name, mother_occupation, permanent_address, current_address, blood_group, section, course_id, current_semester) VALUES (12, 13, 'EMP3005', 'Karan', 'Joshi', 'Class Counsellor', 5, 'Student Counselling', '2020', 'cc.bba.personal@gmail.com', 'cc.bba@pathshala.edu.in', '9234567895', 'Father CC 5', 'Business', 'Mother CC 5', 'Teacher', 'Address CC 5', 'Staff Quarter C5, Pathshala Campus', 'A+', 'A', 5, 3);
INSERT INTO users (id, role_id, username, email, password_hash, is_active) VALUES (14, 3, 'faculty1', 'faculty1@pathshala.edu.in', '$2b$12$BR8HtRwrYF4TW5lAOZuE4eQbUvk3HqZ.iJO9XpiE.f.KEZPv.cEqS', 1);
INSERT INTO faculty_profiles (id, user_id, employee_id, first_name, last_name, designation, dept_id, specialization, batch, personal_email, pathshala_email, alternative_phone, father_name, father_occupation, mother_name, mother_occupation, permanent_address, current_address, blood_group) VALUES (13, 14, 'EMP1011', 'ProfName1', 'User', 'Assistant Professor', 1, 'VLSI', '2022', 'faculty1.personal@gmail.com', 'faculty1@pathshala.edu.in', '955555511', 'Father Fac 1', 'Service', 'Mother Fac 1', 'Homemaker', 'Permanent Address Faculty 1', 'Staff Quarter F1, Pathshala Campus', 'A+');
INSERT INTO users (id, role_id, username, email, password_hash, is_active) VALUES (15, 3, 'faculty2', 'faculty2@pathshala.edu.in', '$2b$12$BR8HtRwrYF4TW5lAOZuE4eQbUvk3HqZ.iJO9XpiE.f.KEZPv.cEqS', 1);
INSERT INTO faculty_profiles (id, user_id, employee_id, first_name, last_name, designation, dept_id, specialization, batch, personal_email, pathshala_email, alternative_phone, father_name, father_occupation, mother_name, mother_occupation, permanent_address, current_address, blood_group) VALUES (14, 15, 'EMP1012', 'ProfName2', 'User', 'Professor', 2, 'Machine Design', '2022', 'faculty2.personal@gmail.com', 'faculty2@pathshala.edu.in', '955555512', 'Father Fac 2', 'Service', 'Mother Fac 2', 'Homemaker', 'Permanent Address Faculty 2', 'Staff Quarter F2, Pathshala Campus', 'A+');
INSERT INTO users (id, role_id, username, email, password_hash, is_active) VALUES (16, 3, 'faculty3', 'faculty3@pathshala.edu.in', '$2b$12$BR8HtRwrYF4TW5lAOZuE4eQbUvk3HqZ.iJO9XpiE.f.KEZPv.cEqS', 1);
INSERT INTO faculty_profiles (id, user_id, employee_id, first_name, last_name, designation, dept_id, specialization, batch, personal_email, pathshala_email, alternative_phone, father_name, father_occupation, mother_name, mother_occupation, permanent_address, current_address, blood_group) VALUES (15, 16, 'EMP1013', 'ProfName3', 'User', 'Assistant Professor', 3, 'Transportation', '2022', 'faculty3.personal@gmail.com', 'faculty3@pathshala.edu.in', '955555513', 'Father Fac 3', 'Service', 'Mother Fac 3', 'Homemaker', 'Permanent Address Faculty 3', 'Staff Quarter F3, Pathshala Campus', 'A+');
INSERT INTO users (id, role_id, username, email, password_hash, is_active) VALUES (17, 3, 'faculty4', 'faculty4@pathshala.edu.in', '$2b$12$BR8HtRwrYF4TW5lAOZuE4eQbUvk3HqZ.iJO9XpiE.f.KEZPv.cEqS', 1);
INSERT INTO faculty_profiles (id, user_id, employee_id, first_name, last_name, designation, dept_id, specialization, batch, personal_email, pathshala_email, alternative_phone, father_name, father_occupation, mother_name, mother_occupation, permanent_address, current_address, blood_group) VALUES (16, 17, 'EMP1014', 'ProfName4', 'User', 'Professor', 4, 'Finance', '2022', 'faculty4.personal@gmail.com', 'faculty4@pathshala.edu.in', '955555514', 'Father Fac 4', 'Service', 'Mother Fac 4', 'Homemaker', 'Permanent Address Faculty 4', 'Staff Quarter F4, Pathshala Campus', 'O+');
INSERT INTO users (id, role_id, username, email, password_hash, is_active) VALUES (18, 3, 'faculty5', 'faculty5@pathshala.edu.in', '$2b$12$BR8HtRwrYF4TW5lAOZuE4eQbUvk3HqZ.iJO9XpiE.f.KEZPv.cEqS', 1);
INSERT INTO faculty_profiles (id, user_id, employee_id, first_name, last_name, designation, dept_id, specialization, batch, personal_email, pathshala_email, alternative_phone, father_name, father_occupation, mother_name, mother_occupation, permanent_address, current_address, blood_group) VALUES (17, 18, 'EMP1015', 'ProfName5', 'User', 'Assistant Professor', 5, 'Web Tech', '2022', 'faculty5.personal@gmail.com', 'faculty5@pathshala.edu.in', '955555515', 'Father Fac 5', 'Service', 'Mother Fac 5', 'Homemaker', 'Permanent Address Faculty 5', 'Staff Quarter F5, Pathshala Campus', 'B+');
INSERT INTO users (id, role_id, username, email, password_hash, is_active) VALUES (19, 3, 'faculty6', 'faculty6@pathshala.edu.in', '$2b$12$BR8HtRwrYF4TW5lAOZuE4eQbUvk3HqZ.iJO9XpiE.f.KEZPv.cEqS', 1);
INSERT INTO faculty_profiles (id, user_id, employee_id, first_name, last_name, designation, dept_id, specialization, batch, personal_email, pathshala_email, alternative_phone, father_name, father_occupation, mother_name, mother_occupation, permanent_address, current_address, blood_group) VALUES (18, 19, 'EMP1016', 'ProfName6', 'User', 'Professor', 1, 'Microprocessors', '2022', 'faculty6.personal@gmail.com', 'faculty6@pathshala.edu.in', '955555516', 'Father Fac 6', 'Service', 'Mother Fac 6', 'Homemaker', 'Permanent Address Faculty 6', 'Staff Quarter F6, Pathshala Campus', 'AB+');
INSERT INTO users (id, role_id, username, email, password_hash, is_active) VALUES (20, 3, 'faculty7', 'faculty7@pathshala.edu.in', '$2b$12$BR8HtRwrYF4TW5lAOZuE4eQbUvk3HqZ.iJO9XpiE.f.KEZPv.cEqS', 1);
INSERT INTO faculty_profiles (id, user_id, employee_id, first_name, last_name, designation, dept_id, specialization, batch, personal_email, pathshala_email, alternative_phone, father_name, father_occupation, mother_name, mother_occupation, permanent_address, current_address, blood_group) VALUES (19, 20, 'EMP1017', 'ProfName7', 'User', 'Associate Professor', 2, 'Thermal Eng', '2022', 'faculty7.personal@gmail.com', 'faculty7@pathshala.edu.in', '955555517', 'Father Fac 7', 'Service', 'Mother Fac 7', 'Homemaker', 'Permanent Address Faculty 7', 'Staff Quarter F7, Pathshala Campus', 'A+');
INSERT INTO users (id, role_id, username, email, password_hash, is_active) VALUES (21, 3, 'faculty8', 'faculty8@pathshala.edu.in', '$2b$12$BR8HtRwrYF4TW5lAOZuE4eQbUvk3HqZ.iJO9XpiE.f.KEZPv.cEqS', 1);
INSERT INTO faculty_profiles (id, user_id, employee_id, first_name, last_name, designation, dept_id, specialization, batch, personal_email, pathshala_email, alternative_phone, father_name, father_occupation, mother_name, mother_occupation, permanent_address, current_address, blood_group) VALUES (20, 21, 'EMP1018', 'ProfName8', 'User', 'Professor', 3, 'Structural Design', '2022', 'faculty8.personal@gmail.com', 'faculty8@pathshala.edu.in', '955555518', 'Father Fac 8', 'Service', 'Mother Fac 8', 'Homemaker', 'Permanent Address Faculty 8', 'Staff Quarter F8, Pathshala Campus', 'B+');
INSERT INTO users (id, role_id, username, email, password_hash, is_active) VALUES (22, 3, 'faculty9', 'faculty9@pathshala.edu.in', '$2b$12$BR8HtRwrYF4TW5lAOZuE4eQbUvk3HqZ.iJO9XpiE.f.KEZPv.cEqS', 1);
INSERT INTO faculty_profiles (id, user_id, employee_id, first_name, last_name, designation, dept_id, specialization, batch, personal_email, pathshala_email, alternative_phone, father_name, father_occupation, mother_name, mother_occupation, permanent_address, current_address, blood_group) VALUES (21, 22, 'EMP1019', 'ProfName9', 'User', 'Assistant Professor', 4, 'HR Management', '2022', 'faculty9.personal@gmail.com', 'faculty9@pathshala.edu.in', '955555519', 'Father Fac 9', 'Service', 'Mother Fac 9', 'Homemaker', 'Permanent Address Faculty 9', 'Staff Quarter F9, Pathshala Campus', 'AB+');
INSERT INTO users (id, role_id, username, email, password_hash, is_active) VALUES (23, 3, 'faculty10', 'faculty10@pathshala.edu.in', '$2b$12$BR8HtRwrYF4TW5lAOZuE4eQbUvk3HqZ.iJO9XpiE.f.KEZPv.cEqS', 1);
INSERT INTO faculty_profiles (id, user_id, employee_id, first_name, last_name, designation, dept_id, specialization, batch, personal_email, pathshala_email, alternative_phone, father_name, father_occupation, mother_name, mother_occupation, permanent_address, current_address, blood_group) VALUES (22, 23, 'EMP1020', 'ProfName10', 'User', 'Professor', 5, 'Algorithms', '2022', 'faculty10.personal@gmail.com', 'faculty10@pathshala.edu.in', '955555520', 'Father Fac 10', 'Service', 'Mother Fac 10', 'Homemaker', 'Permanent Address Faculty 10', 'Staff Quarter F10, Pathshala Campus', 'B+');
INSERT INTO users (id, role_id, username, email, password_hash, is_active) VALUES (24, 3, 'faculty11', 'faculty11@pathshala.edu.in', '$2b$12$BR8HtRwrYF4TW5lAOZuE4eQbUvk3HqZ.iJO9XpiE.f.KEZPv.cEqS', 1);
INSERT INTO faculty_profiles (id, user_id, employee_id, first_name, last_name, designation, dept_id, specialization, batch, personal_email, pathshala_email, alternative_phone, father_name, father_occupation, mother_name, mother_occupation, permanent_address, current_address, blood_group) VALUES (23, 24, 'EMP1021', 'ProfName11', 'User', 'Assistant Professor', 1, 'VLSI', '2022', 'faculty11.personal@gmail.com', 'faculty11@pathshala.edu.in', '955555521', 'Father Fac 11', 'Service', 'Mother Fac 11', 'Homemaker', 'Permanent Address Faculty 11', 'Staff Quarter F11, Pathshala Campus', 'B+');
INSERT INTO users (id, role_id, username, email, password_hash, is_active) VALUES (25, 3, 'faculty12', 'faculty12@pathshala.edu.in', '$2b$12$BR8HtRwrYF4TW5lAOZuE4eQbUvk3HqZ.iJO9XpiE.f.KEZPv.cEqS', 1);
INSERT INTO faculty_profiles (id, user_id, employee_id, first_name, last_name, designation, dept_id, specialization, batch, personal_email, pathshala_email, alternative_phone, father_name, father_occupation, mother_name, mother_occupation, permanent_address, current_address, blood_group) VALUES (24, 25, 'EMP1022', 'ProfName12', 'User', 'Assistant Professor', 2, 'Machine Design', '2022', 'faculty12.personal@gmail.com', 'faculty12@pathshala.edu.in', '955555522', 'Father Fac 12', 'Service', 'Mother Fac 12', 'Homemaker', 'Permanent Address Faculty 12', 'Staff Quarter F12, Pathshala Campus', 'O+');
INSERT INTO users (id, role_id, username, email, password_hash, is_active) VALUES (26, 3, 'faculty13', 'faculty13@pathshala.edu.in', '$2b$12$BR8HtRwrYF4TW5lAOZuE4eQbUvk3HqZ.iJO9XpiE.f.KEZPv.cEqS', 1);
INSERT INTO faculty_profiles (id, user_id, employee_id, first_name, last_name, designation, dept_id, specialization, batch, personal_email, pathshala_email, alternative_phone, father_name, father_occupation, mother_name, mother_occupation, permanent_address, current_address, blood_group) VALUES (25, 26, 'EMP1023', 'ProfName13', 'User', 'Professor', 3, 'Transportation', '2022', 'faculty13.personal@gmail.com', 'faculty13@pathshala.edu.in', '955555523', 'Father Fac 13', 'Service', 'Mother Fac 13', 'Homemaker', 'Permanent Address Faculty 13', 'Staff Quarter F13, Pathshala Campus', 'O+');
INSERT INTO users (id, role_id, username, email, password_hash, is_active) VALUES (27, 3, 'faculty14', 'faculty14@pathshala.edu.in', '$2b$12$BR8HtRwrYF4TW5lAOZuE4eQbUvk3HqZ.iJO9XpiE.f.KEZPv.cEqS', 1);
INSERT INTO faculty_profiles (id, user_id, employee_id, first_name, last_name, designation, dept_id, specialization, batch, personal_email, pathshala_email, alternative_phone, father_name, father_occupation, mother_name, mother_occupation, permanent_address, current_address, blood_group) VALUES (26, 27, 'EMP1024', 'ProfName14', 'User', 'Associate Professor', 4, 'Finance', '2022', 'faculty14.personal@gmail.com', 'faculty14@pathshala.edu.in', '955555524', 'Father Fac 14', 'Service', 'Mother Fac 14', 'Homemaker', 'Permanent Address Faculty 14', 'Staff Quarter F14, Pathshala Campus', 'B+');
INSERT INTO users (id, role_id, username, email, password_hash, is_active) VALUES (28, 3, 'faculty15', 'faculty15@pathshala.edu.in', '$2b$12$BR8HtRwrYF4TW5lAOZuE4eQbUvk3HqZ.iJO9XpiE.f.KEZPv.cEqS', 1);
INSERT INTO faculty_profiles (id, user_id, employee_id, first_name, last_name, designation, dept_id, specialization, batch, personal_email, pathshala_email, alternative_phone, father_name, father_occupation, mother_name, mother_occupation, permanent_address, current_address, blood_group) VALUES (27, 28, 'EMP1025', 'ProfName15', 'User', 'Professor', 5, 'Web Tech', '2022', 'faculty15.personal@gmail.com', 'faculty15@pathshala.edu.in', '955555525', 'Father Fac 15', 'Service', 'Mother Fac 15', 'Homemaker', 'Permanent Address Faculty 15', 'Staff Quarter F15, Pathshala Campus', 'AB+');
INSERT INTO users (id, role_id, username, email, password_hash, is_active) VALUES (29, 3, 'faculty16', 'faculty16@pathshala.edu.in', '$2b$12$BR8HtRwrYF4TW5lAOZuE4eQbUvk3HqZ.iJO9XpiE.f.KEZPv.cEqS', 1);
INSERT INTO faculty_profiles (id, user_id, employee_id, first_name, last_name, designation, dept_id, specialization, batch, personal_email, pathshala_email, alternative_phone, father_name, father_occupation, mother_name, mother_occupation, permanent_address, current_address, blood_group) VALUES (28, 29, 'EMP1026', 'ProfName16', 'User', 'Assistant Professor', 1, 'Microprocessors', '2022', 'faculty16.personal@gmail.com', 'faculty16@pathshala.edu.in', '955555526', 'Father Fac 16', 'Service', 'Mother Fac 16', 'Homemaker', 'Permanent Address Faculty 16', 'Staff Quarter F16, Pathshala Campus', 'AB+');
INSERT INTO users (id, role_id, username, email, password_hash, is_active) VALUES (30, 3, 'faculty17', 'faculty17@pathshala.edu.in', '$2b$12$BR8HtRwrYF4TW5lAOZuE4eQbUvk3HqZ.iJO9XpiE.f.KEZPv.cEqS', 1);
INSERT INTO faculty_profiles (id, user_id, employee_id, first_name, last_name, designation, dept_id, specialization, batch, personal_email, pathshala_email, alternative_phone, father_name, father_occupation, mother_name, mother_occupation, permanent_address, current_address, blood_group) VALUES (29, 30, 'EMP1027', 'ProfName17', 'User', 'Professor', 2, 'Thermal Eng', '2022', 'faculty17.personal@gmail.com', 'faculty17@pathshala.edu.in', '955555527', 'Father Fac 17', 'Service', 'Mother Fac 17', 'Homemaker', 'Permanent Address Faculty 17', 'Staff Quarter F17, Pathshala Campus', 'AB+');
INSERT INTO users (id, role_id, username, email, password_hash, is_active) VALUES (31, 3, 'faculty18', 'faculty18@pathshala.edu.in', '$2b$12$BR8HtRwrYF4TW5lAOZuE4eQbUvk3HqZ.iJO9XpiE.f.KEZPv.cEqS', 1);
INSERT INTO faculty_profiles (id, user_id, employee_id, first_name, last_name, designation, dept_id, specialization, batch, personal_email, pathshala_email, alternative_phone, father_name, father_occupation, mother_name, mother_occupation, permanent_address, current_address, blood_group) VALUES (30, 31, 'EMP1028', 'ProfName18', 'User', 'Professor', 3, 'Structural Design', '2022', 'faculty18.personal@gmail.com', 'faculty18@pathshala.edu.in', '955555528', 'Father Fac 18', 'Service', 'Mother Fac 18', 'Homemaker', 'Permanent Address Faculty 18', 'Staff Quarter F18, Pathshala Campus', 'O+');
INSERT INTO users (id, role_id, username, email, password_hash, is_active) VALUES (32, 3, 'faculty19', 'faculty19@pathshala.edu.in', '$2b$12$BR8HtRwrYF4TW5lAOZuE4eQbUvk3HqZ.iJO9XpiE.f.KEZPv.cEqS', 1);
INSERT INTO faculty_profiles (id, user_id, employee_id, first_name, last_name, designation, dept_id, specialization, batch, personal_email, pathshala_email, alternative_phone, father_name, father_occupation, mother_name, mother_occupation, permanent_address, current_address, blood_group) VALUES (31, 32, 'EMP1029', 'ProfName19', 'User', 'Assistant Professor', 4, 'HR Management', '2022', 'faculty19.personal@gmail.com', 'faculty19@pathshala.edu.in', '955555529', 'Father Fac 19', 'Service', 'Mother Fac 19', 'Homemaker', 'Permanent Address Faculty 19', 'Staff Quarter F19, Pathshala Campus', 'O+');
INSERT INTO users (id, role_id, username, email, password_hash, is_active) VALUES (33, 3, 'faculty20', 'faculty20@pathshala.edu.in', '$2b$12$BR8HtRwrYF4TW5lAOZuE4eQbUvk3HqZ.iJO9XpiE.f.KEZPv.cEqS', 1);
INSERT INTO faculty_profiles (id, user_id, employee_id, first_name, last_name, designation, dept_id, specialization, batch, personal_email, pathshala_email, alternative_phone, father_name, father_occupation, mother_name, mother_occupation, permanent_address, current_address, blood_group) VALUES (32, 33, 'EMP1030', 'ProfName20', 'User', 'Professor', 5, 'Algorithms', '2022', 'faculty20.personal@gmail.com', 'faculty20@pathshala.edu.in', '955555530', 'Father Fac 20', 'Service', 'Mother Fac 20', 'Homemaker', 'Permanent Address Faculty 20', 'Staff Quarter F20, Pathshala Campus', 'AB+');
INSERT INTO users (id, role_id, username, email, password_hash, is_active) VALUES (34, 3, 'faculty21', 'faculty21@pathshala.edu.in', '$2b$12$BR8HtRwrYF4TW5lAOZuE4eQbUvk3HqZ.iJO9XpiE.f.KEZPv.cEqS', 1);
INSERT INTO faculty_profiles (id, user_id, employee_id, first_name, last_name, designation, dept_id, specialization, batch, personal_email, pathshala_email, alternative_phone, father_name, father_occupation, mother_name, mother_occupation, permanent_address, current_address, blood_group) VALUES (33, 34, 'EMP1031', 'ProfName21', 'User', 'Associate Professor', 1, 'VLSI', '2022', 'faculty21.personal@gmail.com', 'faculty21@pathshala.edu.in', '955555531', 'Father Fac 21', 'Service', 'Mother Fac 21', 'Homemaker', 'Permanent Address Faculty 21', 'Staff Quarter F21, Pathshala Campus', 'B+');
INSERT INTO users (id, role_id, username, email, password_hash, is_active) VALUES (35, 3, 'faculty22', 'faculty22@pathshala.edu.in', '$2b$12$BR8HtRwrYF4TW5lAOZuE4eQbUvk3HqZ.iJO9XpiE.f.KEZPv.cEqS', 1);
INSERT INTO faculty_profiles (id, user_id, employee_id, first_name, last_name, designation, dept_id, specialization, batch, personal_email, pathshala_email, alternative_phone, father_name, father_occupation, mother_name, mother_occupation, permanent_address, current_address, blood_group) VALUES (34, 35, 'EMP1032', 'ProfName22', 'User', 'Associate Professor', 2, 'Machine Design', '2022', 'faculty22.personal@gmail.com', 'faculty22@pathshala.edu.in', '955555532', 'Father Fac 22', 'Service', 'Mother Fac 22', 'Homemaker', 'Permanent Address Faculty 22', 'Staff Quarter F22, Pathshala Campus', 'AB+');
INSERT INTO users (id, role_id, username, email, password_hash, is_active) VALUES (36, 3, 'faculty23', 'faculty23@pathshala.edu.in', '$2b$12$BR8HtRwrYF4TW5lAOZuE4eQbUvk3HqZ.iJO9XpiE.f.KEZPv.cEqS', 1);
INSERT INTO faculty_profiles (id, user_id, employee_id, first_name, last_name, designation, dept_id, specialization, batch, personal_email, pathshala_email, alternative_phone, father_name, father_occupation, mother_name, mother_occupation, permanent_address, current_address, blood_group) VALUES (35, 36, 'EMP1033', 'ProfName23', 'User', 'Assistant Professor', 3, 'Transportation', '2022', 'faculty23.personal@gmail.com', 'faculty23@pathshala.edu.in', '955555533', 'Father Fac 23', 'Service', 'Mother Fac 23', 'Homemaker', 'Permanent Address Faculty 23', 'Staff Quarter F23, Pathshala Campus', 'AB+');
INSERT INTO users (id, role_id, username, email, password_hash, is_active) VALUES (37, 3, 'faculty24', 'faculty24@pathshala.edu.in', '$2b$12$BR8HtRwrYF4TW5lAOZuE4eQbUvk3HqZ.iJO9XpiE.f.KEZPv.cEqS', 1);
INSERT INTO faculty_profiles (id, user_id, employee_id, first_name, last_name, designation, dept_id, specialization, batch, personal_email, pathshala_email, alternative_phone, father_name, father_occupation, mother_name, mother_occupation, permanent_address, current_address, blood_group) VALUES (36, 37, 'EMP1034', 'ProfName24', 'User', 'Associate Professor', 4, 'Finance', '2022', 'faculty24.personal@gmail.com', 'faculty24@pathshala.edu.in', '955555534', 'Father Fac 24', 'Service', 'Mother Fac 24', 'Homemaker', 'Permanent Address Faculty 24', 'Staff Quarter F24, Pathshala Campus', 'O+');
INSERT INTO users (id, role_id, username, email, password_hash, is_active) VALUES (38, 3, 'faculty25', 'faculty25@pathshala.edu.in', '$2b$12$BR8HtRwrYF4TW5lAOZuE4eQbUvk3HqZ.iJO9XpiE.f.KEZPv.cEqS', 1);
INSERT INTO faculty_profiles (id, user_id, employee_id, first_name, last_name, designation, dept_id, specialization, batch, personal_email, pathshala_email, alternative_phone, father_name, father_occupation, mother_name, mother_occupation, permanent_address, current_address, blood_group) VALUES (37, 38, 'EMP1035', 'ProfName25', 'User', 'Associate Professor', 5, 'Web Tech', '2022', 'faculty25.personal@gmail.com', 'faculty25@pathshala.edu.in', '955555535', 'Father Fac 25', 'Service', 'Mother Fac 25', 'Homemaker', 'Permanent Address Faculty 25', 'Staff Quarter F25, Pathshala Campus', 'O+');
INSERT INTO users (id, role_id, username, email, password_hash, is_active) VALUES (39, 3, 'faculty26', 'faculty26@pathshala.edu.in', '$2b$12$BR8HtRwrYF4TW5lAOZuE4eQbUvk3HqZ.iJO9XpiE.f.KEZPv.cEqS', 1);
INSERT INTO faculty_profiles (id, user_id, employee_id, first_name, last_name, designation, dept_id, specialization, batch, personal_email, pathshala_email, alternative_phone, father_name, father_occupation, mother_name, mother_occupation, permanent_address, current_address, blood_group) VALUES (38, 39, 'EMP1036', 'ProfName26', 'User', 'Professor', 1, 'Microprocessors', '2022', 'faculty26.personal@gmail.com', 'faculty26@pathshala.edu.in', '955555536', 'Father Fac 26', 'Service', 'Mother Fac 26', 'Homemaker', 'Permanent Address Faculty 26', 'Staff Quarter F26, Pathshala Campus', 'O+');
INSERT INTO users (id, role_id, username, email, password_hash, is_active) VALUES (40, 3, 'faculty27', 'faculty27@pathshala.edu.in', '$2b$12$BR8HtRwrYF4TW5lAOZuE4eQbUvk3HqZ.iJO9XpiE.f.KEZPv.cEqS', 1);
INSERT INTO faculty_profiles (id, user_id, employee_id, first_name, last_name, designation, dept_id, specialization, batch, personal_email, pathshala_email, alternative_phone, father_name, father_occupation, mother_name, mother_occupation, permanent_address, current_address, blood_group) VALUES (39, 40, 'EMP1037', 'ProfName27', 'User', 'Associate Professor', 2, 'Thermal Eng', '2022', 'faculty27.personal@gmail.com', 'faculty27@pathshala.edu.in', '955555537', 'Father Fac 27', 'Service', 'Mother Fac 27', 'Homemaker', 'Permanent Address Faculty 27', 'Staff Quarter F27, Pathshala Campus', 'O+');
INSERT INTO users (id, role_id, username, email, password_hash, is_active) VALUES (41, 3, 'faculty28', 'faculty28@pathshala.edu.in', '$2b$12$BR8HtRwrYF4TW5lAOZuE4eQbUvk3HqZ.iJO9XpiE.f.KEZPv.cEqS', 1);
INSERT INTO faculty_profiles (id, user_id, employee_id, first_name, last_name, designation, dept_id, specialization, batch, personal_email, pathshala_email, alternative_phone, father_name, father_occupation, mother_name, mother_occupation, permanent_address, current_address, blood_group) VALUES (40, 41, 'EMP1038', 'ProfName28', 'User', 'Professor', 3, 'Structural Design', '2022', 'faculty28.personal@gmail.com', 'faculty28@pathshala.edu.in', '955555538', 'Father Fac 28', 'Service', 'Mother Fac 28', 'Homemaker', 'Permanent Address Faculty 28', 'Staff Quarter F28, Pathshala Campus', 'O+');
INSERT INTO users (id, role_id, username, email, password_hash, is_active) VALUES (42, 3, 'faculty29', 'faculty29@pathshala.edu.in', '$2b$12$BR8HtRwrYF4TW5lAOZuE4eQbUvk3HqZ.iJO9XpiE.f.KEZPv.cEqS', 1);
INSERT INTO faculty_profiles (id, user_id, employee_id, first_name, last_name, designation, dept_id, specialization, batch, personal_email, pathshala_email, alternative_phone, father_name, father_occupation, mother_name, mother_occupation, permanent_address, current_address, blood_group) VALUES (41, 42, 'EMP1039', 'ProfName29', 'User', 'Professor', 4, 'HR Management', '2022', 'faculty29.personal@gmail.com', 'faculty29@pathshala.edu.in', '955555539', 'Father Fac 29', 'Service', 'Mother Fac 29', 'Homemaker', 'Permanent Address Faculty 29', 'Staff Quarter F29, Pathshala Campus', 'AB+');
INSERT INTO users (id, role_id, username, email, password_hash, is_active) VALUES (43, 3, 'faculty30', 'faculty30@pathshala.edu.in', '$2b$12$BR8HtRwrYF4TW5lAOZuE4eQbUvk3HqZ.iJO9XpiE.f.KEZPv.cEqS', 1);
INSERT INTO faculty_profiles (id, user_id, employee_id, first_name, last_name, designation, dept_id, specialization, batch, personal_email, pathshala_email, alternative_phone, father_name, father_occupation, mother_name, mother_occupation, permanent_address, current_address, blood_group) VALUES (42, 43, 'EMP1040', 'ProfName30', 'User', 'Associate Professor', 5, 'Algorithms', '2022', 'faculty30.personal@gmail.com', 'faculty30@pathshala.edu.in', '955555540', 'Father Fac 30', 'Service', 'Mother Fac 30', 'Homemaker', 'Permanent Address Faculty 30', 'Staff Quarter F30, Pathshala Campus', 'AB+');
INSERT INTO users (id, role_id, username, email, password_hash, is_active) VALUES (44, 3, 'faculty31', 'faculty31@pathshala.edu.in', '$2b$12$BR8HtRwrYF4TW5lAOZuE4eQbUvk3HqZ.iJO9XpiE.f.KEZPv.cEqS', 1);
INSERT INTO faculty_profiles (id, user_id, employee_id, first_name, last_name, designation, dept_id, specialization, batch, personal_email, pathshala_email, alternative_phone, father_name, father_occupation, mother_name, mother_occupation, permanent_address, current_address, blood_group) VALUES (43, 44, 'EMP1041', 'ProfName31', 'User', 'Professor', 1, 'VLSI', '2022', 'faculty31.personal@gmail.com', 'faculty31@pathshala.edu.in', '955555541', 'Father Fac 31', 'Service', 'Mother Fac 31', 'Homemaker', 'Permanent Address Faculty 31', 'Staff Quarter F31, Pathshala Campus', 'AB+');
INSERT INTO users (id, role_id, username, email, password_hash, is_active) VALUES (45, 3, 'faculty32', 'faculty32@pathshala.edu.in', '$2b$12$BR8HtRwrYF4TW5lAOZuE4eQbUvk3HqZ.iJO9XpiE.f.KEZPv.cEqS', 1);
INSERT INTO faculty_profiles (id, user_id, employee_id, first_name, last_name, designation, dept_id, specialization, batch, personal_email, pathshala_email, alternative_phone, father_name, father_occupation, mother_name, mother_occupation, permanent_address, current_address, blood_group) VALUES (44, 45, 'EMP1042', 'ProfName32', 'User', 'Associate Professor', 2, 'Machine Design', '2022', 'faculty32.personal@gmail.com', 'faculty32@pathshala.edu.in', '955555542', 'Father Fac 32', 'Service', 'Mother Fac 32', 'Homemaker', 'Permanent Address Faculty 32', 'Staff Quarter F32, Pathshala Campus', 'A+');
INSERT INTO users (id, role_id, username, email, password_hash, is_active) VALUES (46, 3, 'faculty33', 'faculty33@pathshala.edu.in', '$2b$12$BR8HtRwrYF4TW5lAOZuE4eQbUvk3HqZ.iJO9XpiE.f.KEZPv.cEqS', 1);
INSERT INTO faculty_profiles (id, user_id, employee_id, first_name, last_name, designation, dept_id, specialization, batch, personal_email, pathshala_email, alternative_phone, father_name, father_occupation, mother_name, mother_occupation, permanent_address, current_address, blood_group) VALUES (45, 46, 'EMP1043', 'ProfName33', 'User', 'Associate Professor', 3, 'Transportation', '2022', 'faculty33.personal@gmail.com', 'faculty33@pathshala.edu.in', '955555543', 'Father Fac 33', 'Service', 'Mother Fac 33', 'Homemaker', 'Permanent Address Faculty 33', 'Staff Quarter F33, Pathshala Campus', 'B+');
INSERT INTO users (id, role_id, username, email, password_hash, is_active) VALUES (47, 3, 'faculty34', 'faculty34@pathshala.edu.in', '$2b$12$BR8HtRwrYF4TW5lAOZuE4eQbUvk3HqZ.iJO9XpiE.f.KEZPv.cEqS', 1);
INSERT INTO faculty_profiles (id, user_id, employee_id, first_name, last_name, designation, dept_id, specialization, batch, personal_email, pathshala_email, alternative_phone, father_name, father_occupation, mother_name, mother_occupation, permanent_address, current_address, blood_group) VALUES (46, 47, 'EMP1044', 'ProfName34', 'User', 'Professor', 4, 'Finance', '2022', 'faculty34.personal@gmail.com', 'faculty34@pathshala.edu.in', '955555544', 'Father Fac 34', 'Service', 'Mother Fac 34', 'Homemaker', 'Permanent Address Faculty 34', 'Staff Quarter F34, Pathshala Campus', 'B+');
INSERT INTO users (id, role_id, username, email, password_hash, is_active) VALUES (48, 3, 'faculty35', 'faculty35@pathshala.edu.in', '$2b$12$BR8HtRwrYF4TW5lAOZuE4eQbUvk3HqZ.iJO9XpiE.f.KEZPv.cEqS', 1);
INSERT INTO faculty_profiles (id, user_id, employee_id, first_name, last_name, designation, dept_id, specialization, batch, personal_email, pathshala_email, alternative_phone, father_name, father_occupation, mother_name, mother_occupation, permanent_address, current_address, blood_group) VALUES (47, 48, 'EMP1045', 'ProfName35', 'User', 'Associate Professor', 5, 'Web Tech', '2022', 'faculty35.personal@gmail.com', 'faculty35@pathshala.edu.in', '955555545', 'Father Fac 35', 'Service', 'Mother Fac 35', 'Homemaker', 'Permanent Address Faculty 35', 'Staff Quarter F35, Pathshala Campus', 'O+');
INSERT INTO users (id, role_id, username, email, password_hash, is_active) VALUES (49, 3, 'faculty36', 'faculty36@pathshala.edu.in', '$2b$12$BR8HtRwrYF4TW5lAOZuE4eQbUvk3HqZ.iJO9XpiE.f.KEZPv.cEqS', 1);
INSERT INTO faculty_profiles (id, user_id, employee_id, first_name, last_name, designation, dept_id, specialization, batch, personal_email, pathshala_email, alternative_phone, father_name, father_occupation, mother_name, mother_occupation, permanent_address, current_address, blood_group) VALUES (48, 49, 'EMP1046', 'ProfName36', 'User', 'Professor', 1, 'Microprocessors', '2022', 'faculty36.personal@gmail.com', 'faculty36@pathshala.edu.in', '955555546', 'Father Fac 36', 'Service', 'Mother Fac 36', 'Homemaker', 'Permanent Address Faculty 36', 'Staff Quarter F36, Pathshala Campus', 'A+');
INSERT INTO users (id, role_id, username, email, password_hash, is_active) VALUES (50, 3, 'faculty37', 'faculty37@pathshala.edu.in', '$2b$12$BR8HtRwrYF4TW5lAOZuE4eQbUvk3HqZ.iJO9XpiE.f.KEZPv.cEqS', 1);
INSERT INTO faculty_profiles (id, user_id, employee_id, first_name, last_name, designation, dept_id, specialization, batch, personal_email, pathshala_email, alternative_phone, father_name, father_occupation, mother_name, mother_occupation, permanent_address, current_address, blood_group) VALUES (49, 50, 'EMP1047', 'ProfName37', 'User', 'Professor', 2, 'Thermal Eng', '2022', 'faculty37.personal@gmail.com', 'faculty37@pathshala.edu.in', '955555547', 'Father Fac 37', 'Service', 'Mother Fac 37', 'Homemaker', 'Permanent Address Faculty 37', 'Staff Quarter F37, Pathshala Campus', 'O+');
INSERT INTO users (id, role_id, username, email, password_hash, is_active) VALUES (51, 3, 'faculty38', 'faculty38@pathshala.edu.in', '$2b$12$BR8HtRwrYF4TW5lAOZuE4eQbUvk3HqZ.iJO9XpiE.f.KEZPv.cEqS', 1);
INSERT INTO faculty_profiles (id, user_id, employee_id, first_name, last_name, designation, dept_id, specialization, batch, personal_email, pathshala_email, alternative_phone, father_name, father_occupation, mother_name, mother_occupation, permanent_address, current_address, blood_group) VALUES (50, 51, 'EMP1048', 'ProfName38', 'User', 'Associate Professor', 3, 'Structural Design', '2022', 'faculty38.personal@gmail.com', 'faculty38@pathshala.edu.in', '955555548', 'Father Fac 38', 'Service', 'Mother Fac 38', 'Homemaker', 'Permanent Address Faculty 38', 'Staff Quarter F38, Pathshala Campus', 'B+');
INSERT INTO users (id, role_id, username, email, password_hash, is_active) VALUES (52, 3, 'faculty39', 'faculty39@pathshala.edu.in', '$2b$12$BR8HtRwrYF4TW5lAOZuE4eQbUvk3HqZ.iJO9XpiE.f.KEZPv.cEqS', 1);
INSERT INTO faculty_profiles (id, user_id, employee_id, first_name, last_name, designation, dept_id, specialization, batch, personal_email, pathshala_email, alternative_phone, father_name, father_occupation, mother_name, mother_occupation, permanent_address, current_address, blood_group) VALUES (51, 52, 'EMP1049', 'ProfName39', 'User', 'Professor', 4, 'HR Management', '2022', 'faculty39.personal@gmail.com', 'faculty39@pathshala.edu.in', '955555549', 'Father Fac 39', 'Service', 'Mother Fac 39', 'Homemaker', 'Permanent Address Faculty 39', 'Staff Quarter F39, Pathshala Campus', 'B+');
INSERT INTO users (id, role_id, username, email, password_hash, is_active) VALUES (53, 3, 'faculty40', 'faculty40@pathshala.edu.in', '$2b$12$BR8HtRwrYF4TW5lAOZuE4eQbUvk3HqZ.iJO9XpiE.f.KEZPv.cEqS', 1);
INSERT INTO faculty_profiles (id, user_id, employee_id, first_name, last_name, designation, dept_id, specialization, batch, personal_email, pathshala_email, alternative_phone, father_name, father_occupation, mother_name, mother_occupation, permanent_address, current_address, blood_group) VALUES (52, 53, 'EMP1050', 'ProfName40', 'User', 'Professor', 5, 'Algorithms', '2022', 'faculty40.personal@gmail.com', 'faculty40@pathshala.edu.in', '955555550', 'Father Fac 40', 'Service', 'Mother Fac 40', 'Homemaker', 'Permanent Address Faculty 40', 'Staff Quarter F40, Pathshala Campus', 'AB+');
INSERT INTO users (id, role_id, username, email, password_hash, is_active) VALUES (54, 4, 'student1', '2221001.cse@pathshala.edu.in', '$2b$12$cmgDkq6jIKqKJhfp5NtXte6qOIpuYQVyNo0JGROE.lE83pi2rEZWm', 1);
INSERT INTO student_profiles (id, user_id, roll_no, enrollment_no, first_name, last_name, dob, gender, phone, address, dept_id, course_id, current_semester, batch, personal_email, pathshala_email, alternative_phone, father_name, father_occupation, mother_name, mother_occupation, permanent_address, current_address, blood_group, section) VALUES (1, 54, '2221001', 'ENR-2221001', 'Aaradhya', 'Desai', '2002-12-20', 'Female', '9876500001', 'Pathshala Hostel Block A, Room 250', 1, 1, 1, '2025', 'student1.personal@gmail.com', '2221001.cse@pathshala.edu.in', '9123400001', 'Sanjay Desai', 'Homemaker', 'Sunita Desai', 'Business Owner', 'Salt Lake, Sector V, Kolkata', 'Pathshala Hostel Block A, Room 250', 'A-', 'A');
INSERT INTO users (id, role_id, username, email, password_hash, is_active) VALUES (55, 4, 'student2', '2221002.cse@pathshala.edu.in', '$2b$12$cmgDkq6jIKqKJhfp5NtXte6qOIpuYQVyNo0JGROE.lE83pi2rEZWm', 1);
INSERT INTO student_profiles (id, user_id, roll_no, enrollment_no, first_name, last_name, dob, gender, phone, address, dept_id, course_id, current_semester, batch, personal_email, pathshala_email, alternative_phone, father_name, father_occupation, mother_name, mother_occupation, permanent_address, current_address, blood_group, section) VALUES (2, 55, '2221002', 'ENR-2221002', 'Diya', 'Roy', '2003-01-06', 'Female', '9876500002', 'Pathshala Hostel Block A, Room 496', 1, 1, 1, '2025', 'student2.personal@gmail.com', '2221002.cse@pathshala.edu.in', '9123400002', 'Vijay Roy', 'Government Service', 'Aarti Roy', 'Doctor', 'Civil Lines, Jaipur, Rajasthan', 'Pathshala Hostel Block A, Room 496', 'O+', 'B');
INSERT INTO users (id, role_id, username, email, password_hash, is_active) VALUES (56, 4, 'student3', '2221003.cse@pathshala.edu.in', '$2b$12$cmgDkq6jIKqKJhfp5NtXte6qOIpuYQVyNo0JGROE.lE83pi2rEZWm', 1);
INSERT INTO student_profiles (id, user_id, roll_no, enrollment_no, first_name, last_name, dob, gender, phone, address, dept_id, course_id, current_semester, batch, personal_email, pathshala_email, alternative_phone, father_name, father_occupation, mother_name, mother_occupation, permanent_address, current_address, blood_group, section) VALUES (3, 56, '2221003', 'ENR-2221003', 'Vivaan', 'Roy', '2002-05-08', 'Female', '9876500003', 'Pathshala Hostel Block A, Room 194', 1, 1, 2, '2025', 'student3.personal@gmail.com', '2221003.cse@pathshala.edu.in', '9123400003', 'Deepak Roy', 'Teacher', 'Lata Roy', 'Homemaker', '78, Anna Salai, Chennai, Tamil Nadu', 'Pathshala Hostel Block A, Room 194', 'A+', 'A');
INSERT INTO users (id, role_id, username, email, password_hash, is_active) VALUES (57, 4, 'student4', '2221004.cse@pathshala.edu.in', '$2b$12$cmgDkq6jIKqKJhfp5NtXte6qOIpuYQVyNo0JGROE.lE83pi2rEZWm', 1);
INSERT INTO student_profiles (id, user_id, roll_no, enrollment_no, first_name, last_name, dob, gender, phone, address, dept_id, course_id, current_semester, batch, personal_email, pathshala_email, alternative_phone, father_name, father_occupation, mother_name, mother_occupation, permanent_address, current_address, blood_group, section) VALUES (4, 57, '2221004', 'ENR-2221004', 'Rajesh', 'Patel', '2002-06-20', 'Female', '9876500004', 'Pathshala Hostel Block B, Room 292', 1, 1, 2, '2025', 'student4.personal@gmail.com', '2221004.cse@pathshala.edu.in', '9123400004', 'Harish Patel', 'Government Service', 'Kiran Patel', 'Business Owner', 'Mall Road, Shimla, Himachal Pradesh', 'Pathshala Hostel Block B, Room 292', 'O+', 'B');
INSERT INTO users (id, role_id, username, email, password_hash, is_active) VALUES (58, 4, 'student5', '2221005.cse@pathshala.edu.in', '$2b$12$cmgDkq6jIKqKJhfp5NtXte6qOIpuYQVyNo0JGROE.lE83pi2rEZWm', 1);
INSERT INTO student_profiles (id, user_id, roll_no, enrollment_no, first_name, last_name, dob, gender, phone, address, dept_id, course_id, current_semester, batch, personal_email, pathshala_email, alternative_phone, father_name, father_occupation, mother_name, mother_occupation, permanent_address, current_address, blood_group, section) VALUES (5, 58, '2221005', 'ENR-2221005', 'Pihu', 'Das', '2003-03-02', 'Female', '9876500005', 'Pathshala Hostel Block A, Room 254', 1, 1, 3, '2024', 'student5.personal@gmail.com', '2221005.cse@pathshala.edu.in', '9123400005', 'Satish Das', 'Engineer', 'Anita Das', 'Clerk', 'Sector 15, Noida, Uttar Pradesh', 'Pathshala Hostel Block A, Room 254', 'B+', 'A');
INSERT INTO users (id, role_id, username, email, password_hash, is_active) VALUES (59, 4, 'student6', '2221006.cse@pathshala.edu.in', '$2b$12$cmgDkq6jIKqKJhfp5NtXte6qOIpuYQVyNo0JGROE.lE83pi2rEZWm', 1);
INSERT INTO student_profiles (id, user_id, roll_no, enrollment_no, first_name, last_name, dob, gender, phone, address, dept_id, course_id, current_semester, batch, personal_email, pathshala_email, alternative_phone, father_name, father_occupation, mother_name, mother_occupation, permanent_address, current_address, blood_group, section) VALUES (6, 59, '2221006', 'ENR-2221006', 'Jyoti', 'Bhat', '2003-01-18', 'Female', '9876500006', 'Pathshala Hostel Block C, Room 305', 1, 1, 3, '2024', 'student6.personal@gmail.com', '2221006.cse@pathshala.edu.in', '9123400006', 'Satish Bhat', 'Clerk', 'Seema Bhat', 'Consultant', 'Sector 15, Noida, Uttar Pradesh', 'Pathshala Hostel Block C, Room 305', 'AB+', 'B');
INSERT INTO users (id, role_id, username, email, password_hash, is_active) VALUES (60, 4, 'student7', '2221007.cse@pathshala.edu.in', '$2b$12$cmgDkq6jIKqKJhfp5NtXte6qOIpuYQVyNo0JGROE.lE83pi2rEZWm', 1);
INSERT INTO student_profiles (id, user_id, roll_no, enrollment_no, first_name, last_name, dob, gender, phone, address, dept_id, course_id, current_semester, batch, personal_email, pathshala_email, alternative_phone, father_name, father_occupation, mother_name, mother_occupation, permanent_address, current_address, blood_group, section) VALUES (7, 60, '2221007', 'ENR-2221007', 'Ishita', 'Nair', '2004-04-17', 'Female', '9876500007', 'Pathshala Hostel Block C, Room 452', 1, 1, 4, '2024', 'student7.personal@gmail.com', '2221007.cse@pathshala.edu.in', '9123400007', 'Pradeep Nair', 'Teacher', 'Sunita Nair', 'Consultant', '45, Park Street, Kolkata, West Bengal', 'Pathshala Hostel Block C, Room 452', 'AB-', 'A');
INSERT INTO users (id, role_id, username, email, password_hash, is_active) VALUES (61, 4, 'student8', '2221008.cse@pathshala.edu.in', '$2b$12$cmgDkq6jIKqKJhfp5NtXte6qOIpuYQVyNo0JGROE.lE83pi2rEZWm', 1);
INSERT INTO student_profiles (id, user_id, roll_no, enrollment_no, first_name, last_name, dob, gender, phone, address, dept_id, course_id, current_semester, batch, personal_email, pathshala_email, alternative_phone, father_name, father_occupation, mother_name, mother_occupation, permanent_address, current_address, blood_group, section) VALUES (8, 61, '2221008', 'ENR-2221008', 'Arjun', 'Kumar', '2002-03-05', 'Female', '9876500008', 'Pathshala Hostel Block B, Room 278', 1, 1, 4, '2024', 'student8.personal@gmail.com', '2221008.cse@pathshala.edu.in', '9123400008', 'Vijay Kumar', 'Retired', 'Lata Kumar', 'Consultant', 'Kadam Kuan, Patna, Bihar', 'Pathshala Hostel Block B, Room 278', 'A+', 'B');
INSERT INTO users (id, role_id, username, email, password_hash, is_active) VALUES (62, 4, 'student9', '2221009.cse@pathshala.edu.in', '$2b$12$cmgDkq6jIKqKJhfp5NtXte6qOIpuYQVyNo0JGROE.lE83pi2rEZWm', 1);
INSERT INTO student_profiles (id, user_id, roll_no, enrollment_no, first_name, last_name, dob, gender, phone, address, dept_id, course_id, current_semester, batch, personal_email, pathshala_email, alternative_phone, father_name, father_occupation, mother_name, mother_occupation, permanent_address, current_address, blood_group, section) VALUES (9, 62, '2221009', 'ENR-2221009', 'Rohan', 'Sen', '2002-05-13', 'Male', '9876500009', 'Pathshala Hostel Block C, Room 447', 1, 1, 5, '2023', 'student9.personal@gmail.com', '2221009.cse@pathshala.edu.in', '9123400009', 'Mahesh Sen', 'Manager', 'Geeta Sen', 'Private Service', '78, Anna Salai, Chennai, Tamil Nadu', 'Pathshala Hostel Block C, Room 447', 'B-', 'A');
INSERT INTO users (id, role_id, username, email, password_hash, is_active) VALUES (63, 4, 'student10', '2221010.cse@pathshala.edu.in', '$2b$12$cmgDkq6jIKqKJhfp5NtXte6qOIpuYQVyNo0JGROE.lE83pi2rEZWm', 1);
INSERT INTO student_profiles (id, user_id, roll_no, enrollment_no, first_name, last_name, dob, gender, phone, address, dept_id, course_id, current_semester, batch, personal_email, pathshala_email, alternative_phone, father_name, father_occupation, mother_name, mother_occupation, permanent_address, current_address, blood_group, section) VALUES (10, 63, '2221010', 'ENR-2221010', 'Simran', 'Iyer', '2003-09-24', 'Male', '9876500010', 'Pathshala Hostel Block D, Room 322', 1, 1, 5, '2023', 'student10.personal@gmail.com', '2221010.cse@pathshala.edu.in', '9123400010', 'Dinesh Iyer', 'Teacher', 'Geeta Iyer', 'Retired', 'Kadam Kuan, Patna, Bihar', 'Pathshala Hostel Block D, Room 322', 'O+', 'B');
INSERT INTO users (id, role_id, username, email, password_hash, is_active) VALUES (64, 4, 'student11', '2221011.cse@pathshala.edu.in', '$2b$12$cmgDkq6jIKqKJhfp5NtXte6qOIpuYQVyNo0JGROE.lE83pi2rEZWm', 1);
INSERT INTO student_profiles (id, user_id, roll_no, enrollment_no, first_name, last_name, dob, gender, phone, address, dept_id, course_id, current_semester, batch, personal_email, pathshala_email, alternative_phone, father_name, father_occupation, mother_name, mother_occupation, permanent_address, current_address, blood_group, section) VALUES (11, 64, '2221011', 'ENR-2221011', 'Atharva', 'Shah', '2004-07-07', 'Female', '9876500011', 'Pathshala Hostel Block A, Room 291', 1, 1, 6, '2023', 'student11.personal@gmail.com', '2221011.cse@pathshala.edu.in', '9123400011', 'Suresh Shah', 'Teacher', 'Kavita Shah', 'Engineer', 'Salt Lake, Sector V, Kolkata', 'Pathshala Hostel Block A, Room 291', 'O+', 'A');
INSERT INTO users (id, role_id, username, email, password_hash, is_active) VALUES (65, 4, 'student12', '2221012.cse@pathshala.edu.in', '$2b$12$cmgDkq6jIKqKJhfp5NtXte6qOIpuYQVyNo0JGROE.lE83pi2rEZWm', 1);
INSERT INTO student_profiles (id, user_id, roll_no, enrollment_no, first_name, last_name, dob, gender, phone, address, dept_id, course_id, current_semester, batch, personal_email, pathshala_email, alternative_phone, father_name, father_occupation, mother_name, mother_occupation, permanent_address, current_address, blood_group, section) VALUES (12, 65, '2221012', 'ENR-2221012', 'Ishan', 'Patil', '2003-10-10', 'Male', '9876500012', 'Pathshala Hostel Block A, Room 327', 1, 1, 6, '2023', 'student12.personal@gmail.com', '2221012.cse@pathshala.edu.in', '9123400012', 'Dinesh Patil', 'Engineer', 'Kavita Patil', 'Homemaker', 'Kadam Kuan, Patna, Bihar', 'Pathshala Hostel Block A, Room 327', 'O+', 'B');
INSERT INTO users (id, role_id, username, email, password_hash, is_active) VALUES (66, 4, 'student13', '2221013.cse@pathshala.edu.in', '$2b$12$cmgDkq6jIKqKJhfp5NtXte6qOIpuYQVyNo0JGROE.lE83pi2rEZWm', 1);
INSERT INTO student_profiles (id, user_id, roll_no, enrollment_no, first_name, last_name, dob, gender, phone, address, dept_id, course_id, current_semester, batch, personal_email, pathshala_email, alternative_phone, father_name, father_occupation, mother_name, mother_occupation, permanent_address, current_address, blood_group, section) VALUES (13, 66, '2221013', 'ENR-2221013', 'Karan', 'Nair', '2004-05-22', 'Female', '9876500013', 'Pathshala Hostel Block C, Room 168', 1, 1, 7, '2022', 'student13.personal@gmail.com', '2221013.cse@pathshala.edu.in', '9123400013', 'Vinod Nair', 'Teacher', 'Asha Nair', 'Doctor', 'Civil Lines, Jaipur, Rajasthan', 'Pathshala Hostel Block C, Room 168', 'O+', 'A');
INSERT INTO users (id, role_id, username, email, password_hash, is_active) VALUES (67, 4, 'student14', '2221014.cse@pathshala.edu.in', '$2b$12$cmgDkq6jIKqKJhfp5NtXte6qOIpuYQVyNo0JGROE.lE83pi2rEZWm', 1);
INSERT INTO student_profiles (id, user_id, roll_no, enrollment_no, first_name, last_name, dob, gender, phone, address, dept_id, course_id, current_semester, batch, personal_email, pathshala_email, alternative_phone, father_name, father_occupation, mother_name, mother_occupation, permanent_address, current_address, blood_group, section) VALUES (14, 67, '2221014', 'ENR-2221014', 'Sneha', 'Joshi', '2004-02-02', 'Female', '9876500014', 'Pathshala Hostel Block A, Room 432', 1, 1, 7, '2022', 'student14.personal@gmail.com', '2221014.cse@pathshala.edu.in', '9123400014', 'Ashok Joshi', 'Clerk', 'Kavita Joshi', 'Business Owner', '12, Marine Drive, Mumbai, Maharashtra', 'Pathshala Hostel Block A, Room 432', 'AB-', 'B');
INSERT INTO users (id, role_id, username, email, password_hash, is_active) VALUES (68, 4, 'student15', '2221015.cse@pathshala.edu.in', '$2b$12$cmgDkq6jIKqKJhfp5NtXte6qOIpuYQVyNo0JGROE.lE83pi2rEZWm', 1);
INSERT INTO student_profiles (id, user_id, roll_no, enrollment_no, first_name, last_name, dob, gender, phone, address, dept_id, course_id, current_semester, batch, personal_email, pathshala_email, alternative_phone, father_name, father_occupation, mother_name, mother_occupation, permanent_address, current_address, blood_group, section) VALUES (15, 68, '2221015', 'ENR-2221015', 'Shaurya', 'Roy', '2003-08-04', 'Male', '9876500015', 'Pathshala Hostel Block D, Room 193', 1, 1, 8, '2022', 'student15.personal@gmail.com', '2221015.cse@pathshala.edu.in', '9123400015', 'Anil Roy', 'Manager', 'Aarti Roy', 'Engineer', '12, Marine Drive, Mumbai, Maharashtra', 'Pathshala Hostel Block D, Room 193', 'A+', 'A');
INSERT INTO users (id, role_id, username, email, password_hash, is_active) VALUES (69, 4, 'student16', '2221016.cse@pathshala.edu.in', '$2b$12$cmgDkq6jIKqKJhfp5NtXte6qOIpuYQVyNo0JGROE.lE83pi2rEZWm', 1);
INSERT INTO student_profiles (id, user_id, roll_no, enrollment_no, first_name, last_name, dob, gender, phone, address, dept_id, course_id, current_semester, batch, personal_email, pathshala_email, alternative_phone, father_name, father_occupation, mother_name, mother_occupation, permanent_address, current_address, blood_group, section) VALUES (16, 69, '2221016', 'ENR-2221016', 'Anil', 'Kapoor', '2002-02-12', 'Male', '9876500016', 'Pathshala Hostel Block D, Room 497', 1, 1, 8, '2022', 'student16.personal@gmail.com', '2221016.cse@pathshala.edu.in', '9123400016', 'Ashok Kapoor', 'Government Service', 'Kavita Kapoor', 'Farmer', 'Civil Lines, Jaipur, Rajasthan', 'Pathshala Hostel Block D, Room 497', 'O-', 'B');
INSERT INTO users (id, role_id, username, email, password_hash, is_active) VALUES (70, 4, 'student17', '2221017.ece@pathshala.edu.in', '$2b$12$cmgDkq6jIKqKJhfp5NtXte6qOIpuYQVyNo0JGROE.lE83pi2rEZWm', 1);
INSERT INTO student_profiles (id, user_id, roll_no, enrollment_no, first_name, last_name, dob, gender, phone, address, dept_id, course_id, current_semester, batch, personal_email, pathshala_email, alternative_phone, father_name, father_occupation, mother_name, mother_occupation, permanent_address, current_address, blood_group, section) VALUES (17, 70, '2221017', 'ENR-2221017', 'Amit', 'Kumar', '2003-03-10', 'Male', '9876500017', 'Pathshala Hostel Block D, Room 299', 2, 2, 1, '2025', 'student17.personal@gmail.com', '2221017.ece@pathshala.edu.in', '9123400017', 'Sanjay Kumar', 'Teacher', 'Asha Kumar', 'Government Service', '123, MG Road, Sector 4, Bangalore, Karnataka', 'Pathshala Hostel Block D, Room 299', 'A-', 'A');
INSERT INTO users (id, role_id, username, email, password_hash, is_active) VALUES (71, 4, 'student18', '2221018.ece@pathshala.edu.in', '$2b$12$cmgDkq6jIKqKJhfp5NtXte6qOIpuYQVyNo0JGROE.lE83pi2rEZWm', 1);
INSERT INTO student_profiles (id, user_id, roll_no, enrollment_no, first_name, last_name, dob, gender, phone, address, dept_id, course_id, current_semester, batch, personal_email, pathshala_email, alternative_phone, father_name, father_occupation, mother_name, mother_occupation, permanent_address, current_address, blood_group, section) VALUES (18, 71, '2221018', 'ENR-2221018', 'Tushar', 'Mishra', '2003-05-09', 'Female', '9876500018', 'Pathshala Hostel Block D, Room 415', 2, 2, 1, '2025', 'student18.personal@gmail.com', '2221018.ece@pathshala.edu.in', '9123400018', 'Mahesh Mishra', 'Engineer', 'Aarti Mishra', 'Clerk', '45, Park Street, Kolkata, West Bengal', 'Pathshala Hostel Block D, Room 415', 'B-', 'B');
INSERT INTO users (id, role_id, username, email, password_hash, is_active) VALUES (72, 4, 'student19', '2221019.ece@pathshala.edu.in', '$2b$12$cmgDkq6jIKqKJhfp5NtXte6qOIpuYQVyNo0JGROE.lE83pi2rEZWm', 1);
INSERT INTO student_profiles (id, user_id, roll_no, enrollment_no, first_name, last_name, dob, gender, phone, address, dept_id, course_id, current_semester, batch, personal_email, pathshala_email, alternative_phone, father_name, father_occupation, mother_name, mother_occupation, permanent_address, current_address, blood_group, section) VALUES (19, 72, '2221019', 'ENR-2221019', 'Sai', 'Nair', '2002-10-29', 'Male', '9876500019', 'Pathshala Hostel Block A, Room 418', 2, 2, 2, '2025', 'student19.personal@gmail.com', '2221019.ece@pathshala.edu.in', '9123400019', 'Alok Nair', 'Homemaker', 'Seema Nair', 'Business Owner', '78, Anna Salai, Chennai, Tamil Nadu', 'Pathshala Hostel Block A, Room 418', 'O-', 'A');
INSERT INTO users (id, role_id, username, email, password_hash, is_active) VALUES (73, 4, 'student20', '2221020.ece@pathshala.edu.in', '$2b$12$cmgDkq6jIKqKJhfp5NtXte6qOIpuYQVyNo0JGROE.lE83pi2rEZWm', 1);
INSERT INTO student_profiles (id, user_id, roll_no, enrollment_no, first_name, last_name, dob, gender, phone, address, dept_id, course_id, current_semester, batch, personal_email, pathshala_email, alternative_phone, father_name, father_occupation, mother_name, mother_occupation, permanent_address, current_address, blood_group, section) VALUES (20, 73, '2221020', 'ENR-2221020', 'Divya', 'Kumar', '2002-11-25', 'Male', '9876500020', 'Pathshala Hostel Block A, Room 410', 2, 2, 2, '2025', 'student20.personal@gmail.com', '2221020.ece@pathshala.edu.in', '9123400020', 'Ramesh Kumar', 'Government Service', 'Anita Kumar', 'Farmer', 'Sector 15, Noida, Uttar Pradesh', 'Pathshala Hostel Block A, Room 410', 'A+', 'B');
INSERT INTO users (id, role_id, username, email, password_hash, is_active) VALUES (74, 4, 'student21', '2221021.ece@pathshala.edu.in', '$2b$12$cmgDkq6jIKqKJhfp5NtXte6qOIpuYQVyNo0JGROE.lE83pi2rEZWm', 1);
INSERT INTO student_profiles (id, user_id, roll_no, enrollment_no, first_name, last_name, dob, gender, phone, address, dept_id, course_id, current_semester, batch, personal_email, pathshala_email, alternative_phone, father_name, father_occupation, mother_name, mother_occupation, permanent_address, current_address, blood_group, section) VALUES (21, 74, '2221021', 'ENR-2221021', 'Aaradhya', 'Kapoor', '2002-01-07', 'Male', '9876500021', 'Pathshala Hostel Block A, Room 447', 2, 2, 3, '2024', 'student21.personal@gmail.com', '2221021.ece@pathshala.edu.in', '9123400021', 'Anil Kapoor', 'Doctor', 'Meena Kapoor', 'Farmer', '123, MG Road, Sector 4, Bangalore, Karnataka', 'Pathshala Hostel Block A, Room 447', 'O+', 'A');
INSERT INTO users (id, role_id, username, email, password_hash, is_active) VALUES (75, 4, 'student22', '2221022.ece@pathshala.edu.in', '$2b$12$cmgDkq6jIKqKJhfp5NtXte6qOIpuYQVyNo0JGROE.lE83pi2rEZWm', 1);
INSERT INTO student_profiles (id, user_id, roll_no, enrollment_no, first_name, last_name, dob, gender, phone, address, dept_id, course_id, current_semester, batch, personal_email, pathshala_email, alternative_phone, father_name, father_occupation, mother_name, mother_occupation, permanent_address, current_address, blood_group, section) VALUES (22, 75, '2221022', 'ENR-2221022', 'Sachin', 'Sharma', '2003-04-23', 'Male', '9876500022', 'Pathshala Hostel Block C, Room 341', 2, 2, 3, '2024', 'student22.personal@gmail.com', '2221022.ece@pathshala.edu.in', '9123400022', 'Vinod Sharma', 'Manager', 'Lata Sharma', 'Homemaker', 'Kadam Kuan, Patna, Bihar', 'Pathshala Hostel Block C, Room 341', 'B-', 'B');
INSERT INTO users (id, role_id, username, email, password_hash, is_active) VALUES (76, 4, 'student23', '2221023.ece@pathshala.edu.in', '$2b$12$cmgDkq6jIKqKJhfp5NtXte6qOIpuYQVyNo0JGROE.lE83pi2rEZWm', 1);
INSERT INTO student_profiles (id, user_id, roll_no, enrollment_no, first_name, last_name, dob, gender, phone, address, dept_id, course_id, current_semester, batch, personal_email, pathshala_email, alternative_phone, father_name, father_occupation, mother_name, mother_occupation, permanent_address, current_address, blood_group, section) VALUES (23, 76, '2221023', 'ENR-2221023', 'Ishita', 'Gupta', '2003-11-13', 'Male', '9876500023', 'Pathshala Hostel Block D, Room 393', 2, 2, 4, '2024', 'student23.personal@gmail.com', '2221023.ece@pathshala.edu.in', '9123400023', 'Harish Gupta', 'Retired', 'Sunita Gupta', 'Teacher', 'Mall Road, Shimla, Himachal Pradesh', 'Pathshala Hostel Block D, Room 393', 'A+', 'A');
INSERT INTO users (id, role_id, username, email, password_hash, is_active) VALUES (77, 4, 'student24', '2221024.ece@pathshala.edu.in', '$2b$12$cmgDkq6jIKqKJhfp5NtXte6qOIpuYQVyNo0JGROE.lE83pi2rEZWm', 1);
INSERT INTO student_profiles (id, user_id, roll_no, enrollment_no, first_name, last_name, dob, gender, phone, address, dept_id, course_id, current_semester, batch, personal_email, pathshala_email, alternative_phone, father_name, father_occupation, mother_name, mother_occupation, permanent_address, current_address, blood_group, section) VALUES (24, 77, '2221024', 'ENR-2221024', 'Aditya', 'Joshi', '2003-09-03', 'Male', '9876500024', 'Pathshala Hostel Block B, Room 340', 2, 2, 4, '2024', 'student24.personal@gmail.com', '2221024.ece@pathshala.edu.in', '9123400024', 'Ashok Joshi', 'Homemaker', 'Shanti Joshi', 'Private Service', 'Kadam Kuan, Patna, Bihar', 'Pathshala Hostel Block B, Room 340', 'A+', 'B');
INSERT INTO users (id, role_id, username, email, password_hash, is_active) VALUES (78, 4, 'student25', '2221025.ece@pathshala.edu.in', '$2b$12$cmgDkq6jIKqKJhfp5NtXte6qOIpuYQVyNo0JGROE.lE83pi2rEZWm', 1);
INSERT INTO student_profiles (id, user_id, roll_no, enrollment_no, first_name, last_name, dob, gender, phone, address, dept_id, course_id, current_semester, batch, personal_email, pathshala_email, alternative_phone, father_name, father_occupation, mother_name, mother_occupation, permanent_address, current_address, blood_group, section) VALUES (25, 78, '2221025', 'ENR-2221025', 'Aditya', 'Banerjee', '2002-07-09', 'Female', '9876500025', 'Pathshala Hostel Block D, Room 106', 2, 2, 5, '2023', 'student25.personal@gmail.com', '2221025.ece@pathshala.edu.in', '9123400025', 'Manoj Banerjee', 'Doctor', 'Sunita Banerjee', 'Government Service', 'Civil Lines, Jaipur, Rajasthan', 'Pathshala Hostel Block D, Room 106', 'O+', 'A');
INSERT INTO users (id, role_id, username, email, password_hash, is_active) VALUES (79, 4, 'student26', '2221026.ece@pathshala.edu.in', '$2b$12$cmgDkq6jIKqKJhfp5NtXte6qOIpuYQVyNo0JGROE.lE83pi2rEZWm', 1);
INSERT INTO student_profiles (id, user_id, roll_no, enrollment_no, first_name, last_name, dob, gender, phone, address, dept_id, course_id, current_semester, batch, personal_email, pathshala_email, alternative_phone, father_name, father_occupation, mother_name, mother_occupation, permanent_address, current_address, blood_group, section) VALUES (26, 79, '2221026', 'ENR-2221026', 'Vihaan', 'Nair', '2003-10-06', 'Female', '9876500026', 'Pathshala Hostel Block A, Room 448', 2, 2, 5, '2023', 'student26.personal@gmail.com', '2221026.ece@pathshala.edu.in', '9123400026', 'Satish Nair', 'Doctor', 'Meena Nair', 'Farmer', '78, Anna Salai, Chennai, Tamil Nadu', 'Pathshala Hostel Block A, Room 448', 'A+', 'B');
INSERT INTO users (id, role_id, username, email, password_hash, is_active) VALUES (80, 4, 'student27', '2221027.ece@pathshala.edu.in', '$2b$12$cmgDkq6jIKqKJhfp5NtXte6qOIpuYQVyNo0JGROE.lE83pi2rEZWm', 1);
INSERT INTO student_profiles (id, user_id, roll_no, enrollment_no, first_name, last_name, dob, gender, phone, address, dept_id, course_id, current_semester, batch, personal_email, pathshala_email, alternative_phone, father_name, father_occupation, mother_name, mother_occupation, permanent_address, current_address, blood_group, section) VALUES (27, 80, '2221027', 'ENR-2221027', 'Aarav', 'Patel', '2003-01-19', 'Female', '9876500027', 'Pathshala Hostel Block D, Room 481', 2, 2, 6, '2023', 'student27.personal@gmail.com', '2221027.ece@pathshala.edu.in', '9123400027', 'Sanjay Patel', 'Consultant', 'Meena Patel', 'Farmer', 'Kadam Kuan, Patna, Bihar', 'Pathshala Hostel Block D, Room 481', 'A-', 'A');
INSERT INTO users (id, role_id, username, email, password_hash, is_active) VALUES (81, 4, 'student28', '2221028.ece@pathshala.edu.in', '$2b$12$cmgDkq6jIKqKJhfp5NtXte6qOIpuYQVyNo0JGROE.lE83pi2rEZWm', 1);
INSERT INTO student_profiles (id, user_id, roll_no, enrollment_no, first_name, last_name, dob, gender, phone, address, dept_id, course_id, current_semester, batch, personal_email, pathshala_email, alternative_phone, father_name, father_occupation, mother_name, mother_occupation, permanent_address, current_address, blood_group, section) VALUES (28, 81, '2221028', 'ENR-2221028', 'Kavita', 'Roy', '2003-10-17', 'Female', '9876500028', 'Pathshala Hostel Block C, Room 305', 2, 2, 6, '2023', 'student28.personal@gmail.com', '2221028.ece@pathshala.edu.in', '9123400028', 'Deepak Roy', 'Homemaker', 'Seema Roy', 'Doctor', '12, Marine Drive, Mumbai, Maharashtra', 'Pathshala Hostel Block C, Room 305', 'O-', 'B');
INSERT INTO users (id, role_id, username, email, password_hash, is_active) VALUES (82, 4, 'student29', '2221029.ece@pathshala.edu.in', '$2b$12$cmgDkq6jIKqKJhfp5NtXte6qOIpuYQVyNo0JGROE.lE83pi2rEZWm', 1);
INSERT INTO student_profiles (id, user_id, roll_no, enrollment_no, first_name, last_name, dob, gender, phone, address, dept_id, course_id, current_semester, batch, personal_email, pathshala_email, alternative_phone, father_name, father_occupation, mother_name, mother_occupation, permanent_address, current_address, blood_group, section) VALUES (29, 82, '2221029', 'ENR-2221029', 'Riya', 'Mehta', '2002-05-24', 'Male', '9876500029', 'Pathshala Hostel Block B, Room 272', 2, 2, 7, '2022', 'student29.personal@gmail.com', '2221029.ece@pathshala.edu.in', '9123400029', 'Manoj Mehta', 'Farmer', 'Pushpa Mehta', 'Clerk', '45, Park Street, Kolkata, West Bengal', 'Pathshala Hostel Block B, Room 272', 'O+', 'A');
INSERT INTO users (id, role_id, username, email, password_hash, is_active) VALUES (83, 4, 'student30', '2221030.ece@pathshala.edu.in', '$2b$12$cmgDkq6jIKqKJhfp5NtXte6qOIpuYQVyNo0JGROE.lE83pi2rEZWm', 1);
INSERT INTO student_profiles (id, user_id, roll_no, enrollment_no, first_name, last_name, dob, gender, phone, address, dept_id, course_id, current_semester, batch, personal_email, pathshala_email, alternative_phone, father_name, father_occupation, mother_name, mother_occupation, permanent_address, current_address, blood_group, section) VALUES (30, 83, '2221030', 'ENR-2221030', 'Ishita', 'Shah', '2003-10-21', 'Male', '9876500030', 'Pathshala Hostel Block A, Room 473', 2, 2, 7, '2022', 'student30.personal@gmail.com', '2221030.ece@pathshala.edu.in', '9123400030', 'Rajesh Shah', 'Farmer', 'Sunita Shah', 'Farmer', 'Sector 15, Noida, Uttar Pradesh', 'Pathshala Hostel Block A, Room 473', 'A-', 'B');
INSERT INTO users (id, role_id, username, email, password_hash, is_active) VALUES (84, 4, 'student31', '2221031.ece@pathshala.edu.in', '$2b$12$cmgDkq6jIKqKJhfp5NtXte6qOIpuYQVyNo0JGROE.lE83pi2rEZWm', 1);
INSERT INTO student_profiles (id, user_id, roll_no, enrollment_no, first_name, last_name, dob, gender, phone, address, dept_id, course_id, current_semester, batch, personal_email, pathshala_email, alternative_phone, father_name, father_occupation, mother_name, mother_occupation, permanent_address, current_address, blood_group, section) VALUES (31, 84, '2221031', 'ENR-2221031', 'Aarav', 'Desai', '2003-11-09', 'Male', '9876500031', 'Pathshala Hostel Block D, Room 201', 2, 2, 8, '2022', 'student31.personal@gmail.com', '2221031.ece@pathshala.edu.in', '9123400031', 'Mahesh Desai', 'Manager', 'Lata Desai', 'Engineer', 'Civil Lines, Jaipur, Rajasthan', 'Pathshala Hostel Block D, Room 201', 'A+', 'A');
INSERT INTO users (id, role_id, username, email, password_hash, is_active) VALUES (85, 4, 'student32', '2221032.ece@pathshala.edu.in', '$2b$12$cmgDkq6jIKqKJhfp5NtXte6qOIpuYQVyNo0JGROE.lE83pi2rEZWm', 1);
INSERT INTO student_profiles (id, user_id, roll_no, enrollment_no, first_name, last_name, dob, gender, phone, address, dept_id, course_id, current_semester, batch, personal_email, pathshala_email, alternative_phone, father_name, father_occupation, mother_name, mother_occupation, permanent_address, current_address, blood_group, section) VALUES (32, 85, '2221032', 'ENR-2221032', 'Akash', 'Desai', '2002-05-26', 'Female', '9876500032', 'Pathshala Hostel Block A, Room 125', 2, 2, 8, '2022', 'student32.personal@gmail.com', '2221032.ece@pathshala.edu.in', '9123400032', 'Deepak Desai', 'Doctor', 'Sunita Desai', 'Government Service', '78, Anna Salai, Chennai, Tamil Nadu', 'Pathshala Hostel Block A, Room 125', 'O+', 'B');
INSERT INTO users (id, role_id, username, email, password_hash, is_active) VALUES (86, 4, 'student33', '2221033.mec@pathshala.edu.in', '$2b$12$cmgDkq6jIKqKJhfp5NtXte6qOIpuYQVyNo0JGROE.lE83pi2rEZWm', 1);
INSERT INTO student_profiles (id, user_id, roll_no, enrollment_no, first_name, last_name, dob, gender, phone, address, dept_id, course_id, current_semester, batch, personal_email, pathshala_email, alternative_phone, father_name, father_occupation, mother_name, mother_occupation, permanent_address, current_address, blood_group, section) VALUES (33, 86, '2221033', 'ENR-2221033', 'Diya', 'Singh', '2002-07-25', 'Female', '9876500033', 'Pathshala Hostel Block C, Room 343', 3, 3, 1, '2025', 'student33.personal@gmail.com', '2221033.mec@pathshala.edu.in', '9123400033', 'Anil Singh', 'Consultant', 'Kiran Singh', 'Homemaker', 'Civil Lines, Jaipur, Rajasthan', 'Pathshala Hostel Block C, Room 343', 'AB-', 'A');
INSERT INTO users (id, role_id, username, email, password_hash, is_active) VALUES (87, 4, 'student34', '2221034.mec@pathshala.edu.in', '$2b$12$cmgDkq6jIKqKJhfp5NtXte6qOIpuYQVyNo0JGROE.lE83pi2rEZWm', 1);
INSERT INTO student_profiles (id, user_id, roll_no, enrollment_no, first_name, last_name, dob, gender, phone, address, dept_id, course_id, current_semester, batch, personal_email, pathshala_email, alternative_phone, father_name, father_occupation, mother_name, mother_occupation, permanent_address, current_address, blood_group, section) VALUES (34, 87, '2221034', 'ENR-2221034', 'Priya', 'Mishra', '2003-10-26', 'Female', '9876500034', 'Pathshala Hostel Block C, Room 277', 3, 3, 1, '2025', 'student34.personal@gmail.com', '2221034.mec@pathshala.edu.in', '9123400034', 'Sanjay Mishra', 'Teacher', 'Kiran Mishra', 'Teacher', '99, Gachibowli, Hyderabad, Telangana', 'Pathshala Hostel Block C, Room 277', 'AB-', 'B');
INSERT INTO users (id, role_id, username, email, password_hash, is_active) VALUES (88, 4, 'student35', '2221035.mec@pathshala.edu.in', '$2b$12$cmgDkq6jIKqKJhfp5NtXte6qOIpuYQVyNo0JGROE.lE83pi2rEZWm', 1);
INSERT INTO student_profiles (id, user_id, roll_no, enrollment_no, first_name, last_name, dob, gender, phone, address, dept_id, course_id, current_semester, batch, personal_email, pathshala_email, alternative_phone, father_name, father_occupation, mother_name, mother_occupation, permanent_address, current_address, blood_group, section) VALUES (35, 88, '2221035', 'ENR-2221035', 'Priyesh', 'Kumar', '2002-08-11', 'Female', '9876500035', 'Pathshala Hostel Block A, Room 195', 3, 3, 2, '2025', 'student35.personal@gmail.com', '2221035.mec@pathshala.edu.in', '9123400035', 'Manoj Kumar', 'Homemaker', 'Shanti Kumar', 'Homemaker', 'Mall Road, Shimla, Himachal Pradesh', 'Pathshala Hostel Block A, Room 195', 'O+', 'A');
INSERT INTO users (id, role_id, username, email, password_hash, is_active) VALUES (89, 4, 'student36', '2221036.mec@pathshala.edu.in', '$2b$12$cmgDkq6jIKqKJhfp5NtXte6qOIpuYQVyNo0JGROE.lE83pi2rEZWm', 1);
INSERT INTO student_profiles (id, user_id, roll_no, enrollment_no, first_name, last_name, dob, gender, phone, address, dept_id, course_id, current_semester, batch, personal_email, pathshala_email, alternative_phone, father_name, father_occupation, mother_name, mother_occupation, permanent_address, current_address, blood_group, section) VALUES (36, 89, '2221036', 'ENR-2221036', 'Reyansh', 'Nair', '2004-05-19', 'Female', '9876500036', 'Pathshala Hostel Block A, Room 370', 3, 3, 2, '2025', 'student36.personal@gmail.com', '2221036.mec@pathshala.edu.in', '9123400036', 'Pradeep Nair', 'Consultant', 'Lata Nair', 'Private Service', 'Salt Lake, Sector V, Kolkata', 'Pathshala Hostel Block A, Room 370', 'O-', 'B');
INSERT INTO users (id, role_id, username, email, password_hash, is_active) VALUES (90, 4, 'student37', '2221037.mec@pathshala.edu.in', '$2b$12$cmgDkq6jIKqKJhfp5NtXte6qOIpuYQVyNo0JGROE.lE83pi2rEZWm', 1);
INSERT INTO student_profiles (id, user_id, roll_no, enrollment_no, first_name, last_name, dob, gender, phone, address, dept_id, course_id, current_semester, batch, personal_email, pathshala_email, alternative_phone, father_name, father_occupation, mother_name, mother_occupation, permanent_address, current_address, blood_group, section) VALUES (37, 90, '2221037', 'ENR-2221037', 'Sneha', 'Iyer', '2002-02-16', 'Female', '9876500037', 'Pathshala Hostel Block B, Room 118', 3, 3, 3, '2024', 'student37.personal@gmail.com', '2221037.mec@pathshala.edu.in', '9123400037', 'Sanjay Iyer', 'Doctor', 'Kavita Iyer', 'Business Owner', '99, Gachibowli, Hyderabad, Telangana', 'Pathshala Hostel Block B, Room 118', 'AB-', 'A');
INSERT INTO users (id, role_id, username, email, password_hash, is_active) VALUES (91, 4, 'student38', '2221038.mec@pathshala.edu.in', '$2b$12$cmgDkq6jIKqKJhfp5NtXte6qOIpuYQVyNo0JGROE.lE83pi2rEZWm', 1);
INSERT INTO student_profiles (id, user_id, roll_no, enrollment_no, first_name, last_name, dob, gender, phone, address, dept_id, course_id, current_semester, batch, personal_email, pathshala_email, alternative_phone, father_name, father_occupation, mother_name, mother_occupation, permanent_address, current_address, blood_group, section) VALUES (38, 91, '2221038', 'ENR-2221038', 'Riya', 'Roy', '2002-10-07', 'Male', '9876500038', 'Pathshala Hostel Block C, Room 116', 3, 3, 3, '2024', 'student38.personal@gmail.com', '2221038.mec@pathshala.edu.in', '9123400038', 'Dinesh Roy', 'Farmer', 'Rekha Roy', 'Consultant', 'Sector 15, Noida, Uttar Pradesh', 'Pathshala Hostel Block C, Room 116', 'AB+', 'B');
INSERT INTO users (id, role_id, username, email, password_hash, is_active) VALUES (92, 4, 'student39', '2221039.mec@pathshala.edu.in', '$2b$12$cmgDkq6jIKqKJhfp5NtXte6qOIpuYQVyNo0JGROE.lE83pi2rEZWm', 1);
INSERT INTO student_profiles (id, user_id, roll_no, enrollment_no, first_name, last_name, dob, gender, phone, address, dept_id, course_id, current_semester, batch, personal_email, pathshala_email, alternative_phone, father_name, father_occupation, mother_name, mother_occupation, permanent_address, current_address, blood_group, section) VALUES (39, 92, '2221039', 'ENR-2221039', 'Simran', 'Rao', '2004-06-15', 'Male', '9876500039', 'Pathshala Hostel Block D, Room 323', 3, 3, 4, '2024', 'student39.personal@gmail.com', '2221039.mec@pathshala.edu.in', '9123400039', 'Sanjay Rao', 'Retired', 'Asha Rao', 'Doctor', '99, Gachibowli, Hyderabad, Telangana', 'Pathshala Hostel Block D, Room 323', 'O-', 'A');
INSERT INTO users (id, role_id, username, email, password_hash, is_active) VALUES (93, 4, 'student40', '2221040.mec@pathshala.edu.in', '$2b$12$cmgDkq6jIKqKJhfp5NtXte6qOIpuYQVyNo0JGROE.lE83pi2rEZWm', 1);
INSERT INTO student_profiles (id, user_id, roll_no, enrollment_no, first_name, last_name, dob, gender, phone, address, dept_id, course_id, current_semester, batch, personal_email, pathshala_email, alternative_phone, father_name, father_occupation, mother_name, mother_occupation, permanent_address, current_address, blood_group, section) VALUES (40, 93, '2221040', 'ENR-2221040', 'Vivaan', 'Singh', '2003-04-27', 'Female', '9876500040', 'Pathshala Hostel Block D, Room 421', 3, 3, 4, '2024', 'student40.personal@gmail.com', '2221040.mec@pathshala.edu.in', '9123400040', 'Suresh Singh', 'Clerk', 'Asha Singh', 'Private Service', 'Mall Road, Shimla, Himachal Pradesh', 'Pathshala Hostel Block D, Room 421', 'B+', 'B');
INSERT INTO users (id, role_id, username, email, password_hash, is_active) VALUES (94, 4, 'student41', '2221041.mec@pathshala.edu.in', '$2b$12$cmgDkq6jIKqKJhfp5NtXte6qOIpuYQVyNo0JGROE.lE83pi2rEZWm', 1);
INSERT INTO student_profiles (id, user_id, roll_no, enrollment_no, first_name, last_name, dob, gender, phone, address, dept_id, course_id, current_semester, batch, personal_email, pathshala_email, alternative_phone, father_name, father_occupation, mother_name, mother_occupation, permanent_address, current_address, blood_group, section) VALUES (41, 94, '2221041', 'ENR-2221041', 'Aarav', 'Desai', '2003-05-06', 'Female', '9876500041', 'Pathshala Hostel Block A, Room 393', 3, 3, 5, '2023', 'student41.personal@gmail.com', '2221041.mec@pathshala.edu.in', '9123400041', 'Manoj Desai', 'Doctor', 'Geeta Desai', 'Manager', 'Sector 15, Noida, Uttar Pradesh', 'Pathshala Hostel Block A, Room 393', 'AB-', 'A');
INSERT INTO users (id, role_id, username, email, password_hash, is_active) VALUES (95, 4, 'student42', '2221042.mec@pathshala.edu.in', '$2b$12$cmgDkq6jIKqKJhfp5NtXte6qOIpuYQVyNo0JGROE.lE83pi2rEZWm', 1);
INSERT INTO student_profiles (id, user_id, roll_no, enrollment_no, first_name, last_name, dob, gender, phone, address, dept_id, course_id, current_semester, batch, personal_email, pathshala_email, alternative_phone, father_name, father_occupation, mother_name, mother_occupation, permanent_address, current_address, blood_group, section) VALUES (42, 95, '2221042', 'ENR-2221042', 'Vihaan', 'Bose', '2004-03-15', 'Male', '9876500042', 'Pathshala Hostel Block A, Room 375', 3, 3, 5, '2023', 'student42.personal@gmail.com', '2221042.mec@pathshala.edu.in', '9123400042', 'Ashok Bose', 'Homemaker', 'Meena Bose', 'Farmer', '123, MG Road, Sector 4, Bangalore, Karnataka', 'Pathshala Hostel Block A, Room 375', 'O-', 'B');
INSERT INTO users (id, role_id, username, email, password_hash, is_active) VALUES (96, 4, 'student43', '2221043.mec@pathshala.edu.in', '$2b$12$cmgDkq6jIKqKJhfp5NtXte6qOIpuYQVyNo0JGROE.lE83pi2rEZWm', 1);
INSERT INTO student_profiles (id, user_id, roll_no, enrollment_no, first_name, last_name, dob, gender, phone, address, dept_id, course_id, current_semester, batch, personal_email, pathshala_email, alternative_phone, father_name, father_occupation, mother_name, mother_occupation, permanent_address, current_address, blood_group, section) VALUES (43, 96, '2221043', 'ENR-2221043', 'Sachin', 'Sharma', '2002-02-26', 'Male', '9876500043', 'Pathshala Hostel Block C, Room 452', 3, 3, 6, '2023', 'student43.personal@gmail.com', '2221043.mec@pathshala.edu.in', '9123400043', 'Ramesh Sharma', 'Clerk', 'Sunita Sharma', 'Government Service', '45, Park Street, Kolkata, West Bengal', 'Pathshala Hostel Block C, Room 452', 'O+', 'A');
INSERT INTO users (id, role_id, username, email, password_hash, is_active) VALUES (97, 4, 'student44', '2221044.mec@pathshala.edu.in', '$2b$12$cmgDkq6jIKqKJhfp5NtXte6qOIpuYQVyNo0JGROE.lE83pi2rEZWm', 1);
INSERT INTO student_profiles (id, user_id, roll_no, enrollment_no, first_name, last_name, dob, gender, phone, address, dept_id, course_id, current_semester, batch, personal_email, pathshala_email, alternative_phone, father_name, father_occupation, mother_name, mother_occupation, permanent_address, current_address, blood_group, section) VALUES (44, 97, '2221044', 'ENR-2221044', 'Simran', 'Bhat', '2002-11-15', 'Male', '9876500044', 'Pathshala Hostel Block B, Room 172', 3, 3, 6, '2023', 'student44.personal@gmail.com', '2221044.mec@pathshala.edu.in', '9123400044', 'Suresh Bhat', 'Consultant', 'Pushpa Bhat', 'Doctor', 'Mall Road, Shimla, Himachal Pradesh', 'Pathshala Hostel Block B, Room 172', 'B+', 'B');
INSERT INTO users (id, role_id, username, email, password_hash, is_active) VALUES (98, 4, 'student45', '2221045.mec@pathshala.edu.in', '$2b$12$cmgDkq6jIKqKJhfp5NtXte6qOIpuYQVyNo0JGROE.lE83pi2rEZWm', 1);
INSERT INTO student_profiles (id, user_id, roll_no, enrollment_no, first_name, last_name, dob, gender, phone, address, dept_id, course_id, current_semester, batch, personal_email, pathshala_email, alternative_phone, father_name, father_occupation, mother_name, mother_occupation, permanent_address, current_address, blood_group, section) VALUES (45, 98, '2221045', 'ENR-2221045', 'Ananya', 'Das', '2004-08-03', 'Female', '9876500045', 'Pathshala Hostel Block B, Room 414', 3, 3, 7, '2022', 'student45.personal@gmail.com', '2221045.mec@pathshala.edu.in', '9123400045', 'Ramesh Das', 'Consultant', 'Aarti Das', 'Retired', 'Salt Lake, Sector V, Kolkata', 'Pathshala Hostel Block B, Room 414', 'AB+', 'A');
INSERT INTO users (id, role_id, username, email, password_hash, is_active) VALUES (99, 4, 'student46', '2221046.mec@pathshala.edu.in', '$2b$12$cmgDkq6jIKqKJhfp5NtXte6qOIpuYQVyNo0JGROE.lE83pi2rEZWm', 1);
INSERT INTO student_profiles (id, user_id, roll_no, enrollment_no, first_name, last_name, dob, gender, phone, address, dept_id, course_id, current_semester, batch, personal_email, pathshala_email, alternative_phone, father_name, father_occupation, mother_name, mother_occupation, permanent_address, current_address, blood_group, section) VALUES (46, 99, '2221046', 'ENR-2221046', 'Advika', 'Singh', '2003-12-14', 'Male', '9876500046', 'Pathshala Hostel Block C, Room 252', 3, 3, 7, '2022', 'student46.personal@gmail.com', '2221046.mec@pathshala.edu.in', '9123400046', 'Ramesh Singh', 'Consultant', 'Pooja Singh', 'Teacher', 'Mall Road, Shimla, Himachal Pradesh', 'Pathshala Hostel Block C, Room 252', 'B+', 'B');
INSERT INTO users (id, role_id, username, email, password_hash, is_active) VALUES (100, 4, 'student47', '2221047.mec@pathshala.edu.in', '$2b$12$cmgDkq6jIKqKJhfp5NtXte6qOIpuYQVyNo0JGROE.lE83pi2rEZWm', 1);
INSERT INTO student_profiles (id, user_id, roll_no, enrollment_no, first_name, last_name, dob, gender, phone, address, dept_id, course_id, current_semester, batch, personal_email, pathshala_email, alternative_phone, father_name, father_occupation, mother_name, mother_occupation, permanent_address, current_address, blood_group, section) VALUES (47, 100, '2221047', 'ENR-2221047', 'Amit', 'Pillai', '2003-08-11', 'Male', '9876500047', 'Pathshala Hostel Block D, Room 413', 3, 3, 8, '2022', 'student47.personal@gmail.com', '2221047.mec@pathshala.edu.in', '9123400047', 'Satish Pillai', 'Homemaker', 'Sunita Pillai', 'Business Owner', 'Salt Lake, Sector V, Kolkata', 'Pathshala Hostel Block D, Room 413', 'AB-', 'A');
INSERT INTO users (id, role_id, username, email, password_hash, is_active) VALUES (101, 4, 'student48', '2221048.mec@pathshala.edu.in', '$2b$12$cmgDkq6jIKqKJhfp5NtXte6qOIpuYQVyNo0JGROE.lE83pi2rEZWm', 1);
INSERT INTO student_profiles (id, user_id, roll_no, enrollment_no, first_name, last_name, dob, gender, phone, address, dept_id, course_id, current_semester, batch, personal_email, pathshala_email, alternative_phone, father_name, father_occupation, mother_name, mother_occupation, permanent_address, current_address, blood_group, section) VALUES (48, 101, '2221048', 'ENR-2221048', 'Myra', 'Mishra', '2003-08-21', 'Female', '9876500048', 'Pathshala Hostel Block D, Room 134', 3, 3, 8, '2022', 'student48.personal@gmail.com', '2221048.mec@pathshala.edu.in', '9123400048', 'Dinesh Mishra', 'Government Service', 'Sunita Mishra', 'Farmer', 'Salt Lake, Sector V, Kolkata', 'Pathshala Hostel Block D, Room 134', 'O+', 'B');
INSERT INTO users (id, role_id, username, email, password_hash, is_active) VALUES (102, 4, 'student49', '2221049.civ@pathshala.edu.in', '$2b$12$cmgDkq6jIKqKJhfp5NtXte6qOIpuYQVyNo0JGROE.lE83pi2rEZWm', 1);
INSERT INTO student_profiles (id, user_id, roll_no, enrollment_no, first_name, last_name, dob, gender, phone, address, dept_id, course_id, current_semester, batch, personal_email, pathshala_email, alternative_phone, father_name, father_occupation, mother_name, mother_occupation, permanent_address, current_address, blood_group, section) VALUES (49, 102, '2221049', 'ENR-2221049', 'Divya', 'Kumar', '2002-09-01', 'Male', '9876500049', 'Pathshala Hostel Block B, Room 391', 4, 4, 1, '2025', 'student49.personal@gmail.com', '2221049.civ@pathshala.edu.in', '9123400049', 'Harish Kumar', 'Teacher', 'Shanti Kumar', 'Retired', '78, Anna Salai, Chennai, Tamil Nadu', 'Pathshala Hostel Block B, Room 391', 'A-', 'A');
INSERT INTO users (id, role_id, username, email, password_hash, is_active) VALUES (103, 4, 'student50', '2221050.civ@pathshala.edu.in', '$2b$12$cmgDkq6jIKqKJhfp5NtXte6qOIpuYQVyNo0JGROE.lE83pi2rEZWm', 1);
INSERT INTO student_profiles (id, user_id, roll_no, enrollment_no, first_name, last_name, dob, gender, phone, address, dept_id, course_id, current_semester, batch, personal_email, pathshala_email, alternative_phone, father_name, father_occupation, mother_name, mother_occupation, permanent_address, current_address, blood_group, section) VALUES (50, 103, '2221050', 'ENR-2221050', 'Divya', 'Patil', '2002-10-06', 'Female', '9876500050', 'Pathshala Hostel Block D, Room 435', 4, 4, 1, '2025', 'student50.personal@gmail.com', '2221050.civ@pathshala.edu.in', '9123400050', 'Suresh Patil', 'Farmer', 'Pushpa Patil', 'Retired', '123, MG Road, Sector 4, Bangalore, Karnataka', 'Pathshala Hostel Block D, Room 435', 'B+', 'B');
INSERT INTO users (id, role_id, username, email, password_hash, is_active) VALUES (104, 4, 'student51', '2221051.civ@pathshala.edu.in', '$2b$12$cmgDkq6jIKqKJhfp5NtXte6qOIpuYQVyNo0JGROE.lE83pi2rEZWm', 1);
INSERT INTO student_profiles (id, user_id, roll_no, enrollment_no, first_name, last_name, dob, gender, phone, address, dept_id, course_id, current_semester, batch, personal_email, pathshala_email, alternative_phone, father_name, father_occupation, mother_name, mother_occupation, permanent_address, current_address, blood_group, section) VALUES (51, 104, '2221051', 'ENR-2221051', 'Akash', 'Mishra', '2003-07-17', 'Male', '9876500051', 'Pathshala Hostel Block D, Room 447', 4, 4, 2, '2025', 'student51.personal@gmail.com', '2221051.civ@pathshala.edu.in', '9123400051', 'Vinod Mishra', 'Consultant', 'Rekha Mishra', 'Manager', 'Sector 15, Noida, Uttar Pradesh', 'Pathshala Hostel Block D, Room 447', 'A-', 'A');
INSERT INTO users (id, role_id, username, email, password_hash, is_active) VALUES (105, 4, 'student52', '2221052.civ@pathshala.edu.in', '$2b$12$cmgDkq6jIKqKJhfp5NtXte6qOIpuYQVyNo0JGROE.lE83pi2rEZWm', 1);
INSERT INTO student_profiles (id, user_id, roll_no, enrollment_no, first_name, last_name, dob, gender, phone, address, dept_id, course_id, current_semester, batch, personal_email, pathshala_email, alternative_phone, father_name, father_occupation, mother_name, mother_occupation, permanent_address, current_address, blood_group, section) VALUES (52, 105, '2221052', 'ENR-2221052', 'Arjun', 'Rao', '2002-04-17', 'Male', '9876500052', 'Pathshala Hostel Block B, Room 401', 4, 4, 2, '2025', 'student52.personal@gmail.com', '2221052.civ@pathshala.edu.in', '9123400052', 'Harish Rao', 'Doctor', 'Lata Rao', 'Consultant', '123, MG Road, Sector 4, Bangalore, Karnataka', 'Pathshala Hostel Block B, Room 401', 'A+', 'B');
INSERT INTO users (id, role_id, username, email, password_hash, is_active) VALUES (106, 4, 'student53', '2221053.civ@pathshala.edu.in', '$2b$12$cmgDkq6jIKqKJhfp5NtXte6qOIpuYQVyNo0JGROE.lE83pi2rEZWm', 1);
INSERT INTO student_profiles (id, user_id, roll_no, enrollment_no, first_name, last_name, dob, gender, phone, address, dept_id, course_id, current_semester, batch, personal_email, pathshala_email, alternative_phone, father_name, father_occupation, mother_name, mother_occupation, permanent_address, current_address, blood_group, section) VALUES (53, 106, '2221053', 'ENR-2221053', 'Pooja', 'Mishra', '2003-11-24', 'Female', '9876500053', 'Pathshala Hostel Block A, Room 140', 4, 4, 3, '2024', 'student53.personal@gmail.com', '2221053.civ@pathshala.edu.in', '9123400053', 'Ramesh Mishra', 'Engineer', 'Seema Mishra', 'Doctor', 'Salt Lake, Sector V, Kolkata', 'Pathshala Hostel Block A, Room 140', 'B+', 'A');
INSERT INTO users (id, role_id, username, email, password_hash, is_active) VALUES (107, 4, 'student54', '2221054.civ@pathshala.edu.in', '$2b$12$cmgDkq6jIKqKJhfp5NtXte6qOIpuYQVyNo0JGROE.lE83pi2rEZWm', 1);
INSERT INTO student_profiles (id, user_id, roll_no, enrollment_no, first_name, last_name, dob, gender, phone, address, dept_id, course_id, current_semester, batch, personal_email, pathshala_email, alternative_phone, father_name, father_occupation, mother_name, mother_occupation, permanent_address, current_address, blood_group, section) VALUES (54, 107, '2221054', 'ENR-2221054', 'Ramesh', 'Banerjee', '2003-05-27', 'Female', '9876500054', 'Pathshala Hostel Block A, Room 212', 4, 4, 3, '2024', 'student54.personal@gmail.com', '2221054.civ@pathshala.edu.in', '9123400054', 'Deepak Banerjee', 'Retired', 'Pooja Banerjee', 'Manager', '45, Park Street, Kolkata, West Bengal', 'Pathshala Hostel Block A, Room 212', 'AB-', 'B');
INSERT INTO users (id, role_id, username, email, password_hash, is_active) VALUES (108, 4, 'student55', '2221055.civ@pathshala.edu.in', '$2b$12$cmgDkq6jIKqKJhfp5NtXte6qOIpuYQVyNo0JGROE.lE83pi2rEZWm', 1);
INSERT INTO student_profiles (id, user_id, roll_no, enrollment_no, first_name, last_name, dob, gender, phone, address, dept_id, course_id, current_semester, batch, personal_email, pathshala_email, alternative_phone, father_name, father_occupation, mother_name, mother_occupation, permanent_address, current_address, blood_group, section) VALUES (55, 108, '2221055', 'ENR-2221055', 'Sneha', 'Nair', '2004-03-04', 'Female', '9876500055', 'Pathshala Hostel Block D, Room 427', 4, 4, 4, '2024', 'student55.personal@gmail.com', '2221055.civ@pathshala.edu.in', '9123400055', 'Vinod Nair', 'Teacher', 'Rekha Nair', 'Private Service', 'Civil Lines, Jaipur, Rajasthan', 'Pathshala Hostel Block D, Room 427', 'AB+', 'A');
INSERT INTO users (id, role_id, username, email, password_hash, is_active) VALUES (109, 4, 'student56', '2221056.civ@pathshala.edu.in', '$2b$12$cmgDkq6jIKqKJhfp5NtXte6qOIpuYQVyNo0JGROE.lE83pi2rEZWm', 1);
INSERT INTO student_profiles (id, user_id, roll_no, enrollment_no, first_name, last_name, dob, gender, phone, address, dept_id, course_id, current_semester, batch, personal_email, pathshala_email, alternative_phone, father_name, father_occupation, mother_name, mother_occupation, permanent_address, current_address, blood_group, section) VALUES (56, 109, '2221056', 'ENR-2221056', 'Anil', 'Bhat', '2004-07-06', 'Male', '9876500056', 'Pathshala Hostel Block D, Room 422', 4, 4, 4, '2024', 'student56.personal@gmail.com', '2221056.civ@pathshala.edu.in', '9123400056', 'Pradeep Bhat', 'Business Owner', 'Pooja Bhat', 'Clerk', 'Sector 15, Noida, Uttar Pradesh', 'Pathshala Hostel Block D, Room 422', 'O+', 'B');
INSERT INTO users (id, role_id, username, email, password_hash, is_active) VALUES (110, 4, 'student57', '2221057.civ@pathshala.edu.in', '$2b$12$cmgDkq6jIKqKJhfp5NtXte6qOIpuYQVyNo0JGROE.lE83pi2rEZWm', 1);
INSERT INTO student_profiles (id, user_id, roll_no, enrollment_no, first_name, last_name, dob, gender, phone, address, dept_id, course_id, current_semester, batch, personal_email, pathshala_email, alternative_phone, father_name, father_occupation, mother_name, mother_occupation, permanent_address, current_address, blood_group, section) VALUES (57, 110, '2221057', 'ENR-2221057', 'Pihu', 'Mishra', '2004-01-28', 'Male', '9876500057', 'Pathshala Hostel Block A, Room 152', 4, 4, 5, '2023', 'student57.personal@gmail.com', '2221057.civ@pathshala.edu.in', '9123400057', 'Vinod Mishra', 'Retired', 'Asha Mishra', 'Manager', '123, MG Road, Sector 4, Bangalore, Karnataka', 'Pathshala Hostel Block A, Room 152', 'B-', 'A');
INSERT INTO users (id, role_id, username, email, password_hash, is_active) VALUES (111, 4, 'student58', '2221058.civ@pathshala.edu.in', '$2b$12$cmgDkq6jIKqKJhfp5NtXte6qOIpuYQVyNo0JGROE.lE83pi2rEZWm', 1);
INSERT INTO student_profiles (id, user_id, roll_no, enrollment_no, first_name, last_name, dob, gender, phone, address, dept_id, course_id, current_semester, batch, personal_email, pathshala_email, alternative_phone, father_name, father_occupation, mother_name, mother_occupation, permanent_address, current_address, blood_group, section) VALUES (58, 111, '2221058', 'ENR-2221058', 'Ananya', 'Patil', '2004-08-29', 'Female', '9876500058', 'Pathshala Hostel Block C, Room 456', 4, 4, 5, '2023', 'student58.personal@gmail.com', '2221058.civ@pathshala.edu.in', '9123400058', 'Satish Patil', 'Teacher', 'Aarti Patil', 'Consultant', 'Sector 15, Noida, Uttar Pradesh', 'Pathshala Hostel Block C, Room 456', 'A-', 'B');
INSERT INTO users (id, role_id, username, email, password_hash, is_active) VALUES (112, 4, 'student59', '2221059.civ@pathshala.edu.in', '$2b$12$cmgDkq6jIKqKJhfp5NtXte6qOIpuYQVyNo0JGROE.lE83pi2rEZWm', 1);
INSERT INTO student_profiles (id, user_id, roll_no, enrollment_no, first_name, last_name, dob, gender, phone, address, dept_id, course_id, current_semester, batch, personal_email, pathshala_email, alternative_phone, father_name, father_occupation, mother_name, mother_occupation, permanent_address, current_address, blood_group, section) VALUES (59, 112, '2221059', 'ENR-2221059', 'Advika', 'Mishra', '2004-08-26', 'Male', '9876500059', 'Pathshala Hostel Block A, Room 241', 4, 4, 6, '2023', 'student59.personal@gmail.com', '2221059.civ@pathshala.edu.in', '9123400059', 'Suresh Mishra', 'Retired', 'Aarti Mishra', 'Government Service', '78, Anna Salai, Chennai, Tamil Nadu', 'Pathshala Hostel Block A, Room 241', 'AB-', 'A');
INSERT INTO users (id, role_id, username, email, password_hash, is_active) VALUES (113, 4, 'student60', '2221060.civ@pathshala.edu.in', '$2b$12$cmgDkq6jIKqKJhfp5NtXte6qOIpuYQVyNo0JGROE.lE83pi2rEZWm', 1);
INSERT INTO student_profiles (id, user_id, roll_no, enrollment_no, first_name, last_name, dob, gender, phone, address, dept_id, course_id, current_semester, batch, personal_email, pathshala_email, alternative_phone, father_name, father_occupation, mother_name, mother_occupation, permanent_address, current_address, blood_group, section) VALUES (60, 113, '2221060', 'ENR-2221060', 'Vihaan', 'Rao', '2003-10-15', 'Male', '9876500060', 'Pathshala Hostel Block C, Room 405', 4, 4, 6, '2023', 'student60.personal@gmail.com', '2221060.civ@pathshala.edu.in', '9123400060', 'Vinod Rao', 'Manager', 'Sunita Rao', 'Homemaker', '78, Anna Salai, Chennai, Tamil Nadu', 'Pathshala Hostel Block C, Room 405', 'A-', 'B');
INSERT INTO users (id, role_id, username, email, password_hash, is_active) VALUES (114, 4, 'student61', '2221061.civ@pathshala.edu.in', '$2b$12$cmgDkq6jIKqKJhfp5NtXte6qOIpuYQVyNo0JGROE.lE83pi2rEZWm', 1);
INSERT INTO student_profiles (id, user_id, roll_no, enrollment_no, first_name, last_name, dob, gender, phone, address, dept_id, course_id, current_semester, batch, personal_email, pathshala_email, alternative_phone, father_name, father_occupation, mother_name, mother_occupation, permanent_address, current_address, blood_group, section) VALUES (61, 114, '2221061', 'ENR-2221061', 'Vikas', 'Joshi', '2002-09-25', 'Male', '9876500061', 'Pathshala Hostel Block D, Room 271', 4, 4, 7, '2022', 'student61.personal@gmail.com', '2221061.civ@pathshala.edu.in', '9123400061', 'Vijay Joshi', 'Business Owner', 'Geeta Joshi', 'Private Service', '12, Marine Drive, Mumbai, Maharashtra', 'Pathshala Hostel Block D, Room 271', 'A-', 'A');
INSERT INTO users (id, role_id, username, email, password_hash, is_active) VALUES (115, 4, 'student62', '2221062.civ@pathshala.edu.in', '$2b$12$cmgDkq6jIKqKJhfp5NtXte6qOIpuYQVyNo0JGROE.lE83pi2rEZWm', 1);
INSERT INTO student_profiles (id, user_id, roll_no, enrollment_no, first_name, last_name, dob, gender, phone, address, dept_id, course_id, current_semester, batch, personal_email, pathshala_email, alternative_phone, father_name, father_occupation, mother_name, mother_occupation, permanent_address, current_address, blood_group, section) VALUES (62, 115, '2221062', 'ENR-2221062', 'Kavita', 'Gupta', '2003-09-09', 'Female', '9876500062', 'Pathshala Hostel Block A, Room 249', 4, 4, 7, '2022', 'student62.personal@gmail.com', '2221062.civ@pathshala.edu.in', '9123400062', 'Mahesh Gupta', 'Engineer', 'Kiran Gupta', 'Consultant', 'Mall Road, Shimla, Himachal Pradesh', 'Pathshala Hostel Block A, Room 249', 'A-', 'B');
INSERT INTO users (id, role_id, username, email, password_hash, is_active) VALUES (116, 4, 'student63', '2221063.civ@pathshala.edu.in', '$2b$12$cmgDkq6jIKqKJhfp5NtXte6qOIpuYQVyNo0JGROE.lE83pi2rEZWm', 1);
INSERT INTO student_profiles (id, user_id, roll_no, enrollment_no, first_name, last_name, dob, gender, phone, address, dept_id, course_id, current_semester, batch, personal_email, pathshala_email, alternative_phone, father_name, father_occupation, mother_name, mother_occupation, permanent_address, current_address, blood_group, section) VALUES (63, 116, '2221063', 'ENR-2221063', 'Ramesh', 'Rao', '2002-12-15', 'Female', '9876500063', 'Pathshala Hostel Block A, Room 328', 4, 4, 8, '2022', 'student63.personal@gmail.com', '2221063.civ@pathshala.edu.in', '9123400063', 'Suresh Rao', 'Clerk', 'Rekha Rao', 'Retired', 'Mall Road, Shimla, Himachal Pradesh', 'Pathshala Hostel Block A, Room 328', 'O-', 'A');
INSERT INTO users (id, role_id, username, email, password_hash, is_active) VALUES (117, 4, 'student64', '2221064.civ@pathshala.edu.in', '$2b$12$cmgDkq6jIKqKJhfp5NtXte6qOIpuYQVyNo0JGROE.lE83pi2rEZWm', 1);
INSERT INTO student_profiles (id, user_id, roll_no, enrollment_no, first_name, last_name, dob, gender, phone, address, dept_id, course_id, current_semester, batch, personal_email, pathshala_email, alternative_phone, father_name, father_occupation, mother_name, mother_occupation, permanent_address, current_address, blood_group, section) VALUES (64, 117, '2221064', 'ENR-2221064', 'Ira', 'Pillai', '2002-09-09', 'Female', '9876500064', 'Pathshala Hostel Block D, Room 403', 4, 4, 8, '2022', 'student64.personal@gmail.com', '2221064.civ@pathshala.edu.in', '9123400064', 'Sunil Pillai', 'Government Service', 'Asha Pillai', 'Homemaker', 'Civil Lines, Jaipur, Rajasthan', 'Pathshala Hostel Block D, Room 403', 'A+', 'B');
INSERT INTO users (id, role_id, username, email, password_hash, is_active) VALUES (118, 4, 'student65', '2221065.bba@pathshala.edu.in', '$2b$12$cmgDkq6jIKqKJhfp5NtXte6qOIpuYQVyNo0JGROE.lE83pi2rEZWm', 1);
INSERT INTO student_profiles (id, user_id, roll_no, enrollment_no, first_name, last_name, dob, gender, phone, address, dept_id, course_id, current_semester, batch, personal_email, pathshala_email, alternative_phone, father_name, father_occupation, mother_name, mother_occupation, permanent_address, current_address, blood_group, section) VALUES (65, 118, '2221065', 'ENR-2221065', 'Aaradhya', 'Mehta', '2003-08-24', 'Female', '9876500065', 'Pathshala Hostel Block D, Room 324', 5, 5, 1, '2025', 'student65.personal@gmail.com', '2221065.bba@pathshala.edu.in', '9123400065', 'Alok Mehta', 'Manager', 'Anita Mehta', 'Clerk', '99, Gachibowli, Hyderabad, Telangana', 'Pathshala Hostel Block D, Room 324', 'O-', 'A');
INSERT INTO users (id, role_id, username, email, password_hash, is_active) VALUES (119, 4, 'student66', '2221066.bba@pathshala.edu.in', '$2b$12$cmgDkq6jIKqKJhfp5NtXte6qOIpuYQVyNo0JGROE.lE83pi2rEZWm', 1);
INSERT INTO student_profiles (id, user_id, roll_no, enrollment_no, first_name, last_name, dob, gender, phone, address, dept_id, course_id, current_semester, batch, personal_email, pathshala_email, alternative_phone, father_name, father_occupation, mother_name, mother_occupation, permanent_address, current_address, blood_group, section) VALUES (66, 119, '2221066', 'ENR-2221066', 'Neha', 'Mishra', '2004-07-14', 'Female', '9876500066', 'Pathshala Hostel Block D, Room 154', 5, 5, 1, '2025', 'student66.personal@gmail.com', '2221066.bba@pathshala.edu.in', '9123400066', 'Sanjay Mishra', 'Teacher', 'Aarti Mishra', 'Homemaker', 'Salt Lake, Sector V, Kolkata', 'Pathshala Hostel Block D, Room 154', 'B+', 'B');
INSERT INTO users (id, role_id, username, email, password_hash, is_active) VALUES (120, 4, 'student67', '2221067.bba@pathshala.edu.in', '$2b$12$cmgDkq6jIKqKJhfp5NtXte6qOIpuYQVyNo0JGROE.lE83pi2rEZWm', 1);
INSERT INTO student_profiles (id, user_id, roll_no, enrollment_no, first_name, last_name, dob, gender, phone, address, dept_id, course_id, current_semester, batch, personal_email, pathshala_email, alternative_phone, father_name, father_occupation, mother_name, mother_occupation, permanent_address, current_address, blood_group, section) VALUES (67, 120, '2221067', 'ENR-2221067', 'Sachin', 'Gupta', '2003-12-14', 'Female', '9876500067', 'Pathshala Hostel Block C, Room 122', 5, 5, 2, '2025', 'student67.personal@gmail.com', '2221067.bba@pathshala.edu.in', '9123400067', 'Sunil Gupta', 'Private Service', 'Shanti Gupta', 'Retired', '99, Gachibowli, Hyderabad, Telangana', 'Pathshala Hostel Block C, Room 122', 'O+', 'A');
INSERT INTO users (id, role_id, username, email, password_hash, is_active) VALUES (121, 4, 'student68', '2221068.bba@pathshala.edu.in', '$2b$12$cmgDkq6jIKqKJhfp5NtXte6qOIpuYQVyNo0JGROE.lE83pi2rEZWm', 1);
INSERT INTO student_profiles (id, user_id, roll_no, enrollment_no, first_name, last_name, dob, gender, phone, address, dept_id, course_id, current_semester, batch, personal_email, pathshala_email, alternative_phone, father_name, father_occupation, mother_name, mother_occupation, permanent_address, current_address, blood_group, section) VALUES (68, 121, '2221068', 'ENR-2221068', 'Anvi', 'Shah', '2002-11-23', 'Female', '9876500068', 'Pathshala Hostel Block B, Room 247', 5, 5, 2, '2025', 'student68.personal@gmail.com', '2221068.bba@pathshala.edu.in', '9123400068', 'Anil Shah', 'Manager', 'Kavita Shah', 'Business Owner', 'Civil Lines, Jaipur, Rajasthan', 'Pathshala Hostel Block B, Room 247', 'AB+', 'B');
INSERT INTO users (id, role_id, username, email, password_hash, is_active) VALUES (122, 4, 'student69', '2221069.bba@pathshala.edu.in', '$2b$12$cmgDkq6jIKqKJhfp5NtXte6qOIpuYQVyNo0JGROE.lE83pi2rEZWm', 1);
INSERT INTO student_profiles (id, user_id, roll_no, enrollment_no, first_name, last_name, dob, gender, phone, address, dept_id, course_id, current_semester, batch, personal_email, pathshala_email, alternative_phone, father_name, father_occupation, mother_name, mother_occupation, permanent_address, current_address, blood_group, section) VALUES (69, 122, '2221069', 'ENR-2221069', 'Shaurya', 'Nair', '2004-08-07', 'Female', '9876500069', 'Pathshala Hostel Block A, Room 117', 5, 5, 3, '2024', 'student69.personal@gmail.com', '2221069.bba@pathshala.edu.in', '9123400069', 'Sanjay Nair', 'Business Owner', 'Pushpa Nair', 'Private Service', 'Salt Lake, Sector V, Kolkata', 'Pathshala Hostel Block A, Room 117', 'A+', 'A');
INSERT INTO users (id, role_id, username, email, password_hash, is_active) VALUES (123, 4, 'student70', '2221070.bba@pathshala.edu.in', '$2b$12$cmgDkq6jIKqKJhfp5NtXte6qOIpuYQVyNo0JGROE.lE83pi2rEZWm', 1);
INSERT INTO student_profiles (id, user_id, roll_no, enrollment_no, first_name, last_name, dob, gender, phone, address, dept_id, course_id, current_semester, batch, personal_email, pathshala_email, alternative_phone, father_name, father_occupation, mother_name, mother_occupation, permanent_address, current_address, blood_group, section) VALUES (70, 123, '2221070', 'ENR-2221070', 'Divya', 'Mehta', '2003-08-26', 'Male', '9876500070', 'Pathshala Hostel Block D, Room 334', 5, 5, 3, '2024', 'student70.personal@gmail.com', '2221070.bba@pathshala.edu.in', '9123400070', 'Harish Mehta', 'Teacher', 'Lata Mehta', 'Farmer', '45, Park Street, Kolkata, West Bengal', 'Pathshala Hostel Block D, Room 334', 'AB+', 'B');
INSERT INTO users (id, role_id, username, email, password_hash, is_active) VALUES (124, 4, 'student71', '2221071.bba@pathshala.edu.in', '$2b$12$cmgDkq6jIKqKJhfp5NtXte6qOIpuYQVyNo0JGROE.lE83pi2rEZWm', 1);
INSERT INTO student_profiles (id, user_id, roll_no, enrollment_no, first_name, last_name, dob, gender, phone, address, dept_id, course_id, current_semester, batch, personal_email, pathshala_email, alternative_phone, father_name, father_occupation, mother_name, mother_occupation, permanent_address, current_address, blood_group, section) VALUES (71, 124, '2221071', 'ENR-2221071', 'Riya', 'Banerjee', '2003-12-25', 'Female', '9876500071', 'Pathshala Hostel Block B, Room 295', 5, 5, 4, '2024', 'student71.personal@gmail.com', '2221071.bba@pathshala.edu.in', '9123400071', 'Suresh Banerjee', 'Doctor', 'Kavita Banerjee', 'Homemaker', 'Sector 15, Noida, Uttar Pradesh', 'Pathshala Hostel Block B, Room 295', 'AB+', 'A');
INSERT INTO users (id, role_id, username, email, password_hash, is_active) VALUES (125, 4, 'student72', '2221072.bba@pathshala.edu.in', '$2b$12$cmgDkq6jIKqKJhfp5NtXte6qOIpuYQVyNo0JGROE.lE83pi2rEZWm', 1);
INSERT INTO student_profiles (id, user_id, roll_no, enrollment_no, first_name, last_name, dob, gender, phone, address, dept_id, course_id, current_semester, batch, personal_email, pathshala_email, alternative_phone, father_name, father_occupation, mother_name, mother_occupation, permanent_address, current_address, blood_group, section) VALUES (72, 125, '2221072', 'ENR-2221072', 'Ananya', 'Kapoor', '2003-12-10', 'Male', '9876500072', 'Pathshala Hostel Block A, Room 460', 5, 5, 4, '2024', 'student72.personal@gmail.com', '2221072.bba@pathshala.edu.in', '9123400072', 'Deepak Kapoor', 'Business Owner', 'Sunita Kapoor', 'Homemaker', 'Civil Lines, Jaipur, Rajasthan', 'Pathshala Hostel Block A, Room 460', 'O+', 'B');
INSERT INTO users (id, role_id, username, email, password_hash, is_active) VALUES (126, 4, 'student73', '2221073.bba@pathshala.edu.in', '$2b$12$cmgDkq6jIKqKJhfp5NtXte6qOIpuYQVyNo0JGROE.lE83pi2rEZWm', 1);
INSERT INTO student_profiles (id, user_id, roll_no, enrollment_no, first_name, last_name, dob, gender, phone, address, dept_id, course_id, current_semester, batch, personal_email, pathshala_email, alternative_phone, father_name, father_occupation, mother_name, mother_occupation, permanent_address, current_address, blood_group, section) VALUES (73, 126, '2221073', 'ENR-2221073', 'Aditya', 'Sen', '2002-04-29', 'Female', '9876500073', 'Pathshala Hostel Block C, Room 214', 5, 5, 5, '2023', 'student73.personal@gmail.com', '2221073.bba@pathshala.edu.in', '9123400073', 'Rajesh Sen', 'Manager', 'Pooja Sen', 'Manager', 'Sector 15, Noida, Uttar Pradesh', 'Pathshala Hostel Block C, Room 214', 'O+', 'A');
INSERT INTO users (id, role_id, username, email, password_hash, is_active) VALUES (127, 4, 'student74', '2221074.bba@pathshala.edu.in', '$2b$12$cmgDkq6jIKqKJhfp5NtXte6qOIpuYQVyNo0JGROE.lE83pi2rEZWm', 1);
INSERT INTO student_profiles (id, user_id, roll_no, enrollment_no, first_name, last_name, dob, gender, phone, address, dept_id, course_id, current_semester, batch, personal_email, pathshala_email, alternative_phone, father_name, father_occupation, mother_name, mother_occupation, permanent_address, current_address, blood_group, section) VALUES (74, 127, '2221074', 'ENR-2221074', 'Krishna', 'Banerjee', '2002-03-28', 'Female', '9876500074', 'Pathshala Hostel Block A, Room 307', 5, 5, 5, '2023', 'student74.personal@gmail.com', '2221074.bba@pathshala.edu.in', '9123400074', 'Mahesh Banerjee', 'Business Owner', 'Aarti Banerjee', 'Clerk', '99, Gachibowli, Hyderabad, Telangana', 'Pathshala Hostel Block A, Room 307', 'O-', 'B');
INSERT INTO users (id, role_id, username, email, password_hash, is_active) VALUES (128, 4, 'student75', '2221075.bba@pathshala.edu.in', '$2b$12$cmgDkq6jIKqKJhfp5NtXte6qOIpuYQVyNo0JGROE.lE83pi2rEZWm', 1);
INSERT INTO student_profiles (id, user_id, roll_no, enrollment_no, first_name, last_name, dob, gender, phone, address, dept_id, course_id, current_semester, batch, personal_email, pathshala_email, alternative_phone, father_name, father_occupation, mother_name, mother_occupation, permanent_address, current_address, blood_group, section) VALUES (75, 128, '2221075', 'ENR-2221075', 'Krishna', 'Kumar', '2004-04-26', 'Female', '9876500075', 'Pathshala Hostel Block D, Room 312', 5, 5, 6, '2023', 'student75.personal@gmail.com', '2221075.bba@pathshala.edu.in', '9123400075', 'Ramesh Kumar', 'Engineer', 'Asha Kumar', 'Private Service', '99, Gachibowli, Hyderabad, Telangana', 'Pathshala Hostel Block D, Room 312', 'AB-', 'A');
INSERT INTO users (id, role_id, username, email, password_hash, is_active) VALUES (129, 4, 'student76', '2221076.bba@pathshala.edu.in', '$2b$12$cmgDkq6jIKqKJhfp5NtXte6qOIpuYQVyNo0JGROE.lE83pi2rEZWm', 1);
INSERT INTO student_profiles (id, user_id, roll_no, enrollment_no, first_name, last_name, dob, gender, phone, address, dept_id, course_id, current_semester, batch, personal_email, pathshala_email, alternative_phone, father_name, father_occupation, mother_name, mother_occupation, permanent_address, current_address, blood_group, section) VALUES (76, 129, '2221076', 'ENR-2221076', 'Kabir', 'Patil', '2004-05-27', 'Male', '9876500076', 'Pathshala Hostel Block C, Room 190', 5, 5, 6, '2023', 'student76.personal@gmail.com', '2221076.bba@pathshala.edu.in', '9123400076', 'Sanjay Patil', 'Retired', 'Sunita Patil', 'Consultant', 'Kadam Kuan, Patna, Bihar', 'Pathshala Hostel Block C, Room 190', 'B-', 'B');
INSERT INTO users (id, role_id, username, email, password_hash, is_active) VALUES (130, 4, 'student77', '2221077.bba@pathshala.edu.in', '$2b$12$cmgDkq6jIKqKJhfp5NtXte6qOIpuYQVyNo0JGROE.lE83pi2rEZWm', 1);
INSERT INTO student_profiles (id, user_id, roll_no, enrollment_no, first_name, last_name, dob, gender, phone, address, dept_id, course_id, current_semester, batch, personal_email, pathshala_email, alternative_phone, father_name, father_occupation, mother_name, mother_occupation, permanent_address, current_address, blood_group, section) VALUES (77, 130, '2221077', 'ENR-2221077', 'Riya', 'Banerjee', '2002-11-21', 'Male', '9876500077', 'Pathshala Hostel Block B, Room 201', 5, 5, 7, '2022', 'student77.personal@gmail.com', '2221077.bba@pathshala.edu.in', '9123400077', 'Satish Banerjee', 'Business Owner', 'Seema Banerjee', 'Retired', 'Mall Road, Shimla, Himachal Pradesh', 'Pathshala Hostel Block B, Room 201', 'AB+', 'A');
INSERT INTO users (id, role_id, username, email, password_hash, is_active) VALUES (131, 4, 'student78', '2221078.bba@pathshala.edu.in', '$2b$12$cmgDkq6jIKqKJhfp5NtXte6qOIpuYQVyNo0JGROE.lE83pi2rEZWm', 1);
INSERT INTO student_profiles (id, user_id, roll_no, enrollment_no, first_name, last_name, dob, gender, phone, address, dept_id, course_id, current_semester, batch, personal_email, pathshala_email, alternative_phone, father_name, father_occupation, mother_name, mother_occupation, permanent_address, current_address, blood_group, section) VALUES (78, 131, '2221078', 'ENR-2221078', 'Riya', 'Bhat', '2002-09-24', 'Male', '9876500078', 'Pathshala Hostel Block A, Room 298', 5, 5, 7, '2022', 'student78.personal@gmail.com', '2221078.bba@pathshala.edu.in', '9123400078', 'Vinod Bhat', 'Engineer', 'Aarti Bhat', 'Consultant', 'Mall Road, Shimla, Himachal Pradesh', 'Pathshala Hostel Block A, Room 298', 'O-', 'B');
INSERT INTO users (id, role_id, username, email, password_hash, is_active) VALUES (132, 4, 'student79', '2221079.bba@pathshala.edu.in', '$2b$12$cmgDkq6jIKqKJhfp5NtXte6qOIpuYQVyNo0JGROE.lE83pi2rEZWm', 1);
INSERT INTO student_profiles (id, user_id, roll_no, enrollment_no, first_name, last_name, dob, gender, phone, address, dept_id, course_id, current_semester, batch, personal_email, pathshala_email, alternative_phone, father_name, father_occupation, mother_name, mother_occupation, permanent_address, current_address, blood_group, section) VALUES (79, 132, '2221079', 'ENR-2221079', 'Tushar', 'Bhat', '2003-09-01', 'Male', '9876500079', 'Pathshala Hostel Block B, Room 386', 5, 5, 8, '2022', 'student79.personal@gmail.com', '2221079.bba@pathshala.edu.in', '9123400079', 'Anil Bhat', 'Teacher', 'Kavita Bhat', 'Farmer', 'Kadam Kuan, Patna, Bihar', 'Pathshala Hostel Block B, Room 386', 'O-', 'A');
INSERT INTO users (id, role_id, username, email, password_hash, is_active) VALUES (133, 4, 'student80', '2221080.bba@pathshala.edu.in', '$2b$12$cmgDkq6jIKqKJhfp5NtXte6qOIpuYQVyNo0JGROE.lE83pi2rEZWm', 1);
INSERT INTO student_profiles (id, user_id, roll_no, enrollment_no, first_name, last_name, dob, gender, phone, address, dept_id, course_id, current_semester, batch, personal_email, pathshala_email, alternative_phone, father_name, father_occupation, mother_name, mother_occupation, permanent_address, current_address, blood_group, section) VALUES (80, 133, '2221080', 'ENR-2221080', 'Atharva', 'Bhat', '2003-04-10', 'Female', '9876500080', 'Pathshala Hostel Block A, Room 129', 5, 5, 8, '2022', 'student80.personal@gmail.com', '2221080.bba@pathshala.edu.in', '9123400080', 'Sunil Bhat', 'Government Service', 'Rekha Bhat', 'Private Service', '78, Anna Salai, Chennai, Tamil Nadu', 'Pathshala Hostel Block A, Room 129', 'AB+', 'B');
INSERT INTO users (id, role_id, username, email, password_hash, is_active) VALUES (134, 4, 'student81', '2221081.cse@pathshala.edu.in', '$2b$12$cmgDkq6jIKqKJhfp5NtXte6qOIpuYQVyNo0JGROE.lE83pi2rEZWm', 1);
INSERT INTO student_profiles (id, user_id, roll_no, enrollment_no, first_name, last_name, dob, gender, phone, address, dept_id, course_id, current_semester, batch, personal_email, pathshala_email, alternative_phone, father_name, father_occupation, mother_name, mother_occupation, permanent_address, current_address, blood_group, section) VALUES (81, 134, '2221081', 'ENR-2221081', 'Anil', 'Roy', '2004-01-16', 'Male', '9876500081', 'Pathshala Hostel Block D, Room 127', 1, 1, 1, '2025', 'student81.personal@gmail.com', '2221081.cse@pathshala.edu.in', '9123400081', 'Suresh Roy', 'Manager', 'Aarti Roy', 'Engineer', 'Sector 15, Noida, Uttar Pradesh', 'Pathshala Hostel Block D, Room 127', 'O+', 'A');
INSERT INTO users (id, role_id, username, email, password_hash, is_active) VALUES (135, 4, 'student82', '2221082.cse@pathshala.edu.in', '$2b$12$cmgDkq6jIKqKJhfp5NtXte6qOIpuYQVyNo0JGROE.lE83pi2rEZWm', 1);
INSERT INTO student_profiles (id, user_id, roll_no, enrollment_no, first_name, last_name, dob, gender, phone, address, dept_id, course_id, current_semester, batch, personal_email, pathshala_email, alternative_phone, father_name, father_occupation, mother_name, mother_occupation, permanent_address, current_address, blood_group, section) VALUES (82, 135, '2221082', 'ENR-2221082', 'Diya', 'Bose', '2003-01-24', 'Male', '9876500082', 'Pathshala Hostel Block D, Room 327', 1, 1, 1, '2025', 'student82.personal@gmail.com', '2221082.cse@pathshala.edu.in', '9123400082', 'Satish Bose', 'Retired', 'Anita Bose', 'Private Service', '99, Gachibowli, Hyderabad, Telangana', 'Pathshala Hostel Block D, Room 327', 'AB+', 'B');
INSERT INTO users (id, role_id, username, email, password_hash, is_active) VALUES (136, 4, 'student83', '2221083.cse@pathshala.edu.in', '$2b$12$cmgDkq6jIKqKJhfp5NtXte6qOIpuYQVyNo0JGROE.lE83pi2rEZWm', 1);
INSERT INTO student_profiles (id, user_id, roll_no, enrollment_no, first_name, last_name, dob, gender, phone, address, dept_id, course_id, current_semester, batch, personal_email, pathshala_email, alternative_phone, father_name, father_occupation, mother_name, mother_occupation, permanent_address, current_address, blood_group, section) VALUES (83, 136, '2221083', 'ENR-2221083', 'Riya', 'Joshi', '2003-07-10', 'Female', '9876500083', 'Pathshala Hostel Block B, Room 287', 1, 1, 2, '2025', 'student83.personal@gmail.com', '2221083.cse@pathshala.edu.in', '9123400083', 'Dinesh Joshi', 'Engineer', 'Geeta Joshi', 'Homemaker', '78, Anna Salai, Chennai, Tamil Nadu', 'Pathshala Hostel Block B, Room 287', 'A-', 'A');
INSERT INTO users (id, role_id, username, email, password_hash, is_active) VALUES (137, 4, 'student84', '2221084.cse@pathshala.edu.in', '$2b$12$cmgDkq6jIKqKJhfp5NtXte6qOIpuYQVyNo0JGROE.lE83pi2rEZWm', 1);
INSERT INTO student_profiles (id, user_id, roll_no, enrollment_no, first_name, last_name, dob, gender, phone, address, dept_id, course_id, current_semester, batch, personal_email, pathshala_email, alternative_phone, father_name, father_occupation, mother_name, mother_occupation, permanent_address, current_address, blood_group, section) VALUES (84, 137, '2221084', 'ENR-2221084', 'Anvi', 'Das', '2004-08-23', 'Male', '9876500084', 'Pathshala Hostel Block C, Room 305', 1, 1, 2, '2025', 'student84.personal@gmail.com', '2221084.cse@pathshala.edu.in', '9123400084', 'Vijay Das', 'Doctor', 'Seema Das', 'Private Service', '78, Anna Salai, Chennai, Tamil Nadu', 'Pathshala Hostel Block C, Room 305', 'O-', 'B');
INSERT INTO users (id, role_id, username, email, password_hash, is_active) VALUES (138, 4, 'student85', '2221085.cse@pathshala.edu.in', '$2b$12$cmgDkq6jIKqKJhfp5NtXte6qOIpuYQVyNo0JGROE.lE83pi2rEZWm', 1);
INSERT INTO student_profiles (id, user_id, roll_no, enrollment_no, first_name, last_name, dob, gender, phone, address, dept_id, course_id, current_semester, batch, personal_email, pathshala_email, alternative_phone, father_name, father_occupation, mother_name, mother_occupation, permanent_address, current_address, blood_group, section) VALUES (85, 138, '2221085', 'ENR-2221085', 'Riya', 'Banerjee', '2002-01-07', 'Male', '9876500085', 'Pathshala Hostel Block A, Room 114', 1, 1, 3, '2024', 'student85.personal@gmail.com', '2221085.cse@pathshala.edu.in', '9123400085', 'Satish Banerjee', 'Retired', 'Anita Banerjee', 'Business Owner', '99, Gachibowli, Hyderabad, Telangana', 'Pathshala Hostel Block A, Room 114', 'AB-', 'A');
INSERT INTO users (id, role_id, username, email, password_hash, is_active) VALUES (139, 4, 'student86', '2221086.cse@pathshala.edu.in', '$2b$12$cmgDkq6jIKqKJhfp5NtXte6qOIpuYQVyNo0JGROE.lE83pi2rEZWm', 1);
INSERT INTO student_profiles (id, user_id, roll_no, enrollment_no, first_name, last_name, dob, gender, phone, address, dept_id, course_id, current_semester, batch, personal_email, pathshala_email, alternative_phone, father_name, father_occupation, mother_name, mother_occupation, permanent_address, current_address, blood_group, section) VALUES (86, 139, '2221086', 'ENR-2221086', 'Sai', 'Das', '2002-01-19', 'Female', '9876500086', 'Pathshala Hostel Block A, Room 183', 1, 1, 3, '2024', 'student86.personal@gmail.com', '2221086.cse@pathshala.edu.in', '9123400086', 'Vinod Das', 'Farmer', 'Lata Das', 'Clerk', 'Mall Road, Shimla, Himachal Pradesh', 'Pathshala Hostel Block A, Room 183', 'AB-', 'B');
INSERT INTO users (id, role_id, username, email, password_hash, is_active) VALUES (140, 4, 'student87', '2221087.cse@pathshala.edu.in', '$2b$12$cmgDkq6jIKqKJhfp5NtXte6qOIpuYQVyNo0JGROE.lE83pi2rEZWm', 1);
INSERT INTO student_profiles (id, user_id, roll_no, enrollment_no, first_name, last_name, dob, gender, phone, address, dept_id, course_id, current_semester, batch, personal_email, pathshala_email, alternative_phone, father_name, father_occupation, mother_name, mother_occupation, permanent_address, current_address, blood_group, section) VALUES (87, 140, '2221087', 'ENR-2221087', 'Divya', 'Chawla', '2002-12-16', 'Male', '9876500087', 'Pathshala Hostel Block A, Room 339', 1, 1, 4, '2024', 'student87.personal@gmail.com', '2221087.cse@pathshala.edu.in', '9123400087', 'Manoj Chawla', 'Clerk', 'Pushpa Chawla', 'Private Service', 'Civil Lines, Jaipur, Rajasthan', 'Pathshala Hostel Block A, Room 339', 'AB+', 'A');
INSERT INTO users (id, role_id, username, email, password_hash, is_active) VALUES (141, 4, 'student88', '2221088.cse@pathshala.edu.in', '$2b$12$cmgDkq6jIKqKJhfp5NtXte6qOIpuYQVyNo0JGROE.lE83pi2rEZWm', 1);
INSERT INTO student_profiles (id, user_id, roll_no, enrollment_no, first_name, last_name, dob, gender, phone, address, dept_id, course_id, current_semester, batch, personal_email, pathshala_email, alternative_phone, father_name, father_occupation, mother_name, mother_occupation, permanent_address, current_address, blood_group, section) VALUES (88, 141, '2221088', 'ENR-2221088', 'Arnav', 'Rao', '2002-11-15', 'Female', '9876500088', 'Pathshala Hostel Block A, Room 104', 1, 1, 4, '2024', 'student88.personal@gmail.com', '2221088.cse@pathshala.edu.in', '9123400088', 'Manoj Rao', 'Teacher', 'Geeta Rao', 'Retired', '12, Marine Drive, Mumbai, Maharashtra', 'Pathshala Hostel Block A, Room 104', 'A+', 'B');
INSERT INTO users (id, role_id, username, email, password_hash, is_active) VALUES (142, 4, 'student89', '2221089.cse@pathshala.edu.in', '$2b$12$cmgDkq6jIKqKJhfp5NtXte6qOIpuYQVyNo0JGROE.lE83pi2rEZWm', 1);
INSERT INTO student_profiles (id, user_id, roll_no, enrollment_no, first_name, last_name, dob, gender, phone, address, dept_id, course_id, current_semester, batch, personal_email, pathshala_email, alternative_phone, father_name, father_occupation, mother_name, mother_occupation, permanent_address, current_address, blood_group, section) VALUES (89, 142, '2221089', 'ENR-2221089', 'Sachin', 'Sharma', '2003-06-04', 'Male', '9876500089', 'Pathshala Hostel Block B, Room 290', 1, 1, 5, '2023', 'student89.personal@gmail.com', '2221089.cse@pathshala.edu.in', '9123400089', 'Alok Sharma', 'Business Owner', 'Geeta Sharma', 'Retired', '12, Marine Drive, Mumbai, Maharashtra', 'Pathshala Hostel Block B, Room 290', 'B+', 'A');
INSERT INTO users (id, role_id, username, email, password_hash, is_active) VALUES (143, 4, 'student90', '2221090.cse@pathshala.edu.in', '$2b$12$cmgDkq6jIKqKJhfp5NtXte6qOIpuYQVyNo0JGROE.lE83pi2rEZWm', 1);
INSERT INTO student_profiles (id, user_id, roll_no, enrollment_no, first_name, last_name, dob, gender, phone, address, dept_id, course_id, current_semester, batch, personal_email, pathshala_email, alternative_phone, father_name, father_occupation, mother_name, mother_occupation, permanent_address, current_address, blood_group, section) VALUES (90, 143, '2221090', 'ENR-2221090', 'Riya', 'Banerjee', '2003-03-31', 'Male', '9876500090', 'Pathshala Hostel Block D, Room 219', 1, 1, 5, '2023', 'student90.personal@gmail.com', '2221090.cse@pathshala.edu.in', '9123400090', 'Anil Banerjee', 'Government Service', 'Seema Banerjee', 'Doctor', 'Salt Lake, Sector V, Kolkata', 'Pathshala Hostel Block D, Room 219', 'B+', 'B');
INSERT INTO users (id, role_id, username, email, password_hash, is_active) VALUES (144, 4, 'student91', '2221091.cse@pathshala.edu.in', '$2b$12$cmgDkq6jIKqKJhfp5NtXte6qOIpuYQVyNo0JGROE.lE83pi2rEZWm', 1);
INSERT INTO student_profiles (id, user_id, roll_no, enrollment_no, first_name, last_name, dob, gender, phone, address, dept_id, course_id, current_semester, batch, personal_email, pathshala_email, alternative_phone, father_name, father_occupation, mother_name, mother_occupation, permanent_address, current_address, blood_group, section) VALUES (91, 144, '2221091', 'ENR-2221091', 'Priya', 'Patel', '2002-10-03', 'Male', '9876500091', 'Pathshala Hostel Block B, Room 471', 1, 1, 6, '2023', 'student91.personal@gmail.com', '2221091.cse@pathshala.edu.in', '9123400091', 'Ramesh Patel', 'Engineer', 'Kiran Patel', 'Retired', 'Kadam Kuan, Patna, Bihar', 'Pathshala Hostel Block B, Room 471', 'AB+', 'A');
INSERT INTO users (id, role_id, username, email, password_hash, is_active) VALUES (145, 4, 'student92', '2221092.cse@pathshala.edu.in', '$2b$12$cmgDkq6jIKqKJhfp5NtXte6qOIpuYQVyNo0JGROE.lE83pi2rEZWm', 1);
INSERT INTO student_profiles (id, user_id, roll_no, enrollment_no, first_name, last_name, dob, gender, phone, address, dept_id, course_id, current_semester, batch, personal_email, pathshala_email, alternative_phone, father_name, father_occupation, mother_name, mother_occupation, permanent_address, current_address, blood_group, section) VALUES (92, 145, '2221092', 'ENR-2221092', 'Aditya', 'Nair', '2003-06-14', 'Female', '9876500092', 'Pathshala Hostel Block B, Room 294', 1, 1, 6, '2023', 'student92.personal@gmail.com', '2221092.cse@pathshala.edu.in', '9123400092', 'Mahesh Nair', 'Engineer', 'Seema Nair', 'Consultant', 'Sector 15, Noida, Uttar Pradesh', 'Pathshala Hostel Block B, Room 294', 'B-', 'B');
INSERT INTO users (id, role_id, username, email, password_hash, is_active) VALUES (146, 4, 'student93', '2221093.cse@pathshala.edu.in', '$2b$12$cmgDkq6jIKqKJhfp5NtXte6qOIpuYQVyNo0JGROE.lE83pi2rEZWm', 1);
INSERT INTO student_profiles (id, user_id, roll_no, enrollment_no, first_name, last_name, dob, gender, phone, address, dept_id, course_id, current_semester, batch, personal_email, pathshala_email, alternative_phone, father_name, father_occupation, mother_name, mother_occupation, permanent_address, current_address, blood_group, section) VALUES (93, 146, '2221093', 'ENR-2221093', 'Sunil', 'Patel', '2002-10-05', 'Female', '9876500093', 'Pathshala Hostel Block C, Room 308', 1, 1, 7, '2022', 'student93.personal@gmail.com', '2221093.cse@pathshala.edu.in', '9123400093', 'Harish Patel', 'Clerk', 'Lata Patel', 'Manager', 'Sector 15, Noida, Uttar Pradesh', 'Pathshala Hostel Block C, Room 308', 'A-', 'A');
INSERT INTO users (id, role_id, username, email, password_hash, is_active) VALUES (147, 4, 'student94', '2221094.cse@pathshala.edu.in', '$2b$12$cmgDkq6jIKqKJhfp5NtXte6qOIpuYQVyNo0JGROE.lE83pi2rEZWm', 1);
INSERT INTO student_profiles (id, user_id, roll_no, enrollment_no, first_name, last_name, dob, gender, phone, address, dept_id, course_id, current_semester, batch, personal_email, pathshala_email, alternative_phone, father_name, father_occupation, mother_name, mother_occupation, permanent_address, current_address, blood_group, section) VALUES (94, 147, '2221094', 'ENR-2221094', 'Ananya', 'Malhotra', '2003-07-20', 'Female', '9876500094', 'Pathshala Hostel Block A, Room 179', 1, 1, 7, '2022', 'student94.personal@gmail.com', '2221094.cse@pathshala.edu.in', '9123400094', 'Sunil Malhotra', 'Teacher', 'Geeta Malhotra', 'Farmer', '99, Gachibowli, Hyderabad, Telangana', 'Pathshala Hostel Block A, Room 179', 'AB-', 'B');
INSERT INTO users (id, role_id, username, email, password_hash, is_active) VALUES (148, 4, 'student95', '2221095.cse@pathshala.edu.in', '$2b$12$cmgDkq6jIKqKJhfp5NtXte6qOIpuYQVyNo0JGROE.lE83pi2rEZWm', 1);
INSERT INTO student_profiles (id, user_id, roll_no, enrollment_no, first_name, last_name, dob, gender, phone, address, dept_id, course_id, current_semester, batch, personal_email, pathshala_email, alternative_phone, father_name, father_occupation, mother_name, mother_occupation, permanent_address, current_address, blood_group, section) VALUES (95, 148, '2221095', 'ENR-2221095', 'Anvi', 'Shah', '2002-11-23', 'Female', '9876500095', 'Pathshala Hostel Block B, Room 270', 1, 1, 8, '2022', 'student95.personal@gmail.com', '2221095.cse@pathshala.edu.in', '9123400095', 'Deepak Shah', 'Private Service', 'Shanti Shah', 'Government Service', 'Sector 15, Noida, Uttar Pradesh', 'Pathshala Hostel Block B, Room 270', 'A+', 'A');
INSERT INTO users (id, role_id, username, email, password_hash, is_active) VALUES (149, 4, 'student96', '2221096.cse@pathshala.edu.in', '$2b$12$cmgDkq6jIKqKJhfp5NtXte6qOIpuYQVyNo0JGROE.lE83pi2rEZWm', 1);
INSERT INTO student_profiles (id, user_id, roll_no, enrollment_no, first_name, last_name, dob, gender, phone, address, dept_id, course_id, current_semester, batch, personal_email, pathshala_email, alternative_phone, father_name, father_occupation, mother_name, mother_occupation, permanent_address, current_address, blood_group, section) VALUES (96, 149, '2221096', 'ENR-2221096', 'Aditya', 'Patel', '2003-05-11', 'Female', '9876500096', 'Pathshala Hostel Block C, Room 405', 1, 1, 8, '2022', 'student96.personal@gmail.com', '2221096.cse@pathshala.edu.in', '9123400096', 'Rajesh Patel', 'Consultant', 'Anita Patel', 'Retired', 'Kadam Kuan, Patna, Bihar', 'Pathshala Hostel Block C, Room 405', 'B-', 'B');
INSERT INTO users (id, role_id, username, email, password_hash, is_active) VALUES (150, 4, 'student97', '2221097.ece@pathshala.edu.in', '$2b$12$cmgDkq6jIKqKJhfp5NtXte6qOIpuYQVyNo0JGROE.lE83pi2rEZWm', 1);
INSERT INTO student_profiles (id, user_id, roll_no, enrollment_no, first_name, last_name, dob, gender, phone, address, dept_id, course_id, current_semester, batch, personal_email, pathshala_email, alternative_phone, father_name, father_occupation, mother_name, mother_occupation, permanent_address, current_address, blood_group, section) VALUES (97, 150, '2221097', 'ENR-2221097', 'Ira', 'Kumar', '2002-05-06', 'Male', '9876500097', 'Pathshala Hostel Block B, Room 371', 2, 2, 1, '2025', 'student97.personal@gmail.com', '2221097.ece@pathshala.edu.in', '9123400097', 'Pradeep Kumar', 'Private Service', 'Kavita Kumar', 'Government Service', 'Civil Lines, Jaipur, Rajasthan', 'Pathshala Hostel Block B, Room 371', 'O+', 'A');
INSERT INTO users (id, role_id, username, email, password_hash, is_active) VALUES (151, 4, 'student98', '2221098.ece@pathshala.edu.in', '$2b$12$cmgDkq6jIKqKJhfp5NtXte6qOIpuYQVyNo0JGROE.lE83pi2rEZWm', 1);
INSERT INTO student_profiles (id, user_id, roll_no, enrollment_no, first_name, last_name, dob, gender, phone, address, dept_id, course_id, current_semester, batch, personal_email, pathshala_email, alternative_phone, father_name, father_occupation, mother_name, mother_occupation, permanent_address, current_address, blood_group, section) VALUES (98, 151, '2221098', 'ENR-2221098', 'Sneha', 'Sharma', '2002-06-14', 'Female', '9876500098', 'Pathshala Hostel Block C, Room 232', 2, 2, 1, '2025', 'student98.personal@gmail.com', '2221098.ece@pathshala.edu.in', '9123400098', 'Sanjay Sharma', 'Consultant', 'Kavita Sharma', 'Clerk', 'Salt Lake, Sector V, Kolkata', 'Pathshala Hostel Block C, Room 232', 'AB-', 'B');
INSERT INTO users (id, role_id, username, email, password_hash, is_active) VALUES (152, 4, 'student99', '2221099.ece@pathshala.edu.in', '$2b$12$cmgDkq6jIKqKJhfp5NtXte6qOIpuYQVyNo0JGROE.lE83pi2rEZWm', 1);
INSERT INTO student_profiles (id, user_id, roll_no, enrollment_no, first_name, last_name, dob, gender, phone, address, dept_id, course_id, current_semester, batch, personal_email, pathshala_email, alternative_phone, father_name, father_occupation, mother_name, mother_occupation, permanent_address, current_address, blood_group, section) VALUES (99, 152, '2221099', 'ENR-2221099', 'Suresh', 'Kapoor', '2004-06-19', 'Female', '9876500099', 'Pathshala Hostel Block D, Room 375', 2, 2, 2, '2025', 'student99.personal@gmail.com', '2221099.ece@pathshala.edu.in', '9123400099', 'Vinod Kapoor', 'Doctor', 'Asha Kapoor', 'Consultant', '99, Gachibowli, Hyderabad, Telangana', 'Pathshala Hostel Block D, Room 375', 'O-', 'A');
INSERT INTO users (id, role_id, username, email, password_hash, is_active) VALUES (153, 4, 'student100', '2221100.ece@pathshala.edu.in', '$2b$12$cmgDkq6jIKqKJhfp5NtXte6qOIpuYQVyNo0JGROE.lE83pi2rEZWm', 1);
INSERT INTO student_profiles (id, user_id, roll_no, enrollment_no, first_name, last_name, dob, gender, phone, address, dept_id, course_id, current_semester, batch, personal_email, pathshala_email, alternative_phone, father_name, father_occupation, mother_name, mother_occupation, permanent_address, current_address, blood_group, section) VALUES (100, 153, '2221100', 'ENR-2221100', 'Karan', 'Singh', '2004-02-26', 'Female', '9876500100', 'Pathshala Hostel Block D, Room 344', 2, 2, 2, '2025', 'student100.personal@gmail.com', '2221100.ece@pathshala.edu.in', '9123400100', 'Dinesh Singh', 'Doctor', 'Pooja Singh', 'Consultant', 'Kadam Kuan, Patna, Bihar', 'Pathshala Hostel Block D, Room 344', 'AB+', 'B');
INSERT INTO users (id, role_id, username, email, password_hash, is_active) VALUES (154, 4, 'student101', '2221101.ece@pathshala.edu.in', '$2b$12$cmgDkq6jIKqKJhfp5NtXte6qOIpuYQVyNo0JGROE.lE83pi2rEZWm', 1);
INSERT INTO student_profiles (id, user_id, roll_no, enrollment_no, first_name, last_name, dob, gender, phone, address, dept_id, course_id, current_semester, batch, personal_email, pathshala_email, alternative_phone, father_name, father_occupation, mother_name, mother_occupation, permanent_address, current_address, blood_group, section) VALUES (101, 154, '2221101', 'ENR-2221101', 'Akash', 'Chawla', '2002-03-15', 'Male', '9876500101', 'Pathshala Hostel Block A, Room 410', 2, 2, 3, '2024', 'student101.personal@gmail.com', '2221101.ece@pathshala.edu.in', '9123400101', 'Vijay Chawla', 'Clerk', 'Anita Chawla', 'Homemaker', 'Sector 15, Noida, Uttar Pradesh', 'Pathshala Hostel Block A, Room 410', 'O+', 'A');
INSERT INTO users (id, role_id, username, email, password_hash, is_active) VALUES (155, 4, 'student102', '2221102.ece@pathshala.edu.in', '$2b$12$cmgDkq6jIKqKJhfp5NtXte6qOIpuYQVyNo0JGROE.lE83pi2rEZWm', 1);
INSERT INTO student_profiles (id, user_id, roll_no, enrollment_no, first_name, last_name, dob, gender, phone, address, dept_id, course_id, current_semester, batch, personal_email, pathshala_email, alternative_phone, father_name, father_occupation, mother_name, mother_occupation, permanent_address, current_address, blood_group, section) VALUES (102, 155, '2221102', 'ENR-2221102', 'Vihaan', 'Reddy', '2004-02-04', 'Female', '9876500102', 'Pathshala Hostel Block B, Room 294', 2, 2, 3, '2024', 'student102.personal@gmail.com', '2221102.ece@pathshala.edu.in', '9123400102', 'Pradeep Reddy', 'Consultant', 'Anita Reddy', 'Doctor', '99, Gachibowli, Hyderabad, Telangana', 'Pathshala Hostel Block B, Room 294', 'A-', 'B');
INSERT INTO users (id, role_id, username, email, password_hash, is_active) VALUES (156, 4, 'student103', '2221103.ece@pathshala.edu.in', '$2b$12$cmgDkq6jIKqKJhfp5NtXte6qOIpuYQVyNo0JGROE.lE83pi2rEZWm', 1);
INSERT INTO student_profiles (id, user_id, roll_no, enrollment_no, first_name, last_name, dob, gender, phone, address, dept_id, course_id, current_semester, batch, personal_email, pathshala_email, alternative_phone, father_name, father_occupation, mother_name, mother_occupation, permanent_address, current_address, blood_group, section) VALUES (103, 156, '2221103', 'ENR-2221103', 'Tushar', 'Banerjee', '2002-03-16', 'Female', '9876500103', 'Pathshala Hostel Block D, Room 151', 2, 2, 4, '2024', 'student103.personal@gmail.com', '2221103.ece@pathshala.edu.in', '9123400103', 'Deepak Banerjee', 'Farmer', 'Pooja Banerjee', 'Clerk', '78, Anna Salai, Chennai, Tamil Nadu', 'Pathshala Hostel Block D, Room 151', 'AB-', 'A');
INSERT INTO users (id, role_id, username, email, password_hash, is_active) VALUES (157, 4, 'student104', '2221104.ece@pathshala.edu.in', '$2b$12$cmgDkq6jIKqKJhfp5NtXte6qOIpuYQVyNo0JGROE.lE83pi2rEZWm', 1);
INSERT INTO student_profiles (id, user_id, roll_no, enrollment_no, first_name, last_name, dob, gender, phone, address, dept_id, course_id, current_semester, batch, personal_email, pathshala_email, alternative_phone, father_name, father_occupation, mother_name, mother_occupation, permanent_address, current_address, blood_group, section) VALUES (104, 157, '2221104', 'ENR-2221104', 'Khushi', 'Singh', '2004-04-11', 'Female', '9876500104', 'Pathshala Hostel Block C, Room 460', 2, 2, 4, '2024', 'student104.personal@gmail.com', '2221104.ece@pathshala.edu.in', '9123400104', 'Ramesh Singh', 'Private Service', 'Sunita Singh', 'Government Service', 'Kadam Kuan, Patna, Bihar', 'Pathshala Hostel Block C, Room 460', 'A+', 'B');
INSERT INTO users (id, role_id, username, email, password_hash, is_active) VALUES (158, 4, 'student105', '2221105.ece@pathshala.edu.in', '$2b$12$cmgDkq6jIKqKJhfp5NtXte6qOIpuYQVyNo0JGROE.lE83pi2rEZWm', 1);
INSERT INTO student_profiles (id, user_id, roll_no, enrollment_no, first_name, last_name, dob, gender, phone, address, dept_id, course_id, current_semester, batch, personal_email, pathshala_email, alternative_phone, father_name, father_occupation, mother_name, mother_occupation, permanent_address, current_address, blood_group, section) VALUES (105, 158, '2221105', 'ENR-2221105', 'Aditya', 'Desai', '2004-05-28', 'Female', '9876500105', 'Pathshala Hostel Block B, Room 288', 2, 2, 5, '2023', 'student105.personal@gmail.com', '2221105.ece@pathshala.edu.in', '9123400105', 'Anil Desai', 'Doctor', 'Aarti Desai', 'Doctor', '45, Park Street, Kolkata, West Bengal', 'Pathshala Hostel Block B, Room 288', 'O-', 'A');
INSERT INTO users (id, role_id, username, email, password_hash, is_active) VALUES (159, 4, 'student106', '2221106.ece@pathshala.edu.in', '$2b$12$cmgDkq6jIKqKJhfp5NtXte6qOIpuYQVyNo0JGROE.lE83pi2rEZWm', 1);
INSERT INTO student_profiles (id, user_id, roll_no, enrollment_no, first_name, last_name, dob, gender, phone, address, dept_id, course_id, current_semester, batch, personal_email, pathshala_email, alternative_phone, father_name, father_occupation, mother_name, mother_occupation, permanent_address, current_address, blood_group, section) VALUES (106, 159, '2221106', 'ENR-2221106', 'Priyesh', 'Malhotra', '2003-02-09', 'Female', '9876500106', 'Pathshala Hostel Block A, Room 378', 2, 2, 5, '2023', 'student106.personal@gmail.com', '2221106.ece@pathshala.edu.in', '9123400106', 'Harish Malhotra', 'Homemaker', 'Rekha Malhotra', 'Engineer', '45, Park Street, Kolkata, West Bengal', 'Pathshala Hostel Block A, Room 378', 'B-', 'B');
INSERT INTO users (id, role_id, username, email, password_hash, is_active) VALUES (160, 4, 'student107', '2221107.ece@pathshala.edu.in', '$2b$12$cmgDkq6jIKqKJhfp5NtXte6qOIpuYQVyNo0JGROE.lE83pi2rEZWm', 1);
INSERT INTO student_profiles (id, user_id, roll_no, enrollment_no, first_name, last_name, dob, gender, phone, address, dept_id, course_id, current_semester, batch, personal_email, pathshala_email, alternative_phone, father_name, father_occupation, mother_name, mother_occupation, permanent_address, current_address, blood_group, section) VALUES (107, 160, '2221107', 'ENR-2221107', 'Neha', 'Kumar', '2004-04-14', 'Female', '9876500107', 'Pathshala Hostel Block B, Room 133', 2, 2, 6, '2023', 'student107.personal@gmail.com', '2221107.ece@pathshala.edu.in', '9123400107', 'Pradeep Kumar', 'Private Service', 'Lata Kumar', 'Manager', '12, Marine Drive, Mumbai, Maharashtra', 'Pathshala Hostel Block B, Room 133', 'A-', 'A');
INSERT INTO users (id, role_id, username, email, password_hash, is_active) VALUES (161, 4, 'student108', '2221108.ece@pathshala.edu.in', '$2b$12$cmgDkq6jIKqKJhfp5NtXte6qOIpuYQVyNo0JGROE.lE83pi2rEZWm', 1);
INSERT INTO student_profiles (id, user_id, roll_no, enrollment_no, first_name, last_name, dob, gender, phone, address, dept_id, course_id, current_semester, batch, personal_email, pathshala_email, alternative_phone, father_name, father_occupation, mother_name, mother_occupation, permanent_address, current_address, blood_group, section) VALUES (108, 161, '2221108', 'ENR-2221108', 'Sneha', 'Singh', '2002-01-23', 'Male', '9876500108', 'Pathshala Hostel Block A, Room 222', 2, 2, 6, '2023', 'student108.personal@gmail.com', '2221108.ece@pathshala.edu.in', '9123400108', 'Satish Singh', 'Business Owner', 'Seema Singh', 'Doctor', '123, MG Road, Sector 4, Bangalore, Karnataka', 'Pathshala Hostel Block A, Room 222', 'O-', 'B');
INSERT INTO users (id, role_id, username, email, password_hash, is_active) VALUES (162, 4, 'student109', '2221109.ece@pathshala.edu.in', '$2b$12$cmgDkq6jIKqKJhfp5NtXte6qOIpuYQVyNo0JGROE.lE83pi2rEZWm', 1);
INSERT INTO student_profiles (id, user_id, roll_no, enrollment_no, first_name, last_name, dob, gender, phone, address, dept_id, course_id, current_semester, batch, personal_email, pathshala_email, alternative_phone, father_name, father_occupation, mother_name, mother_occupation, permanent_address, current_address, blood_group, section) VALUES (109, 162, '2221109', 'ENR-2221109', 'Arjun', 'Pillai', '2004-03-16', 'Female', '9876500109', 'Pathshala Hostel Block D, Room 465', 2, 2, 7, '2022', 'student109.personal@gmail.com', '2221109.ece@pathshala.edu.in', '9123400109', 'Sunil Pillai', 'Engineer', 'Sunita Pillai', 'Homemaker', '78, Anna Salai, Chennai, Tamil Nadu', 'Pathshala Hostel Block D, Room 465', 'A-', 'A');
INSERT INTO users (id, role_id, username, email, password_hash, is_active) VALUES (163, 4, 'student110', '2221110.ece@pathshala.edu.in', '$2b$12$cmgDkq6jIKqKJhfp5NtXte6qOIpuYQVyNo0JGROE.lE83pi2rEZWm', 1);
INSERT INTO student_profiles (id, user_id, roll_no, enrollment_no, first_name, last_name, dob, gender, phone, address, dept_id, course_id, current_semester, batch, personal_email, pathshala_email, alternative_phone, father_name, father_occupation, mother_name, mother_occupation, permanent_address, current_address, blood_group, section) VALUES (110, 163, '2221110', 'ENR-2221110', 'Suresh', 'Pillai', '2003-08-13', 'Male', '9876500110', 'Pathshala Hostel Block A, Room 213', 2, 2, 7, '2022', 'student110.personal@gmail.com', '2221110.ece@pathshala.edu.in', '9123400110', 'Alok Pillai', 'Business Owner', 'Rekha Pillai', 'Clerk', '78, Anna Salai, Chennai, Tamil Nadu', 'Pathshala Hostel Block A, Room 213', 'B-', 'B');
INSERT INTO users (id, role_id, username, email, password_hash, is_active) VALUES (164, 4, 'student111', '2221111.ece@pathshala.edu.in', '$2b$12$cmgDkq6jIKqKJhfp5NtXte6qOIpuYQVyNo0JGROE.lE83pi2rEZWm', 1);
INSERT INTO student_profiles (id, user_id, roll_no, enrollment_no, first_name, last_name, dob, gender, phone, address, dept_id, course_id, current_semester, batch, personal_email, pathshala_email, alternative_phone, father_name, father_occupation, mother_name, mother_occupation, permanent_address, current_address, blood_group, section) VALUES (111, 164, '2221111', 'ENR-2221111', 'Vivaan', 'Kapoor', '2004-04-05', 'Female', '9876500111', 'Pathshala Hostel Block A, Room 299', 2, 2, 8, '2022', 'student111.personal@gmail.com', '2221111.ece@pathshala.edu.in', '9123400111', 'Satish Kapoor', 'Business Owner', 'Lata Kapoor', 'Government Service', 'Salt Lake, Sector V, Kolkata', 'Pathshala Hostel Block A, Room 299', 'AB-', 'A');
INSERT INTO users (id, role_id, username, email, password_hash, is_active) VALUES (165, 4, 'student112', '2221112.ece@pathshala.edu.in', '$2b$12$cmgDkq6jIKqKJhfp5NtXte6qOIpuYQVyNo0JGROE.lE83pi2rEZWm', 1);
INSERT INTO student_profiles (id, user_id, roll_no, enrollment_no, first_name, last_name, dob, gender, phone, address, dept_id, course_id, current_semester, batch, personal_email, pathshala_email, alternative_phone, father_name, father_occupation, mother_name, mother_occupation, permanent_address, current_address, blood_group, section) VALUES (112, 165, '2221112', 'ENR-2221112', 'Reyansh', 'Patel', '2002-04-30', 'Male', '9876500112', 'Pathshala Hostel Block C, Room 277', 2, 2, 8, '2022', 'student112.personal@gmail.com', '2221112.ece@pathshala.edu.in', '9123400112', 'Pradeep Patel', 'Homemaker', 'Asha Patel', 'Clerk', '45, Park Street, Kolkata, West Bengal', 'Pathshala Hostel Block C, Room 277', 'A+', 'B');
INSERT INTO users (id, role_id, username, email, password_hash, is_active) VALUES (166, 4, 'student113', '2221113.mec@pathshala.edu.in', '$2b$12$cmgDkq6jIKqKJhfp5NtXte6qOIpuYQVyNo0JGROE.lE83pi2rEZWm', 1);
INSERT INTO student_profiles (id, user_id, roll_no, enrollment_no, first_name, last_name, dob, gender, phone, address, dept_id, course_id, current_semester, batch, personal_email, pathshala_email, alternative_phone, father_name, father_occupation, mother_name, mother_occupation, permanent_address, current_address, blood_group, section) VALUES (113, 166, '2221113', 'ENR-2221113', 'Diya', 'Shah', '2002-07-15', 'Male', '9876500113', 'Pathshala Hostel Block D, Room 437', 3, 3, 1, '2025', 'student113.personal@gmail.com', '2221113.mec@pathshala.edu.in', '9123400113', 'Sunil Shah', 'Manager', 'Kiran Shah', 'Engineer', '78, Anna Salai, Chennai, Tamil Nadu', 'Pathshala Hostel Block D, Room 437', 'AB-', 'A');
INSERT INTO users (id, role_id, username, email, password_hash, is_active) VALUES (167, 4, 'student114', '2221114.mec@pathshala.edu.in', '$2b$12$cmgDkq6jIKqKJhfp5NtXte6qOIpuYQVyNo0JGROE.lE83pi2rEZWm', 1);
INSERT INTO student_profiles (id, user_id, roll_no, enrollment_no, first_name, last_name, dob, gender, phone, address, dept_id, course_id, current_semester, batch, personal_email, pathshala_email, alternative_phone, father_name, father_occupation, mother_name, mother_occupation, permanent_address, current_address, blood_group, section) VALUES (114, 167, '2221114', 'ENR-2221114', 'Aayush', 'Iyer', '2002-09-08', 'Male', '9876500114', 'Pathshala Hostel Block B, Room 417', 3, 3, 1, '2025', 'student114.personal@gmail.com', '2221114.mec@pathshala.edu.in', '9123400114', 'Harish Iyer', 'Government Service', 'Sunita Iyer', 'Business Owner', 'Kadam Kuan, Patna, Bihar', 'Pathshala Hostel Block B, Room 417', 'B-', 'B');
INSERT INTO users (id, role_id, username, email, password_hash, is_active) VALUES (168, 4, 'student115', '2221115.mec@pathshala.edu.in', '$2b$12$cmgDkq6jIKqKJhfp5NtXte6qOIpuYQVyNo0JGROE.lE83pi2rEZWm', 1);
INSERT INTO student_profiles (id, user_id, roll_no, enrollment_no, first_name, last_name, dob, gender, phone, address, dept_id, course_id, current_semester, batch, personal_email, pathshala_email, alternative_phone, father_name, father_occupation, mother_name, mother_occupation, permanent_address, current_address, blood_group, section) VALUES (115, 168, '2221115', 'ENR-2221115', 'Rohan', 'Patil', '2003-07-23', 'Female', '9876500115', 'Pathshala Hostel Block C, Room 464', 3, 3, 2, '2025', 'student115.personal@gmail.com', '2221115.mec@pathshala.edu.in', '9123400115', 'Ashok Patil', 'Farmer', 'Kiran Patil', 'Private Service', '123, MG Road, Sector 4, Bangalore, Karnataka', 'Pathshala Hostel Block C, Room 464', 'AB+', 'A');
INSERT INTO users (id, role_id, username, email, password_hash, is_active) VALUES (169, 4, 'student116', '2221116.mec@pathshala.edu.in', '$2b$12$cmgDkq6jIKqKJhfp5NtXte6qOIpuYQVyNo0JGROE.lE83pi2rEZWm', 1);
INSERT INTO student_profiles (id, user_id, roll_no, enrollment_no, first_name, last_name, dob, gender, phone, address, dept_id, course_id, current_semester, batch, personal_email, pathshala_email, alternative_phone, father_name, father_occupation, mother_name, mother_occupation, permanent_address, current_address, blood_group, section) VALUES (116, 169, '2221116', 'ENR-2221116', 'Priyesh', 'Das', '2004-06-26', 'Male', '9876500116', 'Pathshala Hostel Block C, Room 453', 3, 3, 2, '2025', 'student116.personal@gmail.com', '2221116.mec@pathshala.edu.in', '9123400116', 'Vinod Das', 'Manager', 'Kiran Das', 'Private Service', '99, Gachibowli, Hyderabad, Telangana', 'Pathshala Hostel Block C, Room 453', 'A-', 'B');
INSERT INTO users (id, role_id, username, email, password_hash, is_active) VALUES (170, 4, 'student117', '2221117.mec@pathshala.edu.in', '$2b$12$cmgDkq6jIKqKJhfp5NtXte6qOIpuYQVyNo0JGROE.lE83pi2rEZWm', 1);
INSERT INTO student_profiles (id, user_id, roll_no, enrollment_no, first_name, last_name, dob, gender, phone, address, dept_id, course_id, current_semester, batch, personal_email, pathshala_email, alternative_phone, father_name, father_occupation, mother_name, mother_occupation, permanent_address, current_address, blood_group, section) VALUES (117, 170, '2221117', 'ENR-2221117', 'Ramesh', 'Bose', '2004-04-03', 'Male', '9876500117', 'Pathshala Hostel Block A, Room 436', 3, 3, 3, '2024', 'student117.personal@gmail.com', '2221117.mec@pathshala.edu.in', '9123400117', 'Mahesh Bose', 'Business Owner', 'Geeta Bose', 'Manager', 'Sector 15, Noida, Uttar Pradesh', 'Pathshala Hostel Block A, Room 436', 'AB+', 'A');
INSERT INTO users (id, role_id, username, email, password_hash, is_active) VALUES (171, 4, 'student118', '2221118.mec@pathshala.edu.in', '$2b$12$cmgDkq6jIKqKJhfp5NtXte6qOIpuYQVyNo0JGROE.lE83pi2rEZWm', 1);
INSERT INTO student_profiles (id, user_id, roll_no, enrollment_no, first_name, last_name, dob, gender, phone, address, dept_id, course_id, current_semester, batch, personal_email, pathshala_email, alternative_phone, father_name, father_occupation, mother_name, mother_occupation, permanent_address, current_address, blood_group, section) VALUES (118, 171, '2221118', 'ENR-2221118', 'Khushi', 'Patil', '2003-12-28', 'Male', '9876500118', 'Pathshala Hostel Block C, Room 473', 3, 3, 3, '2024', 'student118.personal@gmail.com', '2221118.mec@pathshala.edu.in', '9123400118', 'Mahesh Patil', 'Doctor', 'Geeta Patil', 'Teacher', 'Kadam Kuan, Patna, Bihar', 'Pathshala Hostel Block C, Room 473', 'AB-', 'B');
INSERT INTO users (id, role_id, username, email, password_hash, is_active) VALUES (172, 4, 'student119', '2221119.mec@pathshala.edu.in', '$2b$12$cmgDkq6jIKqKJhfp5NtXte6qOIpuYQVyNo0JGROE.lE83pi2rEZWm', 1);
INSERT INTO student_profiles (id, user_id, roll_no, enrollment_no, first_name, last_name, dob, gender, phone, address, dept_id, course_id, current_semester, batch, personal_email, pathshala_email, alternative_phone, father_name, father_occupation, mother_name, mother_occupation, permanent_address, current_address, blood_group, section) VALUES (119, 172, '2221119', 'ENR-2221119', 'Tushar', 'Singh', '2002-12-15', 'Female', '9876500119', 'Pathshala Hostel Block A, Room 227', 3, 3, 4, '2024', 'student119.personal@gmail.com', '2221119.mec@pathshala.edu.in', '9123400119', 'Harish Singh', 'Homemaker', 'Sunita Singh', 'Manager', 'Kadam Kuan, Patna, Bihar', 'Pathshala Hostel Block A, Room 227', 'O-', 'A');
INSERT INTO users (id, role_id, username, email, password_hash, is_active) VALUES (173, 4, 'student120', '2221120.mec@pathshala.edu.in', '$2b$12$cmgDkq6jIKqKJhfp5NtXte6qOIpuYQVyNo0JGROE.lE83pi2rEZWm', 1);
INSERT INTO student_profiles (id, user_id, roll_no, enrollment_no, first_name, last_name, dob, gender, phone, address, dept_id, course_id, current_semester, batch, personal_email, pathshala_email, alternative_phone, father_name, father_occupation, mother_name, mother_occupation, permanent_address, current_address, blood_group, section) VALUES (120, 173, '2221120', 'ENR-2221120', 'Neha', 'Patil', '2004-03-29', 'Female', '9876500120', 'Pathshala Hostel Block C, Room 437', 3, 3, 4, '2024', 'student120.personal@gmail.com', '2221120.mec@pathshala.edu.in', '9123400120', 'Vijay Patil', 'Doctor', 'Rekha Patil', 'Retired', '99, Gachibowli, Hyderabad, Telangana', 'Pathshala Hostel Block C, Room 437', 'A-', 'B');
INSERT INTO users (id, role_id, username, email, password_hash, is_active) VALUES (174, 4, 'student121', '2221121.mec@pathshala.edu.in', '$2b$12$cmgDkq6jIKqKJhfp5NtXte6qOIpuYQVyNo0JGROE.lE83pi2rEZWm', 1);
INSERT INTO student_profiles (id, user_id, roll_no, enrollment_no, first_name, last_name, dob, gender, phone, address, dept_id, course_id, current_semester, batch, personal_email, pathshala_email, alternative_phone, father_name, father_occupation, mother_name, mother_occupation, permanent_address, current_address, blood_group, section) VALUES (121, 174, '2221121', 'ENR-2221121', 'Sunil', 'Mishra', '2004-07-20', 'Male', '9876500121', 'Pathshala Hostel Block C, Room 464', 3, 3, 5, '2023', 'student121.personal@gmail.com', '2221121.mec@pathshala.edu.in', '9123400121', 'Alok Mishra', 'Business Owner', 'Meena Mishra', 'Homemaker', '78, Anna Salai, Chennai, Tamil Nadu', 'Pathshala Hostel Block C, Room 464', 'O-', 'A');
INSERT INTO users (id, role_id, username, email, password_hash, is_active) VALUES (175, 4, 'student122', '2221122.mec@pathshala.edu.in', '$2b$12$cmgDkq6jIKqKJhfp5NtXte6qOIpuYQVyNo0JGROE.lE83pi2rEZWm', 1);
INSERT INTO student_profiles (id, user_id, roll_no, enrollment_no, first_name, last_name, dob, gender, phone, address, dept_id, course_id, current_semester, batch, personal_email, pathshala_email, alternative_phone, father_name, father_occupation, mother_name, mother_occupation, permanent_address, current_address, blood_group, section) VALUES (122, 175, '2221122', 'ENR-2221122', 'Atharva', 'Singh', '2003-04-21', 'Male', '9876500122', 'Pathshala Hostel Block B, Room 416', 3, 3, 5, '2023', 'student122.personal@gmail.com', '2221122.mec@pathshala.edu.in', '9123400122', 'Harish Singh', 'Retired', 'Rekha Singh', 'Engineer', 'Mall Road, Shimla, Himachal Pradesh', 'Pathshala Hostel Block B, Room 416', 'A-', 'B');
INSERT INTO users (id, role_id, username, email, password_hash, is_active) VALUES (176, 4, 'student123', '2221123.mec@pathshala.edu.in', '$2b$12$cmgDkq6jIKqKJhfp5NtXte6qOIpuYQVyNo0JGROE.lE83pi2rEZWm', 1);
INSERT INTO student_profiles (id, user_id, roll_no, enrollment_no, first_name, last_name, dob, gender, phone, address, dept_id, course_id, current_semester, batch, personal_email, pathshala_email, alternative_phone, father_name, father_occupation, mother_name, mother_occupation, permanent_address, current_address, blood_group, section) VALUES (123, 176, '2221123', 'ENR-2221123', 'Rajesh', 'Singh', '2004-04-16', 'Male', '9876500123', 'Pathshala Hostel Block A, Room 308', 3, 3, 6, '2023', 'student123.personal@gmail.com', '2221123.mec@pathshala.edu.in', '9123400123', 'Dinesh Singh', 'Manager', 'Pooja Singh', 'Retired', 'Mall Road, Shimla, Himachal Pradesh', 'Pathshala Hostel Block A, Room 308', 'O+', 'A');
INSERT INTO users (id, role_id, username, email, password_hash, is_active) VALUES (177, 4, 'student124', '2221124.mec@pathshala.edu.in', '$2b$12$cmgDkq6jIKqKJhfp5NtXte6qOIpuYQVyNo0JGROE.lE83pi2rEZWm', 1);
INSERT INTO student_profiles (id, user_id, roll_no, enrollment_no, first_name, last_name, dob, gender, phone, address, dept_id, course_id, current_semester, batch, personal_email, pathshala_email, alternative_phone, father_name, father_occupation, mother_name, mother_occupation, permanent_address, current_address, blood_group, section) VALUES (124, 177, '2221124', 'ENR-2221124', 'Divya', 'Bose', '2004-01-09', 'Female', '9876500124', 'Pathshala Hostel Block D, Room 153', 3, 3, 6, '2023', 'student124.personal@gmail.com', '2221124.mec@pathshala.edu.in', '9123400124', 'Alok Bose', 'Business Owner', 'Geeta Bose', 'Clerk', '78, Anna Salai, Chennai, Tamil Nadu', 'Pathshala Hostel Block D, Room 153', 'B+', 'B');
INSERT INTO users (id, role_id, username, email, password_hash, is_active) VALUES (178, 4, 'student125', '2221125.mec@pathshala.edu.in', '$2b$12$cmgDkq6jIKqKJhfp5NtXte6qOIpuYQVyNo0JGROE.lE83pi2rEZWm', 1);
INSERT INTO student_profiles (id, user_id, roll_no, enrollment_no, first_name, last_name, dob, gender, phone, address, dept_id, course_id, current_semester, batch, personal_email, pathshala_email, alternative_phone, father_name, father_occupation, mother_name, mother_occupation, permanent_address, current_address, blood_group, section) VALUES (125, 178, '2221125', 'ENR-2221125', 'Suresh', 'Shah', '2003-06-01', 'Male', '9876500125', 'Pathshala Hostel Block A, Room 393', 3, 3, 7, '2022', 'student125.personal@gmail.com', '2221125.mec@pathshala.edu.in', '9123400125', 'Mahesh Shah', 'Manager', 'Asha Shah', 'Manager', '12, Marine Drive, Mumbai, Maharashtra', 'Pathshala Hostel Block A, Room 393', 'O+', 'A');
INSERT INTO users (id, role_id, username, email, password_hash, is_active) VALUES (179, 4, 'student126', '2221126.mec@pathshala.edu.in', '$2b$12$cmgDkq6jIKqKJhfp5NtXte6qOIpuYQVyNo0JGROE.lE83pi2rEZWm', 1);
INSERT INTO student_profiles (id, user_id, roll_no, enrollment_no, first_name, last_name, dob, gender, phone, address, dept_id, course_id, current_semester, batch, personal_email, pathshala_email, alternative_phone, father_name, father_occupation, mother_name, mother_occupation, permanent_address, current_address, blood_group, section) VALUES (126, 179, '2221126', 'ENR-2221126', 'Vivaan', 'Banerjee', '2002-04-17', 'Female', '9876500126', 'Pathshala Hostel Block A, Room 249', 3, 3, 7, '2022', 'student126.personal@gmail.com', '2221126.mec@pathshala.edu.in', '9123400126', 'Alok Banerjee', 'Teacher', 'Asha Banerjee', 'Government Service', '45, Park Street, Kolkata, West Bengal', 'Pathshala Hostel Block A, Room 249', 'A-', 'B');
INSERT INTO users (id, role_id, username, email, password_hash, is_active) VALUES (180, 4, 'student127', '2221127.mec@pathshala.edu.in', '$2b$12$cmgDkq6jIKqKJhfp5NtXte6qOIpuYQVyNo0JGROE.lE83pi2rEZWm', 1);
INSERT INTO student_profiles (id, user_id, roll_no, enrollment_no, first_name, last_name, dob, gender, phone, address, dept_id, course_id, current_semester, batch, personal_email, pathshala_email, alternative_phone, father_name, father_occupation, mother_name, mother_occupation, permanent_address, current_address, blood_group, section) VALUES (127, 180, '2221127', 'ENR-2221127', 'Reyansh', 'Desai', '2002-07-05', 'Female', '9876500127', 'Pathshala Hostel Block D, Room 171', 3, 3, 8, '2022', 'student127.personal@gmail.com', '2221127.mec@pathshala.edu.in', '9123400127', 'Anil Desai', 'Engineer', 'Asha Desai', 'Government Service', '78, Anna Salai, Chennai, Tamil Nadu', 'Pathshala Hostel Block D, Room 171', 'B+', 'A');
INSERT INTO users (id, role_id, username, email, password_hash, is_active) VALUES (181, 4, 'student128', '2221128.mec@pathshala.edu.in', '$2b$12$cmgDkq6jIKqKJhfp5NtXte6qOIpuYQVyNo0JGROE.lE83pi2rEZWm', 1);
INSERT INTO student_profiles (id, user_id, roll_no, enrollment_no, first_name, last_name, dob, gender, phone, address, dept_id, course_id, current_semester, batch, personal_email, pathshala_email, alternative_phone, father_name, father_occupation, mother_name, mother_occupation, permanent_address, current_address, blood_group, section) VALUES (128, 181, '2221128', 'ENR-2221128', 'Ananya', 'Choudhury', '2003-02-21', 'Female', '9876500128', 'Pathshala Hostel Block D, Room 196', 3, 3, 8, '2022', 'student128.personal@gmail.com', '2221128.mec@pathshala.edu.in', '9123400128', 'Ramesh Choudhury', 'Retired', 'Meena Choudhury', 'Clerk', '78, Anna Salai, Chennai, Tamil Nadu', 'Pathshala Hostel Block D, Room 196', 'O-', 'B');
INSERT INTO users (id, role_id, username, email, password_hash, is_active) VALUES (182, 4, 'student129', '2221129.civ@pathshala.edu.in', '$2b$12$cmgDkq6jIKqKJhfp5NtXte6qOIpuYQVyNo0JGROE.lE83pi2rEZWm', 1);
INSERT INTO student_profiles (id, user_id, roll_no, enrollment_no, first_name, last_name, dob, gender, phone, address, dept_id, course_id, current_semester, batch, personal_email, pathshala_email, alternative_phone, father_name, father_occupation, mother_name, mother_occupation, permanent_address, current_address, blood_group, section) VALUES (129, 182, '2221129', 'ENR-2221129', 'Neha', 'Banerjee', '2002-07-05', 'Female', '9876500129', 'Pathshala Hostel Block C, Room 328', 4, 4, 1, '2025', 'student129.personal@gmail.com', '2221129.civ@pathshala.edu.in', '9123400129', 'Vijay Banerjee', 'Private Service', 'Seema Banerjee', 'Engineer', 'Civil Lines, Jaipur, Rajasthan', 'Pathshala Hostel Block C, Room 328', 'A+', 'A');
INSERT INTO users (id, role_id, username, email, password_hash, is_active) VALUES (183, 4, 'student130', '2221130.civ@pathshala.edu.in', '$2b$12$cmgDkq6jIKqKJhfp5NtXte6qOIpuYQVyNo0JGROE.lE83pi2rEZWm', 1);
INSERT INTO student_profiles (id, user_id, roll_no, enrollment_no, first_name, last_name, dob, gender, phone, address, dept_id, course_id, current_semester, batch, personal_email, pathshala_email, alternative_phone, father_name, father_occupation, mother_name, mother_occupation, permanent_address, current_address, blood_group, section) VALUES (130, 183, '2221130', 'ENR-2221130', 'Anvi', 'Kapoor', '2003-11-21', 'Male', '9876500130', 'Pathshala Hostel Block D, Room 487', 4, 4, 1, '2025', 'student130.personal@gmail.com', '2221130.civ@pathshala.edu.in', '9123400130', 'Deepak Kapoor', 'Clerk', 'Shanti Kapoor', 'Retired', '78, Anna Salai, Chennai, Tamil Nadu', 'Pathshala Hostel Block D, Room 487', 'O-', 'B');
INSERT INTO users (id, role_id, username, email, password_hash, is_active) VALUES (184, 4, 'student131', '2221131.civ@pathshala.edu.in', '$2b$12$cmgDkq6jIKqKJhfp5NtXte6qOIpuYQVyNo0JGROE.lE83pi2rEZWm', 1);
INSERT INTO student_profiles (id, user_id, roll_no, enrollment_no, first_name, last_name, dob, gender, phone, address, dept_id, course_id, current_semester, batch, personal_email, pathshala_email, alternative_phone, father_name, father_occupation, mother_name, mother_occupation, permanent_address, current_address, blood_group, section) VALUES (131, 184, '2221131', 'ENR-2221131', 'Pooja', 'Sen', '2002-08-26', 'Male', '9876500131', 'Pathshala Hostel Block A, Room 126', 4, 4, 2, '2025', 'student131.personal@gmail.com', '2221131.civ@pathshala.edu.in', '9123400131', 'Pradeep Sen', 'Business Owner', 'Seema Sen', 'Consultant', 'Sector 15, Noida, Uttar Pradesh', 'Pathshala Hostel Block A, Room 126', 'O+', 'A');
INSERT INTO users (id, role_id, username, email, password_hash, is_active) VALUES (185, 4, 'student132', '2221132.civ@pathshala.edu.in', '$2b$12$cmgDkq6jIKqKJhfp5NtXte6qOIpuYQVyNo0JGROE.lE83pi2rEZWm', 1);
INSERT INTO student_profiles (id, user_id, roll_no, enrollment_no, first_name, last_name, dob, gender, phone, address, dept_id, course_id, current_semester, batch, personal_email, pathshala_email, alternative_phone, father_name, father_occupation, mother_name, mother_occupation, permanent_address, current_address, blood_group, section) VALUES (132, 185, '2221132', 'ENR-2221132', 'Divya', 'Bhat', '2002-12-04', 'Male', '9876500132', 'Pathshala Hostel Block B, Room 306', 4, 4, 2, '2025', 'student132.personal@gmail.com', '2221132.civ@pathshala.edu.in', '9123400132', 'Harish Bhat', 'Teacher', 'Pooja Bhat', 'Engineer', 'Kadam Kuan, Patna, Bihar', 'Pathshala Hostel Block B, Room 306', 'B-', 'B');
INSERT INTO users (id, role_id, username, email, password_hash, is_active) VALUES (186, 4, 'student133', '2221133.civ@pathshala.edu.in', '$2b$12$cmgDkq6jIKqKJhfp5NtXte6qOIpuYQVyNo0JGROE.lE83pi2rEZWm', 1);
INSERT INTO student_profiles (id, user_id, roll_no, enrollment_no, first_name, last_name, dob, gender, phone, address, dept_id, course_id, current_semester, batch, personal_email, pathshala_email, alternative_phone, father_name, father_occupation, mother_name, mother_occupation, permanent_address, current_address, blood_group, section) VALUES (133, 186, '2221133', 'ENR-2221133', 'Ramesh', 'Mehta', '2004-06-25', 'Female', '9876500133', 'Pathshala Hostel Block B, Room 129', 4, 4, 3, '2024', 'student133.personal@gmail.com', '2221133.civ@pathshala.edu.in', '9123400133', 'Rajesh Mehta', 'Engineer', 'Lata Mehta', 'Consultant', 'Mall Road, Shimla, Himachal Pradesh', 'Pathshala Hostel Block B, Room 129', 'O+', 'A');
INSERT INTO users (id, role_id, username, email, password_hash, is_active) VALUES (187, 4, 'student134', '2221134.civ@pathshala.edu.in', '$2b$12$cmgDkq6jIKqKJhfp5NtXte6qOIpuYQVyNo0JGROE.lE83pi2rEZWm', 1);
INSERT INTO student_profiles (id, user_id, roll_no, enrollment_no, first_name, last_name, dob, gender, phone, address, dept_id, course_id, current_semester, batch, personal_email, pathshala_email, alternative_phone, father_name, father_occupation, mother_name, mother_occupation, permanent_address, current_address, blood_group, section) VALUES (134, 187, '2221134', 'ENR-2221134', 'Sunil', 'Shah', '2004-08-18', 'Male', '9876500134', 'Pathshala Hostel Block D, Room 391', 4, 4, 3, '2024', 'student134.personal@gmail.com', '2221134.civ@pathshala.edu.in', '9123400134', 'Vinod Shah', 'Engineer', 'Pushpa Shah', 'Retired', '123, MG Road, Sector 4, Bangalore, Karnataka', 'Pathshala Hostel Block D, Room 391', 'A+', 'B');
INSERT INTO users (id, role_id, username, email, password_hash, is_active) VALUES (188, 4, 'student135', '2221135.civ@pathshala.edu.in', '$2b$12$cmgDkq6jIKqKJhfp5NtXte6qOIpuYQVyNo0JGROE.lE83pi2rEZWm', 1);
INSERT INTO student_profiles (id, user_id, roll_no, enrollment_no, first_name, last_name, dob, gender, phone, address, dept_id, course_id, current_semester, batch, personal_email, pathshala_email, alternative_phone, father_name, father_occupation, mother_name, mother_occupation, permanent_address, current_address, blood_group, section) VALUES (135, 188, '2221135', 'ENR-2221135', 'Aayush', 'Banerjee', '2004-09-06', 'Female', '9876500135', 'Pathshala Hostel Block B, Room 202', 4, 4, 4, '2024', 'student135.personal@gmail.com', '2221135.civ@pathshala.edu.in', '9123400135', 'Satish Banerjee', 'Clerk', 'Seema Banerjee', 'Doctor', '45, Park Street, Kolkata, West Bengal', 'Pathshala Hostel Block B, Room 202', 'B-', 'A');
INSERT INTO users (id, role_id, username, email, password_hash, is_active) VALUES (189, 4, 'student136', '2221136.civ@pathshala.edu.in', '$2b$12$cmgDkq6jIKqKJhfp5NtXte6qOIpuYQVyNo0JGROE.lE83pi2rEZWm', 1);
INSERT INTO student_profiles (id, user_id, roll_no, enrollment_no, first_name, last_name, dob, gender, phone, address, dept_id, course_id, current_semester, batch, personal_email, pathshala_email, alternative_phone, father_name, father_occupation, mother_name, mother_occupation, permanent_address, current_address, blood_group, section) VALUES (136, 189, '2221136', 'ENR-2221136', 'Vikas', 'Kumar', '2003-08-11', 'Female', '9876500136', 'Pathshala Hostel Block B, Room 451', 4, 4, 4, '2024', 'student136.personal@gmail.com', '2221136.civ@pathshala.edu.in', '9123400136', 'Ashok Kumar', 'Manager', 'Rekha Kumar', 'Retired', 'Civil Lines, Jaipur, Rajasthan', 'Pathshala Hostel Block B, Room 451', 'B-', 'B');
INSERT INTO users (id, role_id, username, email, password_hash, is_active) VALUES (190, 4, 'student137', '2221137.civ@pathshala.edu.in', '$2b$12$cmgDkq6jIKqKJhfp5NtXte6qOIpuYQVyNo0JGROE.lE83pi2rEZWm', 1);
INSERT INTO student_profiles (id, user_id, roll_no, enrollment_no, first_name, last_name, dob, gender, phone, address, dept_id, course_id, current_semester, batch, personal_email, pathshala_email, alternative_phone, father_name, father_occupation, mother_name, mother_occupation, permanent_address, current_address, blood_group, section) VALUES (137, 190, '2221137', 'ENR-2221137', 'Neha', 'Kapoor', '2003-03-21', 'Female', '9876500137', 'Pathshala Hostel Block C, Room 132', 4, 4, 5, '2023', 'student137.personal@gmail.com', '2221137.civ@pathshala.edu.in', '9123400137', 'Suresh Kapoor', 'Manager', 'Aarti Kapoor', 'Retired', 'Mall Road, Shimla, Himachal Pradesh', 'Pathshala Hostel Block C, Room 132', 'A+', 'A');
INSERT INTO users (id, role_id, username, email, password_hash, is_active) VALUES (191, 4, 'student138', '2221138.civ@pathshala.edu.in', '$2b$12$cmgDkq6jIKqKJhfp5NtXte6qOIpuYQVyNo0JGROE.lE83pi2rEZWm', 1);
INSERT INTO student_profiles (id, user_id, roll_no, enrollment_no, first_name, last_name, dob, gender, phone, address, dept_id, course_id, current_semester, batch, personal_email, pathshala_email, alternative_phone, father_name, father_occupation, mother_name, mother_occupation, permanent_address, current_address, blood_group, section) VALUES (138, 191, '2221138', 'ENR-2221138', 'Pihu', 'Shah', '2003-10-29', 'Male', '9876500138', 'Pathshala Hostel Block B, Room 496', 4, 4, 5, '2023', 'student138.personal@gmail.com', '2221138.civ@pathshala.edu.in', '9123400138', 'Ramesh Shah', 'Teacher', 'Shanti Shah', 'Doctor', 'Kadam Kuan, Patna, Bihar', 'Pathshala Hostel Block B, Room 496', 'A-', 'B');
INSERT INTO users (id, role_id, username, email, password_hash, is_active) VALUES (192, 4, 'student139', '2221139.civ@pathshala.edu.in', '$2b$12$cmgDkq6jIKqKJhfp5NtXte6qOIpuYQVyNo0JGROE.lE83pi2rEZWm', 1);
INSERT INTO student_profiles (id, user_id, roll_no, enrollment_no, first_name, last_name, dob, gender, phone, address, dept_id, course_id, current_semester, batch, personal_email, pathshala_email, alternative_phone, father_name, father_occupation, mother_name, mother_occupation, permanent_address, current_address, blood_group, section) VALUES (139, 192, '2221139', 'ENR-2221139', 'Ishan', 'Kapoor', '2002-05-09', 'Male', '9876500139', 'Pathshala Hostel Block B, Room 229', 4, 4, 6, '2023', 'student139.personal@gmail.com', '2221139.civ@pathshala.edu.in', '9123400139', 'Pradeep Kapoor', 'Farmer', 'Asha Kapoor', 'Farmer', 'Mall Road, Shimla, Himachal Pradesh', 'Pathshala Hostel Block B, Room 229', 'A-', 'A');
INSERT INTO users (id, role_id, username, email, password_hash, is_active) VALUES (193, 4, 'student140', '2221140.civ@pathshala.edu.in', '$2b$12$cmgDkq6jIKqKJhfp5NtXte6qOIpuYQVyNo0JGROE.lE83pi2rEZWm', 1);
INSERT INTO student_profiles (id, user_id, roll_no, enrollment_no, first_name, last_name, dob, gender, phone, address, dept_id, course_id, current_semester, batch, personal_email, pathshala_email, alternative_phone, father_name, father_occupation, mother_name, mother_occupation, permanent_address, current_address, blood_group, section) VALUES (140, 193, '2221140', 'ENR-2221140', 'Ishan', 'Choudhury', '2003-07-01', 'Female', '9876500140', 'Pathshala Hostel Block B, Room 490', 4, 4, 6, '2023', 'student140.personal@gmail.com', '2221140.civ@pathshala.edu.in', '9123400140', 'Dinesh Choudhury', 'Homemaker', 'Geeta Choudhury', 'Private Service', '123, MG Road, Sector 4, Bangalore, Karnataka', 'Pathshala Hostel Block B, Room 490', 'O+', 'B');
INSERT INTO users (id, role_id, username, email, password_hash, is_active) VALUES (194, 4, 'student141', '2221141.civ@pathshala.edu.in', '$2b$12$cmgDkq6jIKqKJhfp5NtXte6qOIpuYQVyNo0JGROE.lE83pi2rEZWm', 1);
INSERT INTO student_profiles (id, user_id, roll_no, enrollment_no, first_name, last_name, dob, gender, phone, address, dept_id, course_id, current_semester, batch, personal_email, pathshala_email, alternative_phone, father_name, father_occupation, mother_name, mother_occupation, permanent_address, current_address, blood_group, section) VALUES (141, 194, '2221141', 'ENR-2221141', 'Vikas', 'Bhat', '2003-04-08', 'Female', '9876500141', 'Pathshala Hostel Block A, Room 413', 4, 4, 7, '2022', 'student141.personal@gmail.com', '2221141.civ@pathshala.edu.in', '9123400141', 'Mahesh Bhat', 'Retired', 'Rekha Bhat', 'Manager', '99, Gachibowli, Hyderabad, Telangana', 'Pathshala Hostel Block A, Room 413', 'AB+', 'A');
INSERT INTO users (id, role_id, username, email, password_hash, is_active) VALUES (195, 4, 'student142', '2221142.civ@pathshala.edu.in', '$2b$12$cmgDkq6jIKqKJhfp5NtXte6qOIpuYQVyNo0JGROE.lE83pi2rEZWm', 1);
INSERT INTO student_profiles (id, user_id, roll_no, enrollment_no, first_name, last_name, dob, gender, phone, address, dept_id, course_id, current_semester, batch, personal_email, pathshala_email, alternative_phone, father_name, father_occupation, mother_name, mother_occupation, permanent_address, current_address, blood_group, section) VALUES (142, 195, '2221142', 'ENR-2221142', 'Sachin', 'Banerjee', '2002-03-01', 'Male', '9876500142', 'Pathshala Hostel Block A, Room 143', 4, 4, 7, '2022', 'student142.personal@gmail.com', '2221142.civ@pathshala.edu.in', '9123400142', 'Dinesh Banerjee', 'Engineer', 'Aarti Banerjee', 'Homemaker', '45, Park Street, Kolkata, West Bengal', 'Pathshala Hostel Block A, Room 143', 'A+', 'B');
INSERT INTO users (id, role_id, username, email, password_hash, is_active) VALUES (196, 4, 'student143', '2221143.civ@pathshala.edu.in', '$2b$12$cmgDkq6jIKqKJhfp5NtXte6qOIpuYQVyNo0JGROE.lE83pi2rEZWm', 1);
INSERT INTO student_profiles (id, user_id, roll_no, enrollment_no, first_name, last_name, dob, gender, phone, address, dept_id, course_id, current_semester, batch, personal_email, pathshala_email, alternative_phone, father_name, father_occupation, mother_name, mother_occupation, permanent_address, current_address, blood_group, section) VALUES (143, 196, '2221143', 'ENR-2221143', 'Priya', 'Choudhury', '2003-01-07', 'Male', '9876500143', 'Pathshala Hostel Block C, Room 279', 4, 4, 8, '2022', 'student143.personal@gmail.com', '2221143.civ@pathshala.edu.in', '9123400143', 'Harish Choudhury', 'Consultant', 'Rekha Choudhury', 'Business Owner', 'Kadam Kuan, Patna, Bihar', 'Pathshala Hostel Block C, Room 279', 'B+', 'A');
INSERT INTO users (id, role_id, username, email, password_hash, is_active) VALUES (197, 4, 'student144', '2221144.civ@pathshala.edu.in', '$2b$12$cmgDkq6jIKqKJhfp5NtXte6qOIpuYQVyNo0JGROE.lE83pi2rEZWm', 1);
INSERT INTO student_profiles (id, user_id, roll_no, enrollment_no, first_name, last_name, dob, gender, phone, address, dept_id, course_id, current_semester, batch, personal_email, pathshala_email, alternative_phone, father_name, father_occupation, mother_name, mother_occupation, permanent_address, current_address, blood_group, section) VALUES (144, 197, '2221144', 'ENR-2221144', 'Shaurya', 'Pillai', '2003-08-10', 'Male', '9876500144', 'Pathshala Hostel Block A, Room 357', 4, 4, 8, '2022', 'student144.personal@gmail.com', '2221144.civ@pathshala.edu.in', '9123400144', 'Harish Pillai', 'Teacher', 'Seema Pillai', 'Doctor', 'Sector 15, Noida, Uttar Pradesh', 'Pathshala Hostel Block A, Room 357', 'A+', 'B');
INSERT INTO users (id, role_id, username, email, password_hash, is_active) VALUES (198, 4, 'student145', '2221145.bba@pathshala.edu.in', '$2b$12$cmgDkq6jIKqKJhfp5NtXte6qOIpuYQVyNo0JGROE.lE83pi2rEZWm', 1);
INSERT INTO student_profiles (id, user_id, roll_no, enrollment_no, first_name, last_name, dob, gender, phone, address, dept_id, course_id, current_semester, batch, personal_email, pathshala_email, alternative_phone, father_name, father_occupation, mother_name, mother_occupation, permanent_address, current_address, blood_group, section) VALUES (145, 198, '2221145', 'ENR-2221145', 'Amit', 'Bose', '2002-11-28', 'Female', '9876500145', 'Pathshala Hostel Block C, Room 349', 5, 5, 1, '2025', 'student145.personal@gmail.com', '2221145.bba@pathshala.edu.in', '9123400145', 'Alok Bose', 'Clerk', 'Kiran Bose', 'Private Service', 'Salt Lake, Sector V, Kolkata', 'Pathshala Hostel Block C, Room 349', 'AB+', 'A');
INSERT INTO users (id, role_id, username, email, password_hash, is_active) VALUES (199, 4, 'student146', '2221146.bba@pathshala.edu.in', '$2b$12$cmgDkq6jIKqKJhfp5NtXte6qOIpuYQVyNo0JGROE.lE83pi2rEZWm', 1);
INSERT INTO student_profiles (id, user_id, roll_no, enrollment_no, first_name, last_name, dob, gender, phone, address, dept_id, course_id, current_semester, batch, personal_email, pathshala_email, alternative_phone, father_name, father_occupation, mother_name, mother_occupation, permanent_address, current_address, blood_group, section) VALUES (146, 199, '2221146', 'ENR-2221146', 'Sai', 'Mishra', '2002-10-10', 'Female', '9876500146', 'Pathshala Hostel Block D, Room 122', 5, 5, 1, '2025', 'student146.personal@gmail.com', '2221146.bba@pathshala.edu.in', '9123400146', 'Ramesh Mishra', 'Retired', 'Kiran Mishra', 'Business Owner', 'Sector 15, Noida, Uttar Pradesh', 'Pathshala Hostel Block D, Room 122', 'O+', 'B');
INSERT INTO users (id, role_id, username, email, password_hash, is_active) VALUES (200, 4, 'student147', '2221147.bba@pathshala.edu.in', '$2b$12$cmgDkq6jIKqKJhfp5NtXte6qOIpuYQVyNo0JGROE.lE83pi2rEZWm', 1);
INSERT INTO student_profiles (id, user_id, roll_no, enrollment_no, first_name, last_name, dob, gender, phone, address, dept_id, course_id, current_semester, batch, personal_email, pathshala_email, alternative_phone, father_name, father_occupation, mother_name, mother_occupation, permanent_address, current_address, blood_group, section) VALUES (147, 200, '2221147', 'ENR-2221147', 'Aayush', 'Bhat', '2002-10-23', 'Male', '9876500147', 'Pathshala Hostel Block D, Room 416', 5, 5, 2, '2025', 'student147.personal@gmail.com', '2221147.bba@pathshala.edu.in', '9123400147', 'Anil Bhat', 'Manager', 'Asha Bhat', 'Private Service', '78, Anna Salai, Chennai, Tamil Nadu', 'Pathshala Hostel Block D, Room 416', 'A+', 'A');
INSERT INTO users (id, role_id, username, email, password_hash, is_active) VALUES (201, 4, 'student148', '2221148.bba@pathshala.edu.in', '$2b$12$cmgDkq6jIKqKJhfp5NtXte6qOIpuYQVyNo0JGROE.lE83pi2rEZWm', 1);
INSERT INTO student_profiles (id, user_id, roll_no, enrollment_no, first_name, last_name, dob, gender, phone, address, dept_id, course_id, current_semester, batch, personal_email, pathshala_email, alternative_phone, father_name, father_occupation, mother_name, mother_occupation, permanent_address, current_address, blood_group, section) VALUES (148, 201, '2221148', 'ENR-2221148', 'Arnav', 'Shah', '2003-09-30', 'Female', '9876500148', 'Pathshala Hostel Block C, Room 318', 5, 5, 2, '2025', 'student148.personal@gmail.com', '2221148.bba@pathshala.edu.in', '9123400148', 'Deepak Shah', 'Retired', 'Lata Shah', 'Homemaker', '45, Park Street, Kolkata, West Bengal', 'Pathshala Hostel Block C, Room 318', 'A+', 'B');
INSERT INTO users (id, role_id, username, email, password_hash, is_active) VALUES (202, 4, 'student149', '2221149.bba@pathshala.edu.in', '$2b$12$cmgDkq6jIKqKJhfp5NtXte6qOIpuYQVyNo0JGROE.lE83pi2rEZWm', 1);
INSERT INTO student_profiles (id, user_id, roll_no, enrollment_no, first_name, last_name, dob, gender, phone, address, dept_id, course_id, current_semester, batch, personal_email, pathshala_email, alternative_phone, father_name, father_occupation, mother_name, mother_occupation, permanent_address, current_address, blood_group, section) VALUES (149, 202, '2221149', 'ENR-2221149', 'Tushar', 'Gupta', '2003-06-29', 'Female', '9876500149', 'Pathshala Hostel Block B, Room 418', 5, 5, 3, '2024', 'student149.personal@gmail.com', '2221149.bba@pathshala.edu.in', '9123400149', 'Manoj Gupta', 'Manager', 'Asha Gupta', 'Manager', 'Kadam Kuan, Patna, Bihar', 'Pathshala Hostel Block B, Room 418', 'AB+', 'A');
INSERT INTO users (id, role_id, username, email, password_hash, is_active) VALUES (203, 4, 'student150', '2221150.bba@pathshala.edu.in', '$2b$12$cmgDkq6jIKqKJhfp5NtXte6qOIpuYQVyNo0JGROE.lE83pi2rEZWm', 1);
INSERT INTO student_profiles (id, user_id, roll_no, enrollment_no, first_name, last_name, dob, gender, phone, address, dept_id, course_id, current_semester, batch, personal_email, pathshala_email, alternative_phone, father_name, father_occupation, mother_name, mother_occupation, permanent_address, current_address, blood_group, section) VALUES (150, 203, '2221150', 'ENR-2221150', 'Aaradhya', 'Patel', '2003-02-22', 'Male', '9876500150', 'Pathshala Hostel Block A, Room 169', 5, 5, 3, '2024', 'student150.personal@gmail.com', '2221150.bba@pathshala.edu.in', '9123400150', 'Suresh Patel', 'Business Owner', 'Asha Patel', 'Private Service', '12, Marine Drive, Mumbai, Maharashtra', 'Pathshala Hostel Block A, Room 169', 'O-', 'B');
INSERT INTO users (id, role_id, username, email, password_hash, is_active) VALUES (204, 4, 'student151', '2221151.bba@pathshala.edu.in', '$2b$12$cmgDkq6jIKqKJhfp5NtXte6qOIpuYQVyNo0JGROE.lE83pi2rEZWm', 1);
INSERT INTO student_profiles (id, user_id, roll_no, enrollment_no, first_name, last_name, dob, gender, phone, address, dept_id, course_id, current_semester, batch, personal_email, pathshala_email, alternative_phone, father_name, father_occupation, mother_name, mother_occupation, permanent_address, current_address, blood_group, section) VALUES (151, 204, '2221151', 'ENR-2221151', 'Suresh', 'Chawla', '2003-06-28', 'Female', '9876500151', 'Pathshala Hostel Block D, Room 168', 5, 5, 4, '2024', 'student151.personal@gmail.com', '2221151.bba@pathshala.edu.in', '9123400151', 'Ashok Chawla', 'Clerk', 'Kavita Chawla', 'Consultant', '78, Anna Salai, Chennai, Tamil Nadu', 'Pathshala Hostel Block D, Room 168', 'A+', 'A');
INSERT INTO users (id, role_id, username, email, password_hash, is_active) VALUES (205, 4, 'student152', '2221152.bba@pathshala.edu.in', '$2b$12$cmgDkq6jIKqKJhfp5NtXte6qOIpuYQVyNo0JGROE.lE83pi2rEZWm', 1);
INSERT INTO student_profiles (id, user_id, roll_no, enrollment_no, first_name, last_name, dob, gender, phone, address, dept_id, course_id, current_semester, batch, personal_email, pathshala_email, alternative_phone, father_name, father_occupation, mother_name, mother_occupation, permanent_address, current_address, blood_group, section) VALUES (152, 205, '2221152', 'ENR-2221152', 'Anil', 'Gupta', '2003-09-08', 'Male', '9876500152', 'Pathshala Hostel Block C, Room 433', 5, 5, 4, '2024', 'student152.personal@gmail.com', '2221152.bba@pathshala.edu.in', '9123400152', 'Alok Gupta', 'Homemaker', 'Pooja Gupta', 'Farmer', '99, Gachibowli, Hyderabad, Telangana', 'Pathshala Hostel Block C, Room 433', 'A+', 'B');
INSERT INTO users (id, role_id, username, email, password_hash, is_active) VALUES (206, 4, 'student153', '2221153.bba@pathshala.edu.in', '$2b$12$cmgDkq6jIKqKJhfp5NtXte6qOIpuYQVyNo0JGROE.lE83pi2rEZWm', 1);
INSERT INTO student_profiles (id, user_id, roll_no, enrollment_no, first_name, last_name, dob, gender, phone, address, dept_id, course_id, current_semester, batch, personal_email, pathshala_email, alternative_phone, father_name, father_occupation, mother_name, mother_occupation, permanent_address, current_address, blood_group, section) VALUES (153, 206, '2221153', 'ENR-2221153', 'Khushi', 'Das', '2002-02-03', 'Male', '9876500153', 'Pathshala Hostel Block A, Room 473', 5, 5, 5, '2023', 'student153.personal@gmail.com', '2221153.bba@pathshala.edu.in', '9123400153', 'Pradeep Das', 'Teacher', 'Aarti Das', 'Business Owner', 'Sector 15, Noida, Uttar Pradesh', 'Pathshala Hostel Block A, Room 473', 'O-', 'A');
INSERT INTO users (id, role_id, username, email, password_hash, is_active) VALUES (207, 4, 'student154', '2221154.bba@pathshala.edu.in', '$2b$12$cmgDkq6jIKqKJhfp5NtXte6qOIpuYQVyNo0JGROE.lE83pi2rEZWm', 1);
INSERT INTO student_profiles (id, user_id, roll_no, enrollment_no, first_name, last_name, dob, gender, phone, address, dept_id, course_id, current_semester, batch, personal_email, pathshala_email, alternative_phone, father_name, father_occupation, mother_name, mother_occupation, permanent_address, current_address, blood_group, section) VALUES (154, 207, '2221154', 'ENR-2221154', 'Kabir', 'Desai', '2002-08-30', 'Female', '9876500154', 'Pathshala Hostel Block B, Room 357', 5, 5, 5, '2023', 'student154.personal@gmail.com', '2221154.bba@pathshala.edu.in', '9123400154', 'Vinod Desai', 'Clerk', 'Lata Desai', 'Private Service', '78, Anna Salai, Chennai, Tamil Nadu', 'Pathshala Hostel Block B, Room 357', 'AB-', 'B');
INSERT INTO users (id, role_id, username, email, password_hash, is_active) VALUES (208, 4, 'student155', '2221155.bba@pathshala.edu.in', '$2b$12$cmgDkq6jIKqKJhfp5NtXte6qOIpuYQVyNo0JGROE.lE83pi2rEZWm', 1);
INSERT INTO student_profiles (id, user_id, roll_no, enrollment_no, first_name, last_name, dob, gender, phone, address, dept_id, course_id, current_semester, batch, personal_email, pathshala_email, alternative_phone, father_name, father_occupation, mother_name, mother_occupation, permanent_address, current_address, blood_group, section) VALUES (155, 208, '2221155', 'ENR-2221155', 'Simran', 'Desai', '2004-06-22', 'Male', '9876500155', 'Pathshala Hostel Block A, Room 137', 5, 5, 6, '2023', 'student155.personal@gmail.com', '2221155.bba@pathshala.edu.in', '9123400155', 'Vinod Desai', 'Clerk', 'Kiran Desai', 'Consultant', 'Sector 15, Noida, Uttar Pradesh', 'Pathshala Hostel Block A, Room 137', 'O+', 'A');
INSERT INTO users (id, role_id, username, email, password_hash, is_active) VALUES (209, 4, 'student156', '2221156.bba@pathshala.edu.in', '$2b$12$cmgDkq6jIKqKJhfp5NtXte6qOIpuYQVyNo0JGROE.lE83pi2rEZWm', 1);
INSERT INTO student_profiles (id, user_id, roll_no, enrollment_no, first_name, last_name, dob, gender, phone, address, dept_id, course_id, current_semester, batch, personal_email, pathshala_email, alternative_phone, father_name, father_occupation, mother_name, mother_occupation, permanent_address, current_address, blood_group, section) VALUES (156, 209, '2221156', 'ENR-2221156', 'Sai', 'Mehta', '2004-04-28', 'Female', '9876500156', 'Pathshala Hostel Block B, Room 213', 5, 5, 6, '2023', 'student156.personal@gmail.com', '2221156.bba@pathshala.edu.in', '9123400156', 'Anil Mehta', 'Private Service', 'Rekha Mehta', 'Business Owner', 'Salt Lake, Sector V, Kolkata', 'Pathshala Hostel Block B, Room 213', 'AB+', 'B');
INSERT INTO users (id, role_id, username, email, password_hash, is_active) VALUES (210, 4, 'student157', '2221157.bba@pathshala.edu.in', '$2b$12$cmgDkq6jIKqKJhfp5NtXte6qOIpuYQVyNo0JGROE.lE83pi2rEZWm', 1);
INSERT INTO student_profiles (id, user_id, roll_no, enrollment_no, first_name, last_name, dob, gender, phone, address, dept_id, course_id, current_semester, batch, personal_email, pathshala_email, alternative_phone, father_name, father_occupation, mother_name, mother_occupation, permanent_address, current_address, blood_group, section) VALUES (157, 210, '2221157', 'ENR-2221157', 'Ishan', 'Patel', '2004-03-15', 'Male', '9876500157', 'Pathshala Hostel Block B, Room 494', 5, 5, 7, '2022', 'student157.personal@gmail.com', '2221157.bba@pathshala.edu.in', '9123400157', 'Harish Patel', 'Manager', 'Kavita Patel', 'Business Owner', 'Civil Lines, Jaipur, Rajasthan', 'Pathshala Hostel Block B, Room 494', 'B+', 'A');
INSERT INTO users (id, role_id, username, email, password_hash, is_active) VALUES (211, 4, 'student158', '2221158.bba@pathshala.edu.in', '$2b$12$cmgDkq6jIKqKJhfp5NtXte6qOIpuYQVyNo0JGROE.lE83pi2rEZWm', 1);
INSERT INTO student_profiles (id, user_id, roll_no, enrollment_no, first_name, last_name, dob, gender, phone, address, dept_id, course_id, current_semester, batch, personal_email, pathshala_email, alternative_phone, father_name, father_occupation, mother_name, mother_occupation, permanent_address, current_address, blood_group, section) VALUES (158, 211, '2221158', 'ENR-2221158', 'Krishna', 'Reddy', '2004-03-07', 'Male', '9876500158', 'Pathshala Hostel Block D, Room 185', 5, 5, 7, '2022', 'student158.personal@gmail.com', '2221158.bba@pathshala.edu.in', '9123400158', 'Anil Reddy', 'Manager', 'Kavita Reddy', 'Engineer', 'Sector 15, Noida, Uttar Pradesh', 'Pathshala Hostel Block D, Room 185', 'B+', 'B');
INSERT INTO users (id, role_id, username, email, password_hash, is_active) VALUES (212, 4, 'student159', '2221159.bba@pathshala.edu.in', '$2b$12$cmgDkq6jIKqKJhfp5NtXte6qOIpuYQVyNo0JGROE.lE83pi2rEZWm', 1);
INSERT INTO student_profiles (id, user_id, roll_no, enrollment_no, first_name, last_name, dob, gender, phone, address, dept_id, course_id, current_semester, batch, personal_email, pathshala_email, alternative_phone, father_name, father_occupation, mother_name, mother_occupation, permanent_address, current_address, blood_group, section) VALUES (159, 212, '2221159', 'ENR-2221159', 'Neha', 'Reddy', '2002-06-24', 'Female', '9876500159', 'Pathshala Hostel Block A, Room 484', 5, 5, 8, '2022', 'student159.personal@gmail.com', '2221159.bba@pathshala.edu.in', '9123400159', 'Manoj Reddy', 'Government Service', 'Geeta Reddy', 'Private Service', '78, Anna Salai, Chennai, Tamil Nadu', 'Pathshala Hostel Block A, Room 484', 'A+', 'A');
INSERT INTO users (id, role_id, username, email, password_hash, is_active) VALUES (213, 4, 'student160', '2221160.bba@pathshala.edu.in', '$2b$12$cmgDkq6jIKqKJhfp5NtXte6qOIpuYQVyNo0JGROE.lE83pi2rEZWm', 1);
INSERT INTO student_profiles (id, user_id, roll_no, enrollment_no, first_name, last_name, dob, gender, phone, address, dept_id, course_id, current_semester, batch, personal_email, pathshala_email, alternative_phone, father_name, father_occupation, mother_name, mother_occupation, permanent_address, current_address, blood_group, section) VALUES (160, 213, '2221160', 'ENR-2221160', 'Rahul', 'Patil', '2002-11-12', 'Female', '9876500160', 'Pathshala Hostel Block B, Room 484', 5, 5, 8, '2022', 'student160.personal@gmail.com', '2221160.bba@pathshala.edu.in', '9123400160', 'Anil Patil', 'Government Service', 'Seema Patil', 'Retired', '45, Park Street, Kolkata, West Bengal', 'Pathshala Hostel Block B, Room 484', 'O-', 'B');
INSERT INTO users (id, role_id, username, email, password_hash, is_active) VALUES (214, 4, 'student161', '2221161.cse@pathshala.edu.in', '$2b$12$cmgDkq6jIKqKJhfp5NtXte6qOIpuYQVyNo0JGROE.lE83pi2rEZWm', 1);
INSERT INTO student_profiles (id, user_id, roll_no, enrollment_no, first_name, last_name, dob, gender, phone, address, dept_id, course_id, current_semester, batch, personal_email, pathshala_email, alternative_phone, father_name, father_occupation, mother_name, mother_occupation, permanent_address, current_address, blood_group, section) VALUES (161, 214, '2221161', 'ENR-2221161', 'Kabir', 'Das', '2002-03-09', 'Male', '9876500161', 'Pathshala Hostel Block B, Room 488', 1, 1, 1, '2025', 'student161.personal@gmail.com', '2221161.cse@pathshala.edu.in', '9123400161', 'Harish Das', 'Homemaker', 'Seema Das', 'Business Owner', '123, MG Road, Sector 4, Bangalore, Karnataka', 'Pathshala Hostel Block B, Room 488', 'O-', 'A');
INSERT INTO users (id, role_id, username, email, password_hash, is_active) VALUES (215, 4, 'student162', '2221162.cse@pathshala.edu.in', '$2b$12$cmgDkq6jIKqKJhfp5NtXte6qOIpuYQVyNo0JGROE.lE83pi2rEZWm', 1);
INSERT INTO student_profiles (id, user_id, roll_no, enrollment_no, first_name, last_name, dob, gender, phone, address, dept_id, course_id, current_semester, batch, personal_email, pathshala_email, alternative_phone, father_name, father_occupation, mother_name, mother_occupation, permanent_address, current_address, blood_group, section) VALUES (162, 215, '2221162', 'ENR-2221162', 'Myra', 'Joshi', '2002-09-13', 'Male', '9876500162', 'Pathshala Hostel Block C, Room 417', 1, 1, 1, '2025', 'student162.personal@gmail.com', '2221162.cse@pathshala.edu.in', '9123400162', 'Rajesh Joshi', 'Doctor', 'Aarti Joshi', 'Homemaker', 'Civil Lines, Jaipur, Rajasthan', 'Pathshala Hostel Block C, Room 417', 'O+', 'B');
INSERT INTO users (id, role_id, username, email, password_hash, is_active) VALUES (216, 4, 'student163', '2221163.cse@pathshala.edu.in', '$2b$12$cmgDkq6jIKqKJhfp5NtXte6qOIpuYQVyNo0JGROE.lE83pi2rEZWm', 1);
INSERT INTO student_profiles (id, user_id, roll_no, enrollment_no, first_name, last_name, dob, gender, phone, address, dept_id, course_id, current_semester, batch, personal_email, pathshala_email, alternative_phone, father_name, father_occupation, mother_name, mother_occupation, permanent_address, current_address, blood_group, section) VALUES (163, 216, '2221163', 'ENR-2221163', 'Akash', 'Bose', '2003-06-29', 'Female', '9876500163', 'Pathshala Hostel Block A, Room 407', 1, 1, 2, '2025', 'student163.personal@gmail.com', '2221163.cse@pathshala.edu.in', '9123400163', 'Deepak Bose', 'Clerk', 'Meena Bose', 'Consultant', 'Salt Lake, Sector V, Kolkata', 'Pathshala Hostel Block A, Room 407', 'A-', 'A');
INSERT INTO users (id, role_id, username, email, password_hash, is_active) VALUES (217, 4, 'student164', '2221164.cse@pathshala.edu.in', '$2b$12$cmgDkq6jIKqKJhfp5NtXte6qOIpuYQVyNo0JGROE.lE83pi2rEZWm', 1);
INSERT INTO student_profiles (id, user_id, roll_no, enrollment_no, first_name, last_name, dob, gender, phone, address, dept_id, course_id, current_semester, batch, personal_email, pathshala_email, alternative_phone, father_name, father_occupation, mother_name, mother_occupation, permanent_address, current_address, blood_group, section) VALUES (164, 217, '2221164', 'ENR-2221164', 'Abhishek', 'Bose', '2002-02-20', 'Female', '9876500164', 'Pathshala Hostel Block B, Room 486', 1, 1, 2, '2025', 'student164.personal@gmail.com', '2221164.cse@pathshala.edu.in', '9123400164', 'Rajesh Bose', 'Homemaker', 'Rekha Bose', 'Private Service', 'Salt Lake, Sector V, Kolkata', 'Pathshala Hostel Block B, Room 486', 'AB-', 'B');
INSERT INTO users (id, role_id, username, email, password_hash, is_active) VALUES (218, 4, 'student165', '2221165.cse@pathshala.edu.in', '$2b$12$cmgDkq6jIKqKJhfp5NtXte6qOIpuYQVyNo0JGROE.lE83pi2rEZWm', 1);
INSERT INTO student_profiles (id, user_id, roll_no, enrollment_no, first_name, last_name, dob, gender, phone, address, dept_id, course_id, current_semester, batch, personal_email, pathshala_email, alternative_phone, father_name, father_occupation, mother_name, mother_occupation, permanent_address, current_address, blood_group, section) VALUES (165, 218, '2221165', 'ENR-2221165', 'Aaradhya', 'Bose', '2002-04-14', 'Male', '9876500165', 'Pathshala Hostel Block B, Room 152', 1, 1, 3, '2024', 'student165.personal@gmail.com', '2221165.cse@pathshala.edu.in', '9123400165', 'Pradeep Bose', 'Teacher', 'Pushpa Bose', 'Business Owner', 'Mall Road, Shimla, Himachal Pradesh', 'Pathshala Hostel Block B, Room 152', 'B+', 'A');
INSERT INTO users (id, role_id, username, email, password_hash, is_active) VALUES (219, 4, 'student166', '2221166.cse@pathshala.edu.in', '$2b$12$cmgDkq6jIKqKJhfp5NtXte6qOIpuYQVyNo0JGROE.lE83pi2rEZWm', 1);
INSERT INTO student_profiles (id, user_id, roll_no, enrollment_no, first_name, last_name, dob, gender, phone, address, dept_id, course_id, current_semester, batch, personal_email, pathshala_email, alternative_phone, father_name, father_occupation, mother_name, mother_occupation, permanent_address, current_address, blood_group, section) VALUES (166, 219, '2221166', 'ENR-2221166', 'Reyansh', 'Desai', '2002-10-30', 'Male', '9876500166', 'Pathshala Hostel Block B, Room 365', 1, 1, 3, '2024', 'student166.personal@gmail.com', '2221166.cse@pathshala.edu.in', '9123400166', 'Harish Desai', 'Business Owner', 'Kiran Desai', 'Business Owner', 'Mall Road, Shimla, Himachal Pradesh', 'Pathshala Hostel Block B, Room 365', 'AB+', 'B');
INSERT INTO users (id, role_id, username, email, password_hash, is_active) VALUES (220, 4, 'student167', '2221167.cse@pathshala.edu.in', '$2b$12$cmgDkq6jIKqKJhfp5NtXte6qOIpuYQVyNo0JGROE.lE83pi2rEZWm', 1);
INSERT INTO student_profiles (id, user_id, roll_no, enrollment_no, first_name, last_name, dob, gender, phone, address, dept_id, course_id, current_semester, batch, personal_email, pathshala_email, alternative_phone, father_name, father_occupation, mother_name, mother_occupation, permanent_address, current_address, blood_group, section) VALUES (167, 220, '2221167', 'ENR-2221167', 'Ishita', 'Singh', '2002-05-05', 'Male', '9876500167', 'Pathshala Hostel Block C, Room 440', 1, 1, 4, '2024', 'student167.personal@gmail.com', '2221167.cse@pathshala.edu.in', '9123400167', 'Suresh Singh', 'Consultant', 'Meena Singh', 'Homemaker', '99, Gachibowli, Hyderabad, Telangana', 'Pathshala Hostel Block C, Room 440', 'B+', 'A');
INSERT INTO users (id, role_id, username, email, password_hash, is_active) VALUES (221, 4, 'student168', '2221168.cse@pathshala.edu.in', '$2b$12$cmgDkq6jIKqKJhfp5NtXte6qOIpuYQVyNo0JGROE.lE83pi2rEZWm', 1);
INSERT INTO student_profiles (id, user_id, roll_no, enrollment_no, first_name, last_name, dob, gender, phone, address, dept_id, course_id, current_semester, batch, personal_email, pathshala_email, alternative_phone, father_name, father_occupation, mother_name, mother_occupation, permanent_address, current_address, blood_group, section) VALUES (168, 221, '2221168', 'ENR-2221168', 'Priyesh', 'Bose', '2002-03-24', 'Male', '9876500168', 'Pathshala Hostel Block B, Room 126', 1, 1, 4, '2024', 'student168.personal@gmail.com', '2221168.cse@pathshala.edu.in', '9123400168', 'Anil Bose', 'Business Owner', 'Rekha Bose', 'Farmer', '78, Anna Salai, Chennai, Tamil Nadu', 'Pathshala Hostel Block B, Room 126', 'AB+', 'B');
INSERT INTO users (id, role_id, username, email, password_hash, is_active) VALUES (222, 4, 'student169', '2221169.cse@pathshala.edu.in', '$2b$12$cmgDkq6jIKqKJhfp5NtXte6qOIpuYQVyNo0JGROE.lE83pi2rEZWm', 1);
INSERT INTO student_profiles (id, user_id, roll_no, enrollment_no, first_name, last_name, dob, gender, phone, address, dept_id, course_id, current_semester, batch, personal_email, pathshala_email, alternative_phone, father_name, father_occupation, mother_name, mother_occupation, permanent_address, current_address, blood_group, section) VALUES (169, 222, '2221169', 'ENR-2221169', 'Pihu', 'Joshi', '2002-01-10', 'Male', '9876500169', 'Pathshala Hostel Block D, Room 485', 1, 1, 5, '2023', 'student169.personal@gmail.com', '2221169.cse@pathshala.edu.in', '9123400169', 'Ashok Joshi', 'Retired', 'Seema Joshi', 'Consultant', '99, Gachibowli, Hyderabad, Telangana', 'Pathshala Hostel Block D, Room 485', 'B-', 'A');
INSERT INTO users (id, role_id, username, email, password_hash, is_active) VALUES (223, 4, 'student170', '2221170.cse@pathshala.edu.in', '$2b$12$cmgDkq6jIKqKJhfp5NtXte6qOIpuYQVyNo0JGROE.lE83pi2rEZWm', 1);
INSERT INTO student_profiles (id, user_id, roll_no, enrollment_no, first_name, last_name, dob, gender, phone, address, dept_id, course_id, current_semester, batch, personal_email, pathshala_email, alternative_phone, father_name, father_occupation, mother_name, mother_occupation, permanent_address, current_address, blood_group, section) VALUES (170, 223, '2221170', 'ENR-2221170', 'Anvi', 'Malhotra', '2002-03-25', 'Female', '9876500170', 'Pathshala Hostel Block A, Room 456', 1, 1, 5, '2023', 'student170.personal@gmail.com', '2221170.cse@pathshala.edu.in', '9123400170', 'Manoj Malhotra', 'Clerk', 'Aarti Malhotra', 'Consultant', 'Sector 15, Noida, Uttar Pradesh', 'Pathshala Hostel Block A, Room 456', 'A+', 'B');
INSERT INTO users (id, role_id, username, email, password_hash, is_active) VALUES (224, 4, 'student171', '2221171.cse@pathshala.edu.in', '$2b$12$cmgDkq6jIKqKJhfp5NtXte6qOIpuYQVyNo0JGROE.lE83pi2rEZWm', 1);
INSERT INTO student_profiles (id, user_id, roll_no, enrollment_no, first_name, last_name, dob, gender, phone, address, dept_id, course_id, current_semester, batch, personal_email, pathshala_email, alternative_phone, father_name, father_occupation, mother_name, mother_occupation, permanent_address, current_address, blood_group, section) VALUES (171, 224, '2221171', 'ENR-2221171', 'Khushi', 'Rao', '2002-06-08', 'Female', '9876500171', 'Pathshala Hostel Block A, Room 177', 1, 1, 6, '2023', 'student171.personal@gmail.com', '2221171.cse@pathshala.edu.in', '9123400171', 'Pradeep Rao', 'Consultant', 'Meena Rao', 'Engineer', 'Civil Lines, Jaipur, Rajasthan', 'Pathshala Hostel Block A, Room 177', 'O-', 'A');
INSERT INTO users (id, role_id, username, email, password_hash, is_active) VALUES (225, 4, 'student172', '2221172.cse@pathshala.edu.in', '$2b$12$cmgDkq6jIKqKJhfp5NtXte6qOIpuYQVyNo0JGROE.lE83pi2rEZWm', 1);
INSERT INTO student_profiles (id, user_id, roll_no, enrollment_no, first_name, last_name, dob, gender, phone, address, dept_id, course_id, current_semester, batch, personal_email, pathshala_email, alternative_phone, father_name, father_occupation, mother_name, mother_occupation, permanent_address, current_address, blood_group, section) VALUES (172, 225, '2221172', 'ENR-2221172', 'Vihaan', 'Rao', '2002-10-10', 'Female', '9876500172', 'Pathshala Hostel Block A, Room 185', 1, 1, 6, '2023', 'student172.personal@gmail.com', '2221172.cse@pathshala.edu.in', '9123400172', 'Rajesh Rao', 'Private Service', 'Anita Rao', 'Engineer', '45, Park Street, Kolkata, West Bengal', 'Pathshala Hostel Block A, Room 185', 'B-', 'B');
INSERT INTO users (id, role_id, username, email, password_hash, is_active) VALUES (226, 4, 'student173', '2221173.cse@pathshala.edu.in', '$2b$12$cmgDkq6jIKqKJhfp5NtXte6qOIpuYQVyNo0JGROE.lE83pi2rEZWm', 1);
INSERT INTO student_profiles (id, user_id, roll_no, enrollment_no, first_name, last_name, dob, gender, phone, address, dept_id, course_id, current_semester, batch, personal_email, pathshala_email, alternative_phone, father_name, father_occupation, mother_name, mother_occupation, permanent_address, current_address, blood_group, section) VALUES (173, 226, '2221173', 'ENR-2221173', 'Ishan', 'Rao', '2003-06-25', 'Male', '9876500173', 'Pathshala Hostel Block B, Room 203', 1, 1, 7, '2022', 'student173.personal@gmail.com', '2221173.cse@pathshala.edu.in', '9123400173', 'Anil Rao', 'Private Service', 'Shanti Rao', 'Engineer', 'Salt Lake, Sector V, Kolkata', 'Pathshala Hostel Block B, Room 203', 'A-', 'A');
INSERT INTO users (id, role_id, username, email, password_hash, is_active) VALUES (227, 4, 'student174', '2221174.cse@pathshala.edu.in', '$2b$12$cmgDkq6jIKqKJhfp5NtXte6qOIpuYQVyNo0JGROE.lE83pi2rEZWm', 1);
INSERT INTO student_profiles (id, user_id, roll_no, enrollment_no, first_name, last_name, dob, gender, phone, address, dept_id, course_id, current_semester, batch, personal_email, pathshala_email, alternative_phone, father_name, father_occupation, mother_name, mother_occupation, permanent_address, current_address, blood_group, section) VALUES (174, 227, '2221174', 'ENR-2221174', 'Harsh', 'Nair', '2004-04-27', 'Female', '9876500174', 'Pathshala Hostel Block A, Room 288', 1, 1, 7, '2022', 'student174.personal@gmail.com', '2221174.cse@pathshala.edu.in', '9123400174', 'Mahesh Nair', 'Government Service', 'Kiran Nair', 'Engineer', '12, Marine Drive, Mumbai, Maharashtra', 'Pathshala Hostel Block A, Room 288', 'B+', 'B');
INSERT INTO users (id, role_id, username, email, password_hash, is_active) VALUES (228, 4, 'student175', '2221175.cse@pathshala.edu.in', '$2b$12$cmgDkq6jIKqKJhfp5NtXte6qOIpuYQVyNo0JGROE.lE83pi2rEZWm', 1);
INSERT INTO student_profiles (id, user_id, roll_no, enrollment_no, first_name, last_name, dob, gender, phone, address, dept_id, course_id, current_semester, batch, personal_email, pathshala_email, alternative_phone, father_name, father_occupation, mother_name, mother_occupation, permanent_address, current_address, blood_group, section) VALUES (175, 228, '2221175', 'ENR-2221175', 'Rohan', 'Desai', '2003-08-23', 'Female', '9876500175', 'Pathshala Hostel Block D, Room 404', 1, 1, 8, '2022', 'student175.personal@gmail.com', '2221175.cse@pathshala.edu.in', '9123400175', 'Ramesh Desai', 'Government Service', 'Pooja Desai', 'Retired', 'Salt Lake, Sector V, Kolkata', 'Pathshala Hostel Block D, Room 404', 'AB+', 'A');
INSERT INTO users (id, role_id, username, email, password_hash, is_active) VALUES (229, 4, 'student176', '2221176.cse@pathshala.edu.in', '$2b$12$cmgDkq6jIKqKJhfp5NtXte6qOIpuYQVyNo0JGROE.lE83pi2rEZWm', 1);
INSERT INTO student_profiles (id, user_id, roll_no, enrollment_no, first_name, last_name, dob, gender, phone, address, dept_id, course_id, current_semester, batch, personal_email, pathshala_email, alternative_phone, father_name, father_occupation, mother_name, mother_occupation, permanent_address, current_address, blood_group, section) VALUES (176, 229, '2221176', 'ENR-2221176', 'Tushar', 'Gupta', '2003-01-11', 'Male', '9876500176', 'Pathshala Hostel Block A, Room 336', 1, 1, 8, '2022', 'student176.personal@gmail.com', '2221176.cse@pathshala.edu.in', '9123400176', 'Anil Gupta', 'Consultant', 'Shanti Gupta', 'Homemaker', '45, Park Street, Kolkata, West Bengal', 'Pathshala Hostel Block A, Room 336', 'O-', 'B');
INSERT INTO users (id, role_id, username, email, password_hash, is_active) VALUES (230, 4, 'student177', '2221177.ece@pathshala.edu.in', '$2b$12$cmgDkq6jIKqKJhfp5NtXte6qOIpuYQVyNo0JGROE.lE83pi2rEZWm', 1);
INSERT INTO student_profiles (id, user_id, roll_no, enrollment_no, first_name, last_name, dob, gender, phone, address, dept_id, course_id, current_semester, batch, personal_email, pathshala_email, alternative_phone, father_name, father_occupation, mother_name, mother_occupation, permanent_address, current_address, blood_group, section) VALUES (177, 230, '2221177', 'ENR-2221177', 'Rajesh', 'Patil', '2002-09-18', 'Female', '9876500177', 'Pathshala Hostel Block A, Room 202', 2, 2, 1, '2025', 'student177.personal@gmail.com', '2221177.ece@pathshala.edu.in', '9123400177', 'Alok Patil', 'Homemaker', 'Pooja Patil', 'Farmer', 'Sector 15, Noida, Uttar Pradesh', 'Pathshala Hostel Block A, Room 202', 'A+', 'A');
INSERT INTO users (id, role_id, username, email, password_hash, is_active) VALUES (231, 4, 'student178', '2221178.ece@pathshala.edu.in', '$2b$12$cmgDkq6jIKqKJhfp5NtXte6qOIpuYQVyNo0JGROE.lE83pi2rEZWm', 1);
INSERT INTO student_profiles (id, user_id, roll_no, enrollment_no, first_name, last_name, dob, gender, phone, address, dept_id, course_id, current_semester, batch, personal_email, pathshala_email, alternative_phone, father_name, father_occupation, mother_name, mother_occupation, permanent_address, current_address, blood_group, section) VALUES (178, 231, '2221178', 'ENR-2221178', 'Riya', 'Verma', '2003-05-10', 'Male', '9876500178', 'Pathshala Hostel Block A, Room 420', 2, 2, 1, '2025', 'student178.personal@gmail.com', '2221178.ece@pathshala.edu.in', '9123400178', 'Anil Verma', 'Manager', 'Geeta Verma', 'Engineer', '78, Anna Salai, Chennai, Tamil Nadu', 'Pathshala Hostel Block A, Room 420', 'A-', 'B');
INSERT INTO users (id, role_id, username, email, password_hash, is_active) VALUES (232, 4, 'student179', '2221179.ece@pathshala.edu.in', '$2b$12$cmgDkq6jIKqKJhfp5NtXte6qOIpuYQVyNo0JGROE.lE83pi2rEZWm', 1);
INSERT INTO student_profiles (id, user_id, roll_no, enrollment_no, first_name, last_name, dob, gender, phone, address, dept_id, course_id, current_semester, batch, personal_email, pathshala_email, alternative_phone, father_name, father_occupation, mother_name, mother_occupation, permanent_address, current_address, blood_group, section) VALUES (179, 232, '2221179', 'ENR-2221179', 'Riya', 'Kapoor', '2002-08-26', 'Male', '9876500179', 'Pathshala Hostel Block C, Room 119', 2, 2, 2, '2025', 'student179.personal@gmail.com', '2221179.ece@pathshala.edu.in', '9123400179', 'Deepak Kapoor', 'Government Service', 'Rekha Kapoor', 'Manager', '78, Anna Salai, Chennai, Tamil Nadu', 'Pathshala Hostel Block C, Room 119', 'B+', 'A');
INSERT INTO users (id, role_id, username, email, password_hash, is_active) VALUES (233, 4, 'student180', '2221180.ece@pathshala.edu.in', '$2b$12$cmgDkq6jIKqKJhfp5NtXte6qOIpuYQVyNo0JGROE.lE83pi2rEZWm', 1);
INSERT INTO student_profiles (id, user_id, roll_no, enrollment_no, first_name, last_name, dob, gender, phone, address, dept_id, course_id, current_semester, batch, personal_email, pathshala_email, alternative_phone, father_name, father_occupation, mother_name, mother_occupation, permanent_address, current_address, blood_group, section) VALUES (180, 233, '2221180', 'ENR-2221180', 'Vivaan', 'Nair', '2002-01-10', 'Female', '9876500180', 'Pathshala Hostel Block C, Room 296', 2, 2, 2, '2025', 'student180.personal@gmail.com', '2221180.ece@pathshala.edu.in', '9123400180', 'Harish Nair', 'Doctor', 'Pushpa Nair', 'Retired', 'Kadam Kuan, Patna, Bihar', 'Pathshala Hostel Block C, Room 296', 'O+', 'B');
INSERT INTO users (id, role_id, username, email, password_hash, is_active) VALUES (234, 4, 'student181', '2221181.ece@pathshala.edu.in', '$2b$12$cmgDkq6jIKqKJhfp5NtXte6qOIpuYQVyNo0JGROE.lE83pi2rEZWm', 1);
INSERT INTO student_profiles (id, user_id, roll_no, enrollment_no, first_name, last_name, dob, gender, phone, address, dept_id, course_id, current_semester, batch, personal_email, pathshala_email, alternative_phone, father_name, father_occupation, mother_name, mother_occupation, permanent_address, current_address, blood_group, section) VALUES (181, 234, '2221181', 'ENR-2221181', 'Aarav', 'Chawla', '2004-07-04', 'Male', '9876500181', 'Pathshala Hostel Block D, Room 370', 2, 2, 3, '2024', 'student181.personal@gmail.com', '2221181.ece@pathshala.edu.in', '9123400181', 'Anil Chawla', 'Business Owner', 'Pushpa Chawla', 'Government Service', '99, Gachibowli, Hyderabad, Telangana', 'Pathshala Hostel Block D, Room 370', 'AB+', 'A');
INSERT INTO users (id, role_id, username, email, password_hash, is_active) VALUES (235, 4, 'student182', '2221182.ece@pathshala.edu.in', '$2b$12$cmgDkq6jIKqKJhfp5NtXte6qOIpuYQVyNo0JGROE.lE83pi2rEZWm', 1);
INSERT INTO student_profiles (id, user_id, roll_no, enrollment_no, first_name, last_name, dob, gender, phone, address, dept_id, course_id, current_semester, batch, personal_email, pathshala_email, alternative_phone, father_name, father_occupation, mother_name, mother_occupation, permanent_address, current_address, blood_group, section) VALUES (182, 235, '2221182', 'ENR-2221182', 'Sneha', 'Das', '2004-09-11', 'Male', '9876500182', 'Pathshala Hostel Block A, Room 350', 2, 2, 3, '2024', 'student182.personal@gmail.com', '2221182.ece@pathshala.edu.in', '9123400182', 'Deepak Das', 'Teacher', 'Sunita Das', 'Farmer', 'Salt Lake, Sector V, Kolkata', 'Pathshala Hostel Block A, Room 350', 'O-', 'B');
INSERT INTO users (id, role_id, username, email, password_hash, is_active) VALUES (236, 4, 'student183', '2221183.ece@pathshala.edu.in', '$2b$12$cmgDkq6jIKqKJhfp5NtXte6qOIpuYQVyNo0JGROE.lE83pi2rEZWm', 1);
INSERT INTO student_profiles (id, user_id, roll_no, enrollment_no, first_name, last_name, dob, gender, phone, address, dept_id, course_id, current_semester, batch, personal_email, pathshala_email, alternative_phone, father_name, father_occupation, mother_name, mother_occupation, permanent_address, current_address, blood_group, section) VALUES (183, 236, '2221183', 'ENR-2221183', 'Krishna', 'Reddy', '2003-09-11', 'Female', '9876500183', 'Pathshala Hostel Block C, Room 380', 2, 2, 4, '2024', 'student183.personal@gmail.com', '2221183.ece@pathshala.edu.in', '9123400183', 'Pradeep Reddy', 'Private Service', 'Lata Reddy', 'Business Owner', 'Kadam Kuan, Patna, Bihar', 'Pathshala Hostel Block C, Room 380', 'O+', 'A');
INSERT INTO users (id, role_id, username, email, password_hash, is_active) VALUES (237, 4, 'student184', '2221184.ece@pathshala.edu.in', '$2b$12$cmgDkq6jIKqKJhfp5NtXte6qOIpuYQVyNo0JGROE.lE83pi2rEZWm', 1);
INSERT INTO student_profiles (id, user_id, roll_no, enrollment_no, first_name, last_name, dob, gender, phone, address, dept_id, course_id, current_semester, batch, personal_email, pathshala_email, alternative_phone, father_name, father_occupation, mother_name, mother_occupation, permanent_address, current_address, blood_group, section) VALUES (184, 237, '2221184', 'ENR-2221184', 'Reyansh', 'Sharma', '2004-08-02', 'Female', '9876500184', 'Pathshala Hostel Block D, Room 172', 2, 2, 4, '2024', 'student184.personal@gmail.com', '2221184.ece@pathshala.edu.in', '9123400184', 'Harish Sharma', 'Private Service', 'Shanti Sharma', 'Doctor', 'Sector 15, Noida, Uttar Pradesh', 'Pathshala Hostel Block D, Room 172', 'AB+', 'B');
INSERT INTO users (id, role_id, username, email, password_hash, is_active) VALUES (238, 4, 'student185', '2221185.ece@pathshala.edu.in', '$2b$12$cmgDkq6jIKqKJhfp5NtXte6qOIpuYQVyNo0JGROE.lE83pi2rEZWm', 1);
INSERT INTO student_profiles (id, user_id, roll_no, enrollment_no, first_name, last_name, dob, gender, phone, address, dept_id, course_id, current_semester, batch, personal_email, pathshala_email, alternative_phone, father_name, father_occupation, mother_name, mother_occupation, permanent_address, current_address, blood_group, section) VALUES (185, 238, '2221185', 'ENR-2221185', 'Nikhil', 'Verma', '2003-11-21', 'Female', '9876500185', 'Pathshala Hostel Block C, Room 303', 2, 2, 5, '2023', 'student185.personal@gmail.com', '2221185.ece@pathshala.edu.in', '9123400185', 'Harish Verma', 'Manager', 'Meena Verma', 'Government Service', 'Sector 15, Noida, Uttar Pradesh', 'Pathshala Hostel Block C, Room 303', 'AB+', 'A');
INSERT INTO users (id, role_id, username, email, password_hash, is_active) VALUES (239, 4, 'student186', '2221186.ece@pathshala.edu.in', '$2b$12$cmgDkq6jIKqKJhfp5NtXte6qOIpuYQVyNo0JGROE.lE83pi2rEZWm', 1);
INSERT INTO student_profiles (id, user_id, roll_no, enrollment_no, first_name, last_name, dob, gender, phone, address, dept_id, course_id, current_semester, batch, personal_email, pathshala_email, alternative_phone, father_name, father_occupation, mother_name, mother_occupation, permanent_address, current_address, blood_group, section) VALUES (186, 239, '2221186', 'ENR-2221186', 'Anvi', 'Mishra', '2004-03-10', 'Male', '9876500186', 'Pathshala Hostel Block D, Room 386', 2, 2, 5, '2023', 'student186.personal@gmail.com', '2221186.ece@pathshala.edu.in', '9123400186', 'Vinod Mishra', 'Manager', 'Rekha Mishra', 'Retired', 'Sector 15, Noida, Uttar Pradesh', 'Pathshala Hostel Block D, Room 386', 'O+', 'B');
INSERT INTO users (id, role_id, username, email, password_hash, is_active) VALUES (240, 4, 'student187', '2221187.ece@pathshala.edu.in', '$2b$12$cmgDkq6jIKqKJhfp5NtXte6qOIpuYQVyNo0JGROE.lE83pi2rEZWm', 1);
INSERT INTO student_profiles (id, user_id, roll_no, enrollment_no, first_name, last_name, dob, gender, phone, address, dept_id, course_id, current_semester, batch, personal_email, pathshala_email, alternative_phone, father_name, father_occupation, mother_name, mother_occupation, permanent_address, current_address, blood_group, section) VALUES (187, 240, '2221187', 'ENR-2221187', 'Advika', 'Das', '2004-02-14', 'Male', '9876500187', 'Pathshala Hostel Block D, Room 245', 2, 2, 6, '2023', 'student187.personal@gmail.com', '2221187.ece@pathshala.edu.in', '9123400187', 'Suresh Das', 'Engineer', 'Asha Das', 'Homemaker', 'Civil Lines, Jaipur, Rajasthan', 'Pathshala Hostel Block D, Room 245', 'AB-', 'A');
INSERT INTO users (id, role_id, username, email, password_hash, is_active) VALUES (241, 4, 'student188', '2221188.ece@pathshala.edu.in', '$2b$12$cmgDkq6jIKqKJhfp5NtXte6qOIpuYQVyNo0JGROE.lE83pi2rEZWm', 1);
INSERT INTO student_profiles (id, user_id, roll_no, enrollment_no, first_name, last_name, dob, gender, phone, address, dept_id, course_id, current_semester, batch, personal_email, pathshala_email, alternative_phone, father_name, father_occupation, mother_name, mother_occupation, permanent_address, current_address, blood_group, section) VALUES (188, 241, '2221188', 'ENR-2221188', 'Sai', 'Shah', '2004-03-18', 'Male', '9876500188', 'Pathshala Hostel Block A, Room 493', 2, 2, 6, '2023', 'student188.personal@gmail.com', '2221188.ece@pathshala.edu.in', '9123400188', 'Sunil Shah', 'Business Owner', 'Shanti Shah', 'Retired', 'Mall Road, Shimla, Himachal Pradesh', 'Pathshala Hostel Block A, Room 493', 'A+', 'B');
INSERT INTO users (id, role_id, username, email, password_hash, is_active) VALUES (242, 4, 'student189', '2221189.ece@pathshala.edu.in', '$2b$12$cmgDkq6jIKqKJhfp5NtXte6qOIpuYQVyNo0JGROE.lE83pi2rEZWm', 1);
INSERT INTO student_profiles (id, user_id, roll_no, enrollment_no, first_name, last_name, dob, gender, phone, address, dept_id, course_id, current_semester, batch, personal_email, pathshala_email, alternative_phone, father_name, father_occupation, mother_name, mother_occupation, permanent_address, current_address, blood_group, section) VALUES (189, 242, '2221189', 'ENR-2221189', 'Aayush', 'Chawla', '2003-09-27', 'Female', '9876500189', 'Pathshala Hostel Block D, Room 371', 2, 2, 7, '2022', 'student189.personal@gmail.com', '2221189.ece@pathshala.edu.in', '9123400189', 'Mahesh Chawla', 'Private Service', 'Lata Chawla', 'Government Service', 'Sector 15, Noida, Uttar Pradesh', 'Pathshala Hostel Block D, Room 371', 'O+', 'A');
INSERT INTO users (id, role_id, username, email, password_hash, is_active) VALUES (243, 4, 'student190', '2221190.ece@pathshala.edu.in', '$2b$12$cmgDkq6jIKqKJhfp5NtXte6qOIpuYQVyNo0JGROE.lE83pi2rEZWm', 1);
INSERT INTO student_profiles (id, user_id, roll_no, enrollment_no, first_name, last_name, dob, gender, phone, address, dept_id, course_id, current_semester, batch, personal_email, pathshala_email, alternative_phone, father_name, father_occupation, mother_name, mother_occupation, permanent_address, current_address, blood_group, section) VALUES (190, 243, '2221190', 'ENR-2221190', 'Rohan', 'Iyer', '2003-07-06', 'Female', '9876500190', 'Pathshala Hostel Block A, Room 379', 2, 2, 7, '2022', 'student190.personal@gmail.com', '2221190.ece@pathshala.edu.in', '9123400190', 'Ashok Iyer', 'Business Owner', 'Pooja Iyer', 'Farmer', 'Sector 15, Noida, Uttar Pradesh', 'Pathshala Hostel Block A, Room 379', 'O-', 'B');
INSERT INTO users (id, role_id, username, email, password_hash, is_active) VALUES (244, 4, 'student191', '2221191.ece@pathshala.edu.in', '$2b$12$cmgDkq6jIKqKJhfp5NtXte6qOIpuYQVyNo0JGROE.lE83pi2rEZWm', 1);
INSERT INTO student_profiles (id, user_id, roll_no, enrollment_no, first_name, last_name, dob, gender, phone, address, dept_id, course_id, current_semester, batch, personal_email, pathshala_email, alternative_phone, father_name, father_occupation, mother_name, mother_occupation, permanent_address, current_address, blood_group, section) VALUES (191, 244, '2221191', 'ENR-2221191', 'Rahul', 'Pillai', '2002-04-07', 'Male', '9876500191', 'Pathshala Hostel Block D, Room 165', 2, 2, 8, '2022', 'student191.personal@gmail.com', '2221191.ece@pathshala.edu.in', '9123400191', 'Mahesh Pillai', 'Farmer', 'Kavita Pillai', 'Farmer', '45, Park Street, Kolkata, West Bengal', 'Pathshala Hostel Block D, Room 165', 'O+', 'A');
INSERT INTO users (id, role_id, username, email, password_hash, is_active) VALUES (245, 4, 'student192', '2221192.ece@pathshala.edu.in', '$2b$12$cmgDkq6jIKqKJhfp5NtXte6qOIpuYQVyNo0JGROE.lE83pi2rEZWm', 1);
INSERT INTO student_profiles (id, user_id, roll_no, enrollment_no, first_name, last_name, dob, gender, phone, address, dept_id, course_id, current_semester, batch, personal_email, pathshala_email, alternative_phone, father_name, father_occupation, mother_name, mother_occupation, permanent_address, current_address, blood_group, section) VALUES (192, 245, '2221192', 'ENR-2221192', 'Abhishek', 'Kapoor', '2002-03-23', 'Male', '9876500192', 'Pathshala Hostel Block B, Room 328', 2, 2, 8, '2022', 'student192.personal@gmail.com', '2221192.ece@pathshala.edu.in', '9123400192', 'Alok Kapoor', 'Manager', 'Meena Kapoor', 'Doctor', '99, Gachibowli, Hyderabad, Telangana', 'Pathshala Hostel Block B, Room 328', 'B-', 'B');
INSERT INTO users (id, role_id, username, email, password_hash, is_active) VALUES (246, 4, 'student193', '2221193.mec@pathshala.edu.in', '$2b$12$cmgDkq6jIKqKJhfp5NtXte6qOIpuYQVyNo0JGROE.lE83pi2rEZWm', 1);
INSERT INTO student_profiles (id, user_id, roll_no, enrollment_no, first_name, last_name, dob, gender, phone, address, dept_id, course_id, current_semester, batch, personal_email, pathshala_email, alternative_phone, father_name, father_occupation, mother_name, mother_occupation, permanent_address, current_address, blood_group, section) VALUES (193, 246, '2221193', 'ENR-2221193', 'Aayush', 'Patel', '2003-08-14', 'Female', '9876500193', 'Pathshala Hostel Block A, Room 475', 3, 3, 1, '2025', 'student193.personal@gmail.com', '2221193.mec@pathshala.edu.in', '9123400193', 'Deepak Patel', 'Farmer', 'Rekha Patel', 'Retired', '45, Park Street, Kolkata, West Bengal', 'Pathshala Hostel Block A, Room 475', 'B+', 'A');
INSERT INTO users (id, role_id, username, email, password_hash, is_active) VALUES (247, 4, 'student194', '2221194.mec@pathshala.edu.in', '$2b$12$cmgDkq6jIKqKJhfp5NtXte6qOIpuYQVyNo0JGROE.lE83pi2rEZWm', 1);
INSERT INTO student_profiles (id, user_id, roll_no, enrollment_no, first_name, last_name, dob, gender, phone, address, dept_id, course_id, current_semester, batch, personal_email, pathshala_email, alternative_phone, father_name, father_occupation, mother_name, mother_occupation, permanent_address, current_address, blood_group, section) VALUES (194, 247, '2221194', 'ENR-2221194', 'Rajesh', 'Bose', '2002-05-07', 'Male', '9876500194', 'Pathshala Hostel Block D, Room 228', 3, 3, 1, '2025', 'student194.personal@gmail.com', '2221194.mec@pathshala.edu.in', '9123400194', 'Mahesh Bose', 'Doctor', 'Aarti Bose', 'Private Service', 'Civil Lines, Jaipur, Rajasthan', 'Pathshala Hostel Block D, Room 228', 'AB+', 'B');
INSERT INTO users (id, role_id, username, email, password_hash, is_active) VALUES (248, 4, 'student195', '2221195.mec@pathshala.edu.in', '$2b$12$cmgDkq6jIKqKJhfp5NtXte6qOIpuYQVyNo0JGROE.lE83pi2rEZWm', 1);
INSERT INTO student_profiles (id, user_id, roll_no, enrollment_no, first_name, last_name, dob, gender, phone, address, dept_id, course_id, current_semester, batch, personal_email, pathshala_email, alternative_phone, father_name, father_occupation, mother_name, mother_occupation, permanent_address, current_address, blood_group, section) VALUES (195, 248, '2221195', 'ENR-2221195', 'Anil', 'Joshi', '2002-11-17', 'Female', '9876500195', 'Pathshala Hostel Block A, Room 137', 3, 3, 2, '2025', 'student195.personal@gmail.com', '2221195.mec@pathshala.edu.in', '9123400195', 'Deepak Joshi', 'Retired', 'Rekha Joshi', 'Manager', 'Sector 15, Noida, Uttar Pradesh', 'Pathshala Hostel Block A, Room 137', 'B-', 'A');
INSERT INTO users (id, role_id, username, email, password_hash, is_active) VALUES (249, 4, 'student196', '2221196.mec@pathshala.edu.in', '$2b$12$cmgDkq6jIKqKJhfp5NtXte6qOIpuYQVyNo0JGROE.lE83pi2rEZWm', 1);
INSERT INTO student_profiles (id, user_id, roll_no, enrollment_no, first_name, last_name, dob, gender, phone, address, dept_id, course_id, current_semester, batch, personal_email, pathshala_email, alternative_phone, father_name, father_occupation, mother_name, mother_occupation, permanent_address, current_address, blood_group, section) VALUES (196, 249, '2221196', 'ENR-2221196', 'Nikhil', 'Shah', '2002-03-03', 'Male', '9876500196', 'Pathshala Hostel Block D, Room 316', 3, 3, 2, '2025', 'student196.personal@gmail.com', '2221196.mec@pathshala.edu.in', '9123400196', 'Manoj Shah', 'Business Owner', 'Pushpa Shah', 'Teacher', 'Mall Road, Shimla, Himachal Pradesh', 'Pathshala Hostel Block D, Room 316', 'O+', 'B');
INSERT INTO users (id, role_id, username, email, password_hash, is_active) VALUES (250, 4, 'student197', '2221197.mec@pathshala.edu.in', '$2b$12$cmgDkq6jIKqKJhfp5NtXte6qOIpuYQVyNo0JGROE.lE83pi2rEZWm', 1);
INSERT INTO student_profiles (id, user_id, roll_no, enrollment_no, first_name, last_name, dob, gender, phone, address, dept_id, course_id, current_semester, batch, personal_email, pathshala_email, alternative_phone, father_name, father_occupation, mother_name, mother_occupation, permanent_address, current_address, blood_group, section) VALUES (197, 250, '2221197', 'ENR-2221197', 'Neha', 'Banerjee', '2003-10-08', 'Male', '9876500197', 'Pathshala Hostel Block B, Room 225', 3, 3, 3, '2024', 'student197.personal@gmail.com', '2221197.mec@pathshala.edu.in', '9123400197', 'Harish Banerjee', 'Consultant', 'Rekha Banerjee', 'Consultant', 'Sector 15, Noida, Uttar Pradesh', 'Pathshala Hostel Block B, Room 225', 'O+', 'A');
INSERT INTO users (id, role_id, username, email, password_hash, is_active) VALUES (251, 4, 'student198', '2221198.mec@pathshala.edu.in', '$2b$12$cmgDkq6jIKqKJhfp5NtXte6qOIpuYQVyNo0JGROE.lE83pi2rEZWm', 1);
INSERT INTO student_profiles (id, user_id, roll_no, enrollment_no, first_name, last_name, dob, gender, phone, address, dept_id, course_id, current_semester, batch, personal_email, pathshala_email, alternative_phone, father_name, father_occupation, mother_name, mother_occupation, permanent_address, current_address, blood_group, section) VALUES (198, 251, '2221198', 'ENR-2221198', 'Aarav', 'Bhat', '2003-03-09', 'Female', '9876500198', 'Pathshala Hostel Block B, Room 211', 3, 3, 3, '2024', 'student198.personal@gmail.com', '2221198.mec@pathshala.edu.in', '9123400198', 'Manoj Bhat', 'Manager', 'Lata Bhat', 'Doctor', 'Kadam Kuan, Patna, Bihar', 'Pathshala Hostel Block B, Room 211', 'A-', 'B');
INSERT INTO users (id, role_id, username, email, password_hash, is_active) VALUES (252, 4, 'student199', '2221199.mec@pathshala.edu.in', '$2b$12$cmgDkq6jIKqKJhfp5NtXte6qOIpuYQVyNo0JGROE.lE83pi2rEZWm', 1);
INSERT INTO student_profiles (id, user_id, roll_no, enrollment_no, first_name, last_name, dob, gender, phone, address, dept_id, course_id, current_semester, batch, personal_email, pathshala_email, alternative_phone, father_name, father_occupation, mother_name, mother_occupation, permanent_address, current_address, blood_group, section) VALUES (199, 252, '2221199', 'ENR-2221199', 'Advika', 'Kapoor', '2004-09-09', 'Male', '9876500199', 'Pathshala Hostel Block C, Room 277', 3, 3, 4, '2024', 'student199.personal@gmail.com', '2221199.mec@pathshala.edu.in', '9123400199', 'Mahesh Kapoor', 'Business Owner', 'Sunita Kapoor', 'Government Service', '45, Park Street, Kolkata, West Bengal', 'Pathshala Hostel Block C, Room 277', 'O-', 'A');
INSERT INTO users (id, role_id, username, email, password_hash, is_active) VALUES (253, 4, 'student200', '2221200.mec@pathshala.edu.in', '$2b$12$cmgDkq6jIKqKJhfp5NtXte6qOIpuYQVyNo0JGROE.lE83pi2rEZWm', 1);
INSERT INTO student_profiles (id, user_id, roll_no, enrollment_no, first_name, last_name, dob, gender, phone, address, dept_id, course_id, current_semester, batch, personal_email, pathshala_email, alternative_phone, father_name, father_occupation, mother_name, mother_occupation, permanent_address, current_address, blood_group, section) VALUES (200, 253, '2221200', 'ENR-2221200', 'Neha', 'Choudhury', '2002-06-11', 'Female', '9876500200', 'Pathshala Hostel Block D, Room 212', 3, 3, 4, '2024', 'student200.personal@gmail.com', '2221200.mec@pathshala.edu.in', '9123400200', 'Suresh Choudhury', 'Manager', 'Pooja Choudhury', 'Homemaker', '99, Gachibowli, Hyderabad, Telangana', 'Pathshala Hostel Block D, Room 212', 'O-', 'B');
INSERT INTO users (id, role_id, username, email, password_hash, is_active) VALUES (254, 4, 'student201', '2221201.mec@pathshala.edu.in', '$2b$12$cmgDkq6jIKqKJhfp5NtXte6qOIpuYQVyNo0JGROE.lE83pi2rEZWm', 1);
INSERT INTO student_profiles (id, user_id, roll_no, enrollment_no, first_name, last_name, dob, gender, phone, address, dept_id, course_id, current_semester, batch, personal_email, pathshala_email, alternative_phone, father_name, father_occupation, mother_name, mother_occupation, permanent_address, current_address, blood_group, section) VALUES (201, 254, '2221201', 'ENR-2221201', 'Vihaan', 'Kapoor', '2002-04-08', 'Male', '9876500201', 'Pathshala Hostel Block A, Room 388', 3, 3, 5, '2023', 'student201.personal@gmail.com', '2221201.mec@pathshala.edu.in', '9123400201', 'Sanjay Kapoor', 'Teacher', 'Anita Kapoor', 'Doctor', 'Sector 15, Noida, Uttar Pradesh', 'Pathshala Hostel Block A, Room 388', 'O+', 'A');
INSERT INTO users (id, role_id, username, email, password_hash, is_active) VALUES (255, 4, 'student202', '2221202.mec@pathshala.edu.in', '$2b$12$cmgDkq6jIKqKJhfp5NtXte6qOIpuYQVyNo0JGROE.lE83pi2rEZWm', 1);
INSERT INTO student_profiles (id, user_id, roll_no, enrollment_no, first_name, last_name, dob, gender, phone, address, dept_id, course_id, current_semester, batch, personal_email, pathshala_email, alternative_phone, father_name, father_occupation, mother_name, mother_occupation, permanent_address, current_address, blood_group, section) VALUES (202, 255, '2221202', 'ENR-2221202', 'Priyesh', 'Patil', '2003-07-21', 'Male', '9876500202', 'Pathshala Hostel Block B, Room 451', 3, 3, 5, '2023', 'student202.personal@gmail.com', '2221202.mec@pathshala.edu.in', '9123400202', 'Suresh Patil', 'Teacher', 'Sunita Patil', 'Business Owner', '123, MG Road, Sector 4, Bangalore, Karnataka', 'Pathshala Hostel Block B, Room 451', 'AB-', 'B');
INSERT INTO users (id, role_id, username, email, password_hash, is_active) VALUES (256, 4, 'student203', '2221203.mec@pathshala.edu.in', '$2b$12$cmgDkq6jIKqKJhfp5NtXte6qOIpuYQVyNo0JGROE.lE83pi2rEZWm', 1);
INSERT INTO student_profiles (id, user_id, roll_no, enrollment_no, first_name, last_name, dob, gender, phone, address, dept_id, course_id, current_semester, batch, personal_email, pathshala_email, alternative_phone, father_name, father_occupation, mother_name, mother_occupation, permanent_address, current_address, blood_group, section) VALUES (203, 256, '2221203', 'ENR-2221203', 'Karan', 'Verma', '2003-05-14', 'Female', '9876500203', 'Pathshala Hostel Block C, Room 391', 3, 3, 6, '2023', 'student203.personal@gmail.com', '2221203.mec@pathshala.edu.in', '9123400203', 'Deepak Verma', 'Government Service', 'Pooja Verma', 'Farmer', '123, MG Road, Sector 4, Bangalore, Karnataka', 'Pathshala Hostel Block C, Room 391', 'A+', 'A');
INSERT INTO users (id, role_id, username, email, password_hash, is_active) VALUES (257, 4, 'student204', '2221204.mec@pathshala.edu.in', '$2b$12$cmgDkq6jIKqKJhfp5NtXte6qOIpuYQVyNo0JGROE.lE83pi2rEZWm', 1);
INSERT INTO student_profiles (id, user_id, roll_no, enrollment_no, first_name, last_name, dob, gender, phone, address, dept_id, course_id, current_semester, batch, personal_email, pathshala_email, alternative_phone, father_name, father_occupation, mother_name, mother_occupation, permanent_address, current_address, blood_group, section) VALUES (204, 257, '2221204', 'ENR-2221204', 'Riya', 'Malhotra', '2004-01-19', 'Male', '9876500204', 'Pathshala Hostel Block C, Room 147', 3, 3, 6, '2023', 'student204.personal@gmail.com', '2221204.mec@pathshala.edu.in', '9123400204', 'Pradeep Malhotra', 'Clerk', 'Pushpa Malhotra', 'Business Owner', 'Salt Lake, Sector V, Kolkata', 'Pathshala Hostel Block C, Room 147', 'AB+', 'B');
INSERT INTO users (id, role_id, username, email, password_hash, is_active) VALUES (258, 4, 'student205', '2221205.mec@pathshala.edu.in', '$2b$12$cmgDkq6jIKqKJhfp5NtXte6qOIpuYQVyNo0JGROE.lE83pi2rEZWm', 1);
INSERT INTO student_profiles (id, user_id, roll_no, enrollment_no, first_name, last_name, dob, gender, phone, address, dept_id, course_id, current_semester, batch, personal_email, pathshala_email, alternative_phone, father_name, father_occupation, mother_name, mother_occupation, permanent_address, current_address, blood_group, section) VALUES (205, 258, '2221205', 'ENR-2221205', 'Abhishek', 'Joshi', '2004-09-24', 'Female', '9876500205', 'Pathshala Hostel Block B, Room 208', 3, 3, 7, '2022', 'student205.personal@gmail.com', '2221205.mec@pathshala.edu.in', '9123400205', 'Satish Joshi', 'Engineer', 'Asha Joshi', 'Business Owner', '99, Gachibowli, Hyderabad, Telangana', 'Pathshala Hostel Block B, Room 208', 'O-', 'A');
INSERT INTO users (id, role_id, username, email, password_hash, is_active) VALUES (259, 4, 'student206', '2221206.mec@pathshala.edu.in', '$2b$12$cmgDkq6jIKqKJhfp5NtXte6qOIpuYQVyNo0JGROE.lE83pi2rEZWm', 1);
INSERT INTO student_profiles (id, user_id, roll_no, enrollment_no, first_name, last_name, dob, gender, phone, address, dept_id, course_id, current_semester, batch, personal_email, pathshala_email, alternative_phone, father_name, father_occupation, mother_name, mother_occupation, permanent_address, current_address, blood_group, section) VALUES (206, 259, '2221206', 'ENR-2221206', 'Arjun', 'Iyer', '2002-04-02', 'Male', '9876500206', 'Pathshala Hostel Block C, Room 326', 3, 3, 7, '2022', 'student206.personal@gmail.com', '2221206.mec@pathshala.edu.in', '9123400206', 'Suresh Iyer', 'Engineer', 'Kiran Iyer', 'Manager', 'Kadam Kuan, Patna, Bihar', 'Pathshala Hostel Block C, Room 326', 'B+', 'B');
INSERT INTO users (id, role_id, username, email, password_hash, is_active) VALUES (260, 4, 'student207', '2221207.mec@pathshala.edu.in', '$2b$12$cmgDkq6jIKqKJhfp5NtXte6qOIpuYQVyNo0JGROE.lE83pi2rEZWm', 1);
INSERT INTO student_profiles (id, user_id, roll_no, enrollment_no, first_name, last_name, dob, gender, phone, address, dept_id, course_id, current_semester, batch, personal_email, pathshala_email, alternative_phone, father_name, father_occupation, mother_name, mother_occupation, permanent_address, current_address, blood_group, section) VALUES (207, 260, '2221207', 'ENR-2221207', 'Nikhil', 'Banerjee', '2003-09-17', 'Female', '9876500207', 'Pathshala Hostel Block D, Room 360', 3, 3, 8, '2022', 'student207.personal@gmail.com', '2221207.mec@pathshala.edu.in', '9123400207', 'Ramesh Banerjee', 'Manager', 'Asha Banerjee', 'Homemaker', '78, Anna Salai, Chennai, Tamil Nadu', 'Pathshala Hostel Block D, Room 360', 'O+', 'A');
INSERT INTO users (id, role_id, username, email, password_hash, is_active) VALUES (261, 4, 'student208', '2221208.mec@pathshala.edu.in', '$2b$12$cmgDkq6jIKqKJhfp5NtXte6qOIpuYQVyNo0JGROE.lE83pi2rEZWm', 1);
INSERT INTO student_profiles (id, user_id, roll_no, enrollment_no, first_name, last_name, dob, gender, phone, address, dept_id, course_id, current_semester, batch, personal_email, pathshala_email, alternative_phone, father_name, father_occupation, mother_name, mother_occupation, permanent_address, current_address, blood_group, section) VALUES (208, 261, '2221208', 'ENR-2221208', 'Pooja', 'Singh', '2003-12-12', 'Male', '9876500208', 'Pathshala Hostel Block A, Room 271', 3, 3, 8, '2022', 'student208.personal@gmail.com', '2221208.mec@pathshala.edu.in', '9123400208', 'Rajesh Singh', 'Retired', 'Shanti Singh', 'Manager', '12, Marine Drive, Mumbai, Maharashtra', 'Pathshala Hostel Block A, Room 271', 'A+', 'B');
INSERT INTO users (id, role_id, username, email, password_hash, is_active) VALUES (262, 4, 'student209', '2221209.civ@pathshala.edu.in', '$2b$12$cmgDkq6jIKqKJhfp5NtXte6qOIpuYQVyNo0JGROE.lE83pi2rEZWm', 1);
INSERT INTO student_profiles (id, user_id, roll_no, enrollment_no, first_name, last_name, dob, gender, phone, address, dept_id, course_id, current_semester, batch, personal_email, pathshala_email, alternative_phone, father_name, father_occupation, mother_name, mother_occupation, permanent_address, current_address, blood_group, section) VALUES (209, 262, '2221209', 'ENR-2221209', 'Krishna', 'Bose', '2003-12-04', 'Female', '9876500209', 'Pathshala Hostel Block B, Room 321', 4, 4, 1, '2025', 'student209.personal@gmail.com', '2221209.civ@pathshala.edu.in', '9123400209', 'Anil Bose', 'Private Service', 'Lata Bose', 'Consultant', '123, MG Road, Sector 4, Bangalore, Karnataka', 'Pathshala Hostel Block B, Room 321', 'B-', 'A');
INSERT INTO users (id, role_id, username, email, password_hash, is_active) VALUES (263, 4, 'student210', '2221210.civ@pathshala.edu.in', '$2b$12$cmgDkq6jIKqKJhfp5NtXte6qOIpuYQVyNo0JGROE.lE83pi2rEZWm', 1);
INSERT INTO student_profiles (id, user_id, roll_no, enrollment_no, first_name, last_name, dob, gender, phone, address, dept_id, course_id, current_semester, batch, personal_email, pathshala_email, alternative_phone, father_name, father_occupation, mother_name, mother_occupation, permanent_address, current_address, blood_group, section) VALUES (210, 263, '2221210', 'ENR-2221210', 'Aditya', 'Patel', '2004-01-24', 'Male', '9876500210', 'Pathshala Hostel Block B, Room 104', 4, 4, 1, '2025', 'student210.personal@gmail.com', '2221210.civ@pathshala.edu.in', '9123400210', 'Suresh Patel', 'Retired', 'Asha Patel', 'Consultant', '78, Anna Salai, Chennai, Tamil Nadu', 'Pathshala Hostel Block B, Room 104', 'B-', 'B');
INSERT INTO users (id, role_id, username, email, password_hash, is_active) VALUES (264, 4, 'student211', '2221211.civ@pathshala.edu.in', '$2b$12$cmgDkq6jIKqKJhfp5NtXte6qOIpuYQVyNo0JGROE.lE83pi2rEZWm', 1);
INSERT INTO student_profiles (id, user_id, roll_no, enrollment_no, first_name, last_name, dob, gender, phone, address, dept_id, course_id, current_semester, batch, personal_email, pathshala_email, alternative_phone, father_name, father_occupation, mother_name, mother_occupation, permanent_address, current_address, blood_group, section) VALUES (211, 264, '2221211', 'ENR-2221211', 'Vihaan', 'Rao', '2003-01-06', 'Male', '9876500211', 'Pathshala Hostel Block C, Room 155', 4, 4, 2, '2025', 'student211.personal@gmail.com', '2221211.civ@pathshala.edu.in', '9123400211', 'Ramesh Rao', 'Engineer', 'Pooja Rao', 'Manager', 'Sector 15, Noida, Uttar Pradesh', 'Pathshala Hostel Block C, Room 155', 'B-', 'A');
INSERT INTO users (id, role_id, username, email, password_hash, is_active) VALUES (265, 4, 'student212', '2221212.civ@pathshala.edu.in', '$2b$12$cmgDkq6jIKqKJhfp5NtXte6qOIpuYQVyNo0JGROE.lE83pi2rEZWm', 1);
INSERT INTO student_profiles (id, user_id, roll_no, enrollment_no, first_name, last_name, dob, gender, phone, address, dept_id, course_id, current_semester, batch, personal_email, pathshala_email, alternative_phone, father_name, father_occupation, mother_name, mother_occupation, permanent_address, current_address, blood_group, section) VALUES (212, 265, '2221212', 'ENR-2221212', 'Khushi', 'Malhotra', '2003-09-19', 'Female', '9876500212', 'Pathshala Hostel Block A, Room 133', 4, 4, 2, '2025', 'student212.personal@gmail.com', '2221212.civ@pathshala.edu.in', '9123400212', 'Deepak Malhotra', 'Homemaker', 'Kavita Malhotra', 'Teacher', 'Civil Lines, Jaipur, Rajasthan', 'Pathshala Hostel Block A, Room 133', 'B+', 'B');
INSERT INTO users (id, role_id, username, email, password_hash, is_active) VALUES (266, 4, 'student213', '2221213.civ@pathshala.edu.in', '$2b$12$cmgDkq6jIKqKJhfp5NtXte6qOIpuYQVyNo0JGROE.lE83pi2rEZWm', 1);
INSERT INTO student_profiles (id, user_id, roll_no, enrollment_no, first_name, last_name, dob, gender, phone, address, dept_id, course_id, current_semester, batch, personal_email, pathshala_email, alternative_phone, father_name, father_occupation, mother_name, mother_occupation, permanent_address, current_address, blood_group, section) VALUES (213, 266, '2221213', 'ENR-2221213', 'Tushar', 'Bose', '2003-06-21', 'Male', '9876500213', 'Pathshala Hostel Block C, Room 205', 4, 4, 3, '2024', 'student213.personal@gmail.com', '2221213.civ@pathshala.edu.in', '9123400213', 'Rajesh Bose', 'Clerk', 'Kavita Bose', 'Farmer', 'Salt Lake, Sector V, Kolkata', 'Pathshala Hostel Block C, Room 205', 'AB-', 'A');
INSERT INTO users (id, role_id, username, email, password_hash, is_active) VALUES (267, 4, 'student214', '2221214.civ@pathshala.edu.in', '$2b$12$cmgDkq6jIKqKJhfp5NtXte6qOIpuYQVyNo0JGROE.lE83pi2rEZWm', 1);
INSERT INTO student_profiles (id, user_id, roll_no, enrollment_no, first_name, last_name, dob, gender, phone, address, dept_id, course_id, current_semester, batch, personal_email, pathshala_email, alternative_phone, father_name, father_occupation, mother_name, mother_occupation, permanent_address, current_address, blood_group, section) VALUES (214, 267, '2221214', 'ENR-2221214', 'Anil', 'Sen', '2003-05-06', 'Female', '9876500214', 'Pathshala Hostel Block A, Room 451', 4, 4, 3, '2024', 'student214.personal@gmail.com', '2221214.civ@pathshala.edu.in', '9123400214', 'Dinesh Sen', 'Government Service', 'Meena Sen', 'Farmer', '12, Marine Drive, Mumbai, Maharashtra', 'Pathshala Hostel Block A, Room 451', 'A+', 'B');
INSERT INTO users (id, role_id, username, email, password_hash, is_active) VALUES (268, 4, 'student215', '2221215.civ@pathshala.edu.in', '$2b$12$cmgDkq6jIKqKJhfp5NtXte6qOIpuYQVyNo0JGROE.lE83pi2rEZWm', 1);
INSERT INTO student_profiles (id, user_id, roll_no, enrollment_no, first_name, last_name, dob, gender, phone, address, dept_id, course_id, current_semester, batch, personal_email, pathshala_email, alternative_phone, father_name, father_occupation, mother_name, mother_occupation, permanent_address, current_address, blood_group, section) VALUES (215, 268, '2221215', 'ENR-2221215', 'Aayush', 'Malhotra', '2003-08-26', 'Male', '9876500215', 'Pathshala Hostel Block B, Room 474', 4, 4, 4, '2024', 'student215.personal@gmail.com', '2221215.civ@pathshala.edu.in', '9123400215', 'Vinod Malhotra', 'Manager', 'Kavita Malhotra', 'Consultant', 'Civil Lines, Jaipur, Rajasthan', 'Pathshala Hostel Block B, Room 474', 'AB+', 'A');
INSERT INTO users (id, role_id, username, email, password_hash, is_active) VALUES (269, 4, 'student216', '2221216.civ@pathshala.edu.in', '$2b$12$cmgDkq6jIKqKJhfp5NtXte6qOIpuYQVyNo0JGROE.lE83pi2rEZWm', 1);
INSERT INTO student_profiles (id, user_id, roll_no, enrollment_no, first_name, last_name, dob, gender, phone, address, dept_id, course_id, current_semester, batch, personal_email, pathshala_email, alternative_phone, father_name, father_occupation, mother_name, mother_occupation, permanent_address, current_address, blood_group, section) VALUES (216, 269, '2221216', 'ENR-2221216', 'Sai', 'Desai', '2003-10-28', 'Male', '9876500216', 'Pathshala Hostel Block D, Room 311', 4, 4, 4, '2024', 'student216.personal@gmail.com', '2221216.civ@pathshala.edu.in', '9123400216', 'Ashok Desai', 'Retired', 'Shanti Desai', 'Clerk', 'Salt Lake, Sector V, Kolkata', 'Pathshala Hostel Block D, Room 311', 'O+', 'B');
INSERT INTO users (id, role_id, username, email, password_hash, is_active) VALUES (270, 4, 'student217', '2221217.civ@pathshala.edu.in', '$2b$12$cmgDkq6jIKqKJhfp5NtXte6qOIpuYQVyNo0JGROE.lE83pi2rEZWm', 1);
INSERT INTO student_profiles (id, user_id, roll_no, enrollment_no, first_name, last_name, dob, gender, phone, address, dept_id, course_id, current_semester, batch, personal_email, pathshala_email, alternative_phone, father_name, father_occupation, mother_name, mother_occupation, permanent_address, current_address, blood_group, section) VALUES (217, 270, '2221217', 'ENR-2221217', 'Arnav', 'Gupta', '2002-09-10', 'Female', '9876500217', 'Pathshala Hostel Block D, Room 255', 4, 4, 5, '2023', 'student217.personal@gmail.com', '2221217.civ@pathshala.edu.in', '9123400217', 'Ramesh Gupta', 'Government Service', 'Pooja Gupta', 'Teacher', '123, MG Road, Sector 4, Bangalore, Karnataka', 'Pathshala Hostel Block D, Room 255', 'O+', 'A');
INSERT INTO users (id, role_id, username, email, password_hash, is_active) VALUES (271, 4, 'student218', '2221218.civ@pathshala.edu.in', '$2b$12$cmgDkq6jIKqKJhfp5NtXte6qOIpuYQVyNo0JGROE.lE83pi2rEZWm', 1);
INSERT INTO student_profiles (id, user_id, roll_no, enrollment_no, first_name, last_name, dob, gender, phone, address, dept_id, course_id, current_semester, batch, personal_email, pathshala_email, alternative_phone, father_name, father_occupation, mother_name, mother_occupation, permanent_address, current_address, blood_group, section) VALUES (218, 271, '2221218', 'ENR-2221218', 'Pranav', 'Desai', '2002-11-24', 'Female', '9876500218', 'Pathshala Hostel Block B, Room 236', 4, 4, 5, '2023', 'student218.personal@gmail.com', '2221218.civ@pathshala.edu.in', '9123400218', 'Manoj Desai', 'Consultant', 'Kavita Desai', 'Business Owner', '45, Park Street, Kolkata, West Bengal', 'Pathshala Hostel Block B, Room 236', 'AB-', 'B');
INSERT INTO users (id, role_id, username, email, password_hash, is_active) VALUES (272, 4, 'student219', '2221219.civ@pathshala.edu.in', '$2b$12$cmgDkq6jIKqKJhfp5NtXte6qOIpuYQVyNo0JGROE.lE83pi2rEZWm', 1);
INSERT INTO student_profiles (id, user_id, roll_no, enrollment_no, first_name, last_name, dob, gender, phone, address, dept_id, course_id, current_semester, batch, personal_email, pathshala_email, alternative_phone, father_name, father_occupation, mother_name, mother_occupation, permanent_address, current_address, blood_group, section) VALUES (219, 272, '2221219', 'ENR-2221219', 'Ishan', 'Banerjee', '2003-06-07', 'Female', '9876500219', 'Pathshala Hostel Block B, Room 230', 4, 4, 6, '2023', 'student219.personal@gmail.com', '2221219.civ@pathshala.edu.in', '9123400219', 'Ashok Banerjee', 'Business Owner', 'Meena Banerjee', 'Clerk', 'Sector 15, Noida, Uttar Pradesh', 'Pathshala Hostel Block B, Room 230', 'O-', 'A');
INSERT INTO users (id, role_id, username, email, password_hash, is_active) VALUES (273, 4, 'student220', '2221220.civ@pathshala.edu.in', '$2b$12$cmgDkq6jIKqKJhfp5NtXte6qOIpuYQVyNo0JGROE.lE83pi2rEZWm', 1);
INSERT INTO student_profiles (id, user_id, roll_no, enrollment_no, first_name, last_name, dob, gender, phone, address, dept_id, course_id, current_semester, batch, personal_email, pathshala_email, alternative_phone, father_name, father_occupation, mother_name, mother_occupation, permanent_address, current_address, blood_group, section) VALUES (220, 273, '2221220', 'ENR-2221220', 'Jyoti', 'Kumar', '2004-09-17', 'Male', '9876500220', 'Pathshala Hostel Block B, Room 389', 4, 4, 6, '2023', 'student220.personal@gmail.com', '2221220.civ@pathshala.edu.in', '9123400220', 'Rajesh Kumar', 'Homemaker', 'Kavita Kumar', 'Retired', '45, Park Street, Kolkata, West Bengal', 'Pathshala Hostel Block B, Room 389', 'O-', 'B');
INSERT INTO users (id, role_id, username, email, password_hash, is_active) VALUES (274, 4, 'student221', '2221221.civ@pathshala.edu.in', '$2b$12$cmgDkq6jIKqKJhfp5NtXte6qOIpuYQVyNo0JGROE.lE83pi2rEZWm', 1);
INSERT INTO student_profiles (id, user_id, roll_no, enrollment_no, first_name, last_name, dob, gender, phone, address, dept_id, course_id, current_semester, batch, personal_email, pathshala_email, alternative_phone, father_name, father_occupation, mother_name, mother_occupation, permanent_address, current_address, blood_group, section) VALUES (221, 274, '2221221', 'ENR-2221221', 'Sneha', 'Nair', '2003-12-03', 'Female', '9876500221', 'Pathshala Hostel Block D, Room 281', 4, 4, 7, '2022', 'student221.personal@gmail.com', '2221221.civ@pathshala.edu.in', '9123400221', 'Vinod Nair', 'Private Service', 'Anita Nair', 'Clerk', 'Civil Lines, Jaipur, Rajasthan', 'Pathshala Hostel Block D, Room 281', 'AB-', 'A');
INSERT INTO users (id, role_id, username, email, password_hash, is_active) VALUES (275, 4, 'student222', '2221222.civ@pathshala.edu.in', '$2b$12$cmgDkq6jIKqKJhfp5NtXte6qOIpuYQVyNo0JGROE.lE83pi2rEZWm', 1);
INSERT INTO student_profiles (id, user_id, roll_no, enrollment_no, first_name, last_name, dob, gender, phone, address, dept_id, course_id, current_semester, batch, personal_email, pathshala_email, alternative_phone, father_name, father_occupation, mother_name, mother_occupation, permanent_address, current_address, blood_group, section) VALUES (222, 275, '2221222', 'ENR-2221222', 'Reyansh', 'Rao', '2003-11-04', 'Female', '9876500222', 'Pathshala Hostel Block B, Room 448', 4, 4, 7, '2022', 'student222.personal@gmail.com', '2221222.civ@pathshala.edu.in', '9123400222', 'Suresh Rao', 'Government Service', 'Kiran Rao', 'Teacher', '12, Marine Drive, Mumbai, Maharashtra', 'Pathshala Hostel Block B, Room 448', 'O+', 'B');
INSERT INTO users (id, role_id, username, email, password_hash, is_active) VALUES (276, 4, 'student223', '2221223.civ@pathshala.edu.in', '$2b$12$cmgDkq6jIKqKJhfp5NtXte6qOIpuYQVyNo0JGROE.lE83pi2rEZWm', 1);
INSERT INTO student_profiles (id, user_id, roll_no, enrollment_no, first_name, last_name, dob, gender, phone, address, dept_id, course_id, current_semester, batch, personal_email, pathshala_email, alternative_phone, father_name, father_occupation, mother_name, mother_occupation, permanent_address, current_address, blood_group, section) VALUES (223, 276, '2221223', 'ENR-2221223', 'Arjun', 'Pillai', '2004-01-07', 'Male', '9876500223', 'Pathshala Hostel Block D, Room 437', 4, 4, 8, '2022', 'student223.personal@gmail.com', '2221223.civ@pathshala.edu.in', '9123400223', 'Anil Pillai', 'Business Owner', 'Meena Pillai', 'Clerk', '123, MG Road, Sector 4, Bangalore, Karnataka', 'Pathshala Hostel Block D, Room 437', 'A+', 'A');
INSERT INTO users (id, role_id, username, email, password_hash, is_active) VALUES (277, 4, 'student224', '2221224.civ@pathshala.edu.in', '$2b$12$cmgDkq6jIKqKJhfp5NtXte6qOIpuYQVyNo0JGROE.lE83pi2rEZWm', 1);
INSERT INTO student_profiles (id, user_id, roll_no, enrollment_no, first_name, last_name, dob, gender, phone, address, dept_id, course_id, current_semester, batch, personal_email, pathshala_email, alternative_phone, father_name, father_occupation, mother_name, mother_occupation, permanent_address, current_address, blood_group, section) VALUES (224, 277, '2221224', 'ENR-2221224', 'Anil', 'Choudhury', '2002-08-17', 'Male', '9876500224', 'Pathshala Hostel Block D, Room 311', 4, 4, 8, '2022', 'student224.personal@gmail.com', '2221224.civ@pathshala.edu.in', '9123400224', 'Pradeep Choudhury', 'Clerk', 'Rekha Choudhury', 'Manager', '12, Marine Drive, Mumbai, Maharashtra', 'Pathshala Hostel Block D, Room 311', 'B+', 'B');
INSERT INTO users (id, role_id, username, email, password_hash, is_active) VALUES (278, 4, 'student225', '2221225.bba@pathshala.edu.in', '$2b$12$cmgDkq6jIKqKJhfp5NtXte6qOIpuYQVyNo0JGROE.lE83pi2rEZWm', 1);
INSERT INTO student_profiles (id, user_id, roll_no, enrollment_no, first_name, last_name, dob, gender, phone, address, dept_id, course_id, current_semester, batch, personal_email, pathshala_email, alternative_phone, father_name, father_occupation, mother_name, mother_occupation, permanent_address, current_address, blood_group, section) VALUES (225, 278, '2221225', 'ENR-2221225', 'Ananya', 'Kumar', '2002-06-03', 'Female', '9876500225', 'Pathshala Hostel Block A, Room 235', 5, 5, 1, '2025', 'student225.personal@gmail.com', '2221225.bba@pathshala.edu.in', '9123400225', 'Deepak Kumar', 'Homemaker', 'Rekha Kumar', 'Business Owner', 'Mall Road, Shimla, Himachal Pradesh', 'Pathshala Hostel Block A, Room 235', 'AB+', 'A');
INSERT INTO users (id, role_id, username, email, password_hash, is_active) VALUES (279, 4, 'student226', '2221226.bba@pathshala.edu.in', '$2b$12$cmgDkq6jIKqKJhfp5NtXte6qOIpuYQVyNo0JGROE.lE83pi2rEZWm', 1);
INSERT INTO student_profiles (id, user_id, roll_no, enrollment_no, first_name, last_name, dob, gender, phone, address, dept_id, course_id, current_semester, batch, personal_email, pathshala_email, alternative_phone, father_name, father_occupation, mother_name, mother_occupation, permanent_address, current_address, blood_group, section) VALUES (226, 279, '2221226', 'ENR-2221226', 'Priya', 'Das', '2004-07-31', 'Male', '9876500226', 'Pathshala Hostel Block D, Room 403', 5, 5, 1, '2025', 'student226.personal@gmail.com', '2221226.bba@pathshala.edu.in', '9123400226', 'Dinesh Das', 'Manager', 'Kavita Das', 'Clerk', '45, Park Street, Kolkata, West Bengal', 'Pathshala Hostel Block D, Room 403', 'O-', 'B');
INSERT INTO users (id, role_id, username, email, password_hash, is_active) VALUES (280, 4, 'student227', '2221227.bba@pathshala.edu.in', '$2b$12$cmgDkq6jIKqKJhfp5NtXte6qOIpuYQVyNo0JGROE.lE83pi2rEZWm', 1);
INSERT INTO student_profiles (id, user_id, roll_no, enrollment_no, first_name, last_name, dob, gender, phone, address, dept_id, course_id, current_semester, batch, personal_email, pathshala_email, alternative_phone, father_name, father_occupation, mother_name, mother_occupation, permanent_address, current_address, blood_group, section) VALUES (227, 280, '2221227', 'ENR-2221227', 'Abhishek', 'Sharma', '2002-12-26', 'Male', '9876500227', 'Pathshala Hostel Block B, Room 434', 5, 5, 2, '2025', 'student227.personal@gmail.com', '2221227.bba@pathshala.edu.in', '9123400227', 'Dinesh Sharma', 'Doctor', 'Kavita Sharma', 'Farmer', '78, Anna Salai, Chennai, Tamil Nadu', 'Pathshala Hostel Block B, Room 434', 'A-', 'A');
INSERT INTO users (id, role_id, username, email, password_hash, is_active) VALUES (281, 4, 'student228', '2221228.bba@pathshala.edu.in', '$2b$12$cmgDkq6jIKqKJhfp5NtXte6qOIpuYQVyNo0JGROE.lE83pi2rEZWm', 1);
INSERT INTO student_profiles (id, user_id, roll_no, enrollment_no, first_name, last_name, dob, gender, phone, address, dept_id, course_id, current_semester, batch, personal_email, pathshala_email, alternative_phone, father_name, father_occupation, mother_name, mother_occupation, permanent_address, current_address, blood_group, section) VALUES (228, 281, '2221228', 'ENR-2221228', 'Anil', 'Joshi', '2004-02-09', 'Female', '9876500228', 'Pathshala Hostel Block D, Room 278', 5, 5, 2, '2025', 'student228.personal@gmail.com', '2221228.bba@pathshala.edu.in', '9123400228', 'Sunil Joshi', 'Doctor', 'Rekha Joshi', 'Government Service', 'Kadam Kuan, Patna, Bihar', 'Pathshala Hostel Block D, Room 278', 'AB-', 'B');
INSERT INTO users (id, role_id, username, email, password_hash, is_active) VALUES (282, 4, 'student229', '2221229.bba@pathshala.edu.in', '$2b$12$cmgDkq6jIKqKJhfp5NtXte6qOIpuYQVyNo0JGROE.lE83pi2rEZWm', 1);
INSERT INTO student_profiles (id, user_id, roll_no, enrollment_no, first_name, last_name, dob, gender, phone, address, dept_id, course_id, current_semester, batch, personal_email, pathshala_email, alternative_phone, father_name, father_occupation, mother_name, mother_occupation, permanent_address, current_address, blood_group, section) VALUES (229, 282, '2221229', 'ENR-2221229', 'Harsh', 'Malhotra', '2004-05-29', 'Female', '9876500229', 'Pathshala Hostel Block D, Room 181', 5, 5, 3, '2024', 'student229.personal@gmail.com', '2221229.bba@pathshala.edu.in', '9123400229', 'Sanjay Malhotra', 'Business Owner', 'Geeta Malhotra', 'Government Service', '45, Park Street, Kolkata, West Bengal', 'Pathshala Hostel Block D, Room 181', 'O-', 'A');
INSERT INTO users (id, role_id, username, email, password_hash, is_active) VALUES (283, 4, 'student230', '2221230.bba@pathshala.edu.in', '$2b$12$cmgDkq6jIKqKJhfp5NtXte6qOIpuYQVyNo0JGROE.lE83pi2rEZWm', 1);
INSERT INTO student_profiles (id, user_id, roll_no, enrollment_no, first_name, last_name, dob, gender, phone, address, dept_id, course_id, current_semester, batch, personal_email, pathshala_email, alternative_phone, father_name, father_occupation, mother_name, mother_occupation, permanent_address, current_address, blood_group, section) VALUES (230, 283, '2221230', 'ENR-2221230', 'Aayush', 'Verma', '2002-07-13', 'Female', '9876500230', 'Pathshala Hostel Block A, Room 180', 5, 5, 3, '2024', 'student230.personal@gmail.com', '2221230.bba@pathshala.edu.in', '9123400230', 'Ashok Verma', 'Private Service', 'Geeta Verma', 'Teacher', 'Salt Lake, Sector V, Kolkata', 'Pathshala Hostel Block A, Room 180', 'B+', 'B');
INSERT INTO users (id, role_id, username, email, password_hash, is_active) VALUES (284, 4, 'student231', '2221231.bba@pathshala.edu.in', '$2b$12$cmgDkq6jIKqKJhfp5NtXte6qOIpuYQVyNo0JGROE.lE83pi2rEZWm', 1);
INSERT INTO student_profiles (id, user_id, roll_no, enrollment_no, first_name, last_name, dob, gender, phone, address, dept_id, course_id, current_semester, batch, personal_email, pathshala_email, alternative_phone, father_name, father_occupation, mother_name, mother_occupation, permanent_address, current_address, blood_group, section) VALUES (231, 284, '2221231', 'ENR-2221231', 'Vihaan', 'Gupta', '2002-11-26', 'Female', '9876500231', 'Pathshala Hostel Block C, Room 117', 5, 5, 4, '2024', 'student231.personal@gmail.com', '2221231.bba@pathshala.edu.in', '9123400231', 'Anil Gupta', 'Engineer', 'Kavita Gupta', 'Consultant', 'Civil Lines, Jaipur, Rajasthan', 'Pathshala Hostel Block C, Room 117', 'O+', 'A');
INSERT INTO users (id, role_id, username, email, password_hash, is_active) VALUES (285, 4, 'student232', '2221232.bba@pathshala.edu.in', '$2b$12$cmgDkq6jIKqKJhfp5NtXte6qOIpuYQVyNo0JGROE.lE83pi2rEZWm', 1);
INSERT INTO student_profiles (id, user_id, roll_no, enrollment_no, first_name, last_name, dob, gender, phone, address, dept_id, course_id, current_semester, batch, personal_email, pathshala_email, alternative_phone, father_name, father_occupation, mother_name, mother_occupation, permanent_address, current_address, blood_group, section) VALUES (232, 285, '2221232', 'ENR-2221232', 'Sachin', 'Patel', '2003-05-24', 'Female', '9876500232', 'Pathshala Hostel Block B, Room 319', 5, 5, 4, '2024', 'student232.personal@gmail.com', '2221232.bba@pathshala.edu.in', '9123400232', 'Pradeep Patel', 'Engineer', 'Shanti Patel', 'Retired', '99, Gachibowli, Hyderabad, Telangana', 'Pathshala Hostel Block B, Room 319', 'AB-', 'B');
INSERT INTO users (id, role_id, username, email, password_hash, is_active) VALUES (286, 4, 'student233', '2221233.bba@pathshala.edu.in', '$2b$12$cmgDkq6jIKqKJhfp5NtXte6qOIpuYQVyNo0JGROE.lE83pi2rEZWm', 1);
INSERT INTO student_profiles (id, user_id, roll_no, enrollment_no, first_name, last_name, dob, gender, phone, address, dept_id, course_id, current_semester, batch, personal_email, pathshala_email, alternative_phone, father_name, father_occupation, mother_name, mother_occupation, permanent_address, current_address, blood_group, section) VALUES (233, 286, '2221233', 'ENR-2221233', 'Pihu', 'Bose', '2002-06-29', 'Female', '9876500233', 'Pathshala Hostel Block B, Room 214', 5, 5, 5, '2023', 'student233.personal@gmail.com', '2221233.bba@pathshala.edu.in', '9123400233', 'Deepak Bose', 'Homemaker', 'Seema Bose', 'Clerk', 'Sector 15, Noida, Uttar Pradesh', 'Pathshala Hostel Block B, Room 214', 'O+', 'A');
INSERT INTO users (id, role_id, username, email, password_hash, is_active) VALUES (287, 4, 'student234', '2221234.bba@pathshala.edu.in', '$2b$12$cmgDkq6jIKqKJhfp5NtXte6qOIpuYQVyNo0JGROE.lE83pi2rEZWm', 1);
INSERT INTO student_profiles (id, user_id, roll_no, enrollment_no, first_name, last_name, dob, gender, phone, address, dept_id, course_id, current_semester, batch, personal_email, pathshala_email, alternative_phone, father_name, father_occupation, mother_name, mother_occupation, permanent_address, current_address, blood_group, section) VALUES (234, 287, '2221234', 'ENR-2221234', 'Krishna', 'Gupta', '2002-02-09', 'Male', '9876500234', 'Pathshala Hostel Block B, Room 414', 5, 5, 5, '2023', 'student234.personal@gmail.com', '2221234.bba@pathshala.edu.in', '9123400234', 'Mahesh Gupta', 'Teacher', 'Rekha Gupta', 'Engineer', 'Salt Lake, Sector V, Kolkata', 'Pathshala Hostel Block B, Room 414', 'A+', 'B');
INSERT INTO users (id, role_id, username, email, password_hash, is_active) VALUES (288, 4, 'student235', '2221235.bba@pathshala.edu.in', '$2b$12$cmgDkq6jIKqKJhfp5NtXte6qOIpuYQVyNo0JGROE.lE83pi2rEZWm', 1);
INSERT INTO student_profiles (id, user_id, roll_no, enrollment_no, first_name, last_name, dob, gender, phone, address, dept_id, course_id, current_semester, batch, personal_email, pathshala_email, alternative_phone, father_name, father_occupation, mother_name, mother_occupation, permanent_address, current_address, blood_group, section) VALUES (235, 288, '2221235', 'ENR-2221235', 'Shaurya', 'Bose', '2002-07-18', 'Female', '9876500235', 'Pathshala Hostel Block B, Room 168', 5, 5, 6, '2023', 'student235.personal@gmail.com', '2221235.bba@pathshala.edu.in', '9123400235', 'Alok Bose', 'Manager', 'Meena Bose', 'Consultant', '99, Gachibowli, Hyderabad, Telangana', 'Pathshala Hostel Block B, Room 168', 'AB+', 'A');
INSERT INTO users (id, role_id, username, email, password_hash, is_active) VALUES (289, 4, 'student236', '2221236.bba@pathshala.edu.in', '$2b$12$cmgDkq6jIKqKJhfp5NtXte6qOIpuYQVyNo0JGROE.lE83pi2rEZWm', 1);
INSERT INTO student_profiles (id, user_id, roll_no, enrollment_no, first_name, last_name, dob, gender, phone, address, dept_id, course_id, current_semester, batch, personal_email, pathshala_email, alternative_phone, father_name, father_occupation, mother_name, mother_occupation, permanent_address, current_address, blood_group, section) VALUES (236, 289, '2221236', 'ENR-2221236', 'Divya', 'Bose', '2002-04-06', 'Male', '9876500236', 'Pathshala Hostel Block C, Room 215', 5, 5, 6, '2023', 'student236.personal@gmail.com', '2221236.bba@pathshala.edu.in', '9123400236', 'Ashok Bose', 'Retired', 'Meena Bose', 'Doctor', '99, Gachibowli, Hyderabad, Telangana', 'Pathshala Hostel Block C, Room 215', 'B+', 'B');
INSERT INTO users (id, role_id, username, email, password_hash, is_active) VALUES (290, 4, 'student237', '2221237.bba@pathshala.edu.in', '$2b$12$cmgDkq6jIKqKJhfp5NtXte6qOIpuYQVyNo0JGROE.lE83pi2rEZWm', 1);
INSERT INTO student_profiles (id, user_id, roll_no, enrollment_no, first_name, last_name, dob, gender, phone, address, dept_id, course_id, current_semester, batch, personal_email, pathshala_email, alternative_phone, father_name, father_occupation, mother_name, mother_occupation, permanent_address, current_address, blood_group, section) VALUES (237, 290, '2221237', 'ENR-2221237', 'Ira', 'Chawla', '2002-10-03', 'Male', '9876500237', 'Pathshala Hostel Block D, Room 492', 5, 5, 7, '2022', 'student237.personal@gmail.com', '2221237.bba@pathshala.edu.in', '9123400237', 'Ramesh Chawla', 'Manager', 'Seema Chawla', 'Consultant', 'Mall Road, Shimla, Himachal Pradesh', 'Pathshala Hostel Block D, Room 492', 'B+', 'A');
INSERT INTO users (id, role_id, username, email, password_hash, is_active) VALUES (291, 4, 'student238', '2221238.bba@pathshala.edu.in', '$2b$12$cmgDkq6jIKqKJhfp5NtXte6qOIpuYQVyNo0JGROE.lE83pi2rEZWm', 1);
INSERT INTO student_profiles (id, user_id, roll_no, enrollment_no, first_name, last_name, dob, gender, phone, address, dept_id, course_id, current_semester, batch, personal_email, pathshala_email, alternative_phone, father_name, father_occupation, mother_name, mother_occupation, permanent_address, current_address, blood_group, section) VALUES (238, 291, '2221238', 'ENR-2221238', 'Pihu', 'Pillai', '2002-02-13', 'Male', '9876500238', 'Pathshala Hostel Block D, Room 172', 5, 5, 7, '2022', 'student238.personal@gmail.com', '2221238.bba@pathshala.edu.in', '9123400238', 'Sanjay Pillai', 'Consultant', 'Rekha Pillai', 'Government Service', 'Kadam Kuan, Patna, Bihar', 'Pathshala Hostel Block D, Room 172', 'A+', 'B');
INSERT INTO users (id, role_id, username, email, password_hash, is_active) VALUES (292, 4, 'student239', '2221239.bba@pathshala.edu.in', '$2b$12$cmgDkq6jIKqKJhfp5NtXte6qOIpuYQVyNo0JGROE.lE83pi2rEZWm', 1);
INSERT INTO student_profiles (id, user_id, roll_no, enrollment_no, first_name, last_name, dob, gender, phone, address, dept_id, course_id, current_semester, batch, personal_email, pathshala_email, alternative_phone, father_name, father_occupation, mother_name, mother_occupation, permanent_address, current_address, blood_group, section) VALUES (239, 292, '2221239', 'ENR-2221239', 'Sneha', 'Sen', '2004-05-31', 'Female', '9876500239', 'Pathshala Hostel Block C, Room 406', 5, 5, 8, '2022', 'student239.personal@gmail.com', '2221239.bba@pathshala.edu.in', '9123400239', 'Rajesh Sen', 'Government Service', 'Pooja Sen', 'Clerk', 'Kadam Kuan, Patna, Bihar', 'Pathshala Hostel Block C, Room 406', 'AB+', 'A');
INSERT INTO users (id, role_id, username, email, password_hash, is_active) VALUES (293, 4, 'student240', '2221240.bba@pathshala.edu.in', '$2b$12$cmgDkq6jIKqKJhfp5NtXte6qOIpuYQVyNo0JGROE.lE83pi2rEZWm', 1);
INSERT INTO student_profiles (id, user_id, roll_no, enrollment_no, first_name, last_name, dob, gender, phone, address, dept_id, course_id, current_semester, batch, personal_email, pathshala_email, alternative_phone, father_name, father_occupation, mother_name, mother_occupation, permanent_address, current_address, blood_group, section) VALUES (240, 293, '2221240', 'ENR-2221240', 'Ishan', 'Desai', '2003-05-20', 'Female', '9876500240', 'Pathshala Hostel Block D, Room 125', 5, 5, 8, '2022', 'student240.personal@gmail.com', '2221240.bba@pathshala.edu.in', '9123400240', 'Harish Desai', 'Farmer', 'Geeta Desai', 'Farmer', '99, Gachibowli, Hyderabad, Telangana', 'Pathshala Hostel Block D, Room 125', 'AB-', 'B');
INSERT INTO users (id, role_id, username, email, password_hash, is_active) VALUES (294, 4, 'student241', '2221241.cse@pathshala.edu.in', '$2b$12$cmgDkq6jIKqKJhfp5NtXte6qOIpuYQVyNo0JGROE.lE83pi2rEZWm', 1);
INSERT INTO student_profiles (id, user_id, roll_no, enrollment_no, first_name, last_name, dob, gender, phone, address, dept_id, course_id, current_semester, batch, personal_email, pathshala_email, alternative_phone, father_name, father_occupation, mother_name, mother_occupation, permanent_address, current_address, blood_group, section) VALUES (241, 294, '2221241', 'ENR-2221241', 'Ananya', 'Iyer', '2003-07-07', 'Male', '9876500241', 'Pathshala Hostel Block B, Room 136', 1, 1, 1, '2025', 'student241.personal@gmail.com', '2221241.cse@pathshala.edu.in', '9123400241', 'Vijay Iyer', 'Clerk', 'Seema Iyer', 'Clerk', 'Civil Lines, Jaipur, Rajasthan', 'Pathshala Hostel Block B, Room 136', 'O-', 'A');
INSERT INTO users (id, role_id, username, email, password_hash, is_active) VALUES (295, 4, 'student242', '2221242.cse@pathshala.edu.in', '$2b$12$cmgDkq6jIKqKJhfp5NtXte6qOIpuYQVyNo0JGROE.lE83pi2rEZWm', 1);
INSERT INTO student_profiles (id, user_id, roll_no, enrollment_no, first_name, last_name, dob, gender, phone, address, dept_id, course_id, current_semester, batch, personal_email, pathshala_email, alternative_phone, father_name, father_occupation, mother_name, mother_occupation, permanent_address, current_address, blood_group, section) VALUES (242, 295, '2221242', 'ENR-2221242', 'Amit', 'Reddy', '2004-09-08', 'Female', '9876500242', 'Pathshala Hostel Block C, Room 121', 1, 1, 1, '2025', 'student242.personal@gmail.com', '2221242.cse@pathshala.edu.in', '9123400242', 'Pradeep Reddy', 'Retired', 'Asha Reddy', 'Engineer', '78, Anna Salai, Chennai, Tamil Nadu', 'Pathshala Hostel Block C, Room 121', 'A-', 'B');
INSERT INTO users (id, role_id, username, email, password_hash, is_active) VALUES (296, 4, 'student243', '2221243.cse@pathshala.edu.in', '$2b$12$cmgDkq6jIKqKJhfp5NtXte6qOIpuYQVyNo0JGROE.lE83pi2rEZWm', 1);
INSERT INTO student_profiles (id, user_id, roll_no, enrollment_no, first_name, last_name, dob, gender, phone, address, dept_id, course_id, current_semester, batch, personal_email, pathshala_email, alternative_phone, father_name, father_occupation, mother_name, mother_occupation, permanent_address, current_address, blood_group, section) VALUES (243, 296, '2221243', 'ENR-2221243', 'Pooja', 'Nair', '2003-08-15', 'Female', '9876500243', 'Pathshala Hostel Block C, Room 127', 1, 1, 2, '2025', 'student243.personal@gmail.com', '2221243.cse@pathshala.edu.in', '9123400243', 'Dinesh Nair', 'Private Service', 'Lata Nair', 'Business Owner', '45, Park Street, Kolkata, West Bengal', 'Pathshala Hostel Block C, Room 127', 'O+', 'A');
INSERT INTO users (id, role_id, username, email, password_hash, is_active) VALUES (297, 4, 'student244', '2221244.cse@pathshala.edu.in', '$2b$12$cmgDkq6jIKqKJhfp5NtXte6qOIpuYQVyNo0JGROE.lE83pi2rEZWm', 1);
INSERT INTO student_profiles (id, user_id, roll_no, enrollment_no, first_name, last_name, dob, gender, phone, address, dept_id, course_id, current_semester, batch, personal_email, pathshala_email, alternative_phone, father_name, father_occupation, mother_name, mother_occupation, permanent_address, current_address, blood_group, section) VALUES (244, 297, '2221244', 'ENR-2221244', 'Divya', 'Desai', '2004-06-15', 'Male', '9876500244', 'Pathshala Hostel Block C, Room 140', 1, 1, 2, '2025', 'student244.personal@gmail.com', '2221244.cse@pathshala.edu.in', '9123400244', 'Vijay Desai', 'Consultant', 'Seema Desai', 'Retired', 'Mall Road, Shimla, Himachal Pradesh', 'Pathshala Hostel Block C, Room 140', 'O+', 'B');
INSERT INTO users (id, role_id, username, email, password_hash, is_active) VALUES (298, 4, 'student245', '2221245.cse@pathshala.edu.in', '$2b$12$cmgDkq6jIKqKJhfp5NtXte6qOIpuYQVyNo0JGROE.lE83pi2rEZWm', 1);
INSERT INTO student_profiles (id, user_id, roll_no, enrollment_no, first_name, last_name, dob, gender, phone, address, dept_id, course_id, current_semester, batch, personal_email, pathshala_email, alternative_phone, father_name, father_occupation, mother_name, mother_occupation, permanent_address, current_address, blood_group, section) VALUES (245, 298, '2221245', 'ENR-2221245', 'Anil', 'Singh', '2002-03-03', 'Female', '9876500245', 'Pathshala Hostel Block A, Room 318', 1, 1, 3, '2024', 'student245.personal@gmail.com', '2221245.cse@pathshala.edu.in', '9123400245', 'Anil Singh', 'Consultant', 'Pooja Singh', 'Retired', 'Mall Road, Shimla, Himachal Pradesh', 'Pathshala Hostel Block A, Room 318', 'A-', 'A');
INSERT INTO users (id, role_id, username, email, password_hash, is_active) VALUES (299, 4, 'student246', '2221246.cse@pathshala.edu.in', '$2b$12$cmgDkq6jIKqKJhfp5NtXte6qOIpuYQVyNo0JGROE.lE83pi2rEZWm', 1);
INSERT INTO student_profiles (id, user_id, roll_no, enrollment_no, first_name, last_name, dob, gender, phone, address, dept_id, course_id, current_semester, batch, personal_email, pathshala_email, alternative_phone, father_name, father_occupation, mother_name, mother_occupation, permanent_address, current_address, blood_group, section) VALUES (246, 299, '2221246', 'ENR-2221246', 'Divya', 'Mishra', '2003-06-25', 'Female', '9876500246', 'Pathshala Hostel Block C, Room 470', 1, 1, 3, '2024', 'student246.personal@gmail.com', '2221246.cse@pathshala.edu.in', '9123400246', 'Ashok Mishra', 'Farmer', 'Sunita Mishra', 'Homemaker', '99, Gachibowli, Hyderabad, Telangana', 'Pathshala Hostel Block C, Room 470', 'B+', 'B');
INSERT INTO users (id, role_id, username, email, password_hash, is_active) VALUES (300, 4, 'student247', '2221247.cse@pathshala.edu.in', '$2b$12$cmgDkq6jIKqKJhfp5NtXte6qOIpuYQVyNo0JGROE.lE83pi2rEZWm', 1);
INSERT INTO student_profiles (id, user_id, roll_no, enrollment_no, first_name, last_name, dob, gender, phone, address, dept_id, course_id, current_semester, batch, personal_email, pathshala_email, alternative_phone, father_name, father_occupation, mother_name, mother_occupation, permanent_address, current_address, blood_group, section) VALUES (247, 300, '2221247', 'ENR-2221247', 'Anil', 'Kumar', '2003-12-03', 'Male', '9876500247', 'Pathshala Hostel Block B, Room 310', 1, 1, 4, '2024', 'student247.personal@gmail.com', '2221247.cse@pathshala.edu.in', '9123400247', 'Alok Kumar', 'Homemaker', 'Meena Kumar', 'Homemaker', 'Sector 15, Noida, Uttar Pradesh', 'Pathshala Hostel Block B, Room 310', 'A+', 'A');
INSERT INTO users (id, role_id, username, email, password_hash, is_active) VALUES (301, 4, 'student248', '2221248.cse@pathshala.edu.in', '$2b$12$cmgDkq6jIKqKJhfp5NtXte6qOIpuYQVyNo0JGROE.lE83pi2rEZWm', 1);
INSERT INTO student_profiles (id, user_id, roll_no, enrollment_no, first_name, last_name, dob, gender, phone, address, dept_id, course_id, current_semester, batch, personal_email, pathshala_email, alternative_phone, father_name, father_occupation, mother_name, mother_occupation, permanent_address, current_address, blood_group, section) VALUES (248, 301, '2221248', 'ENR-2221248', 'Pooja', 'Nair', '2004-01-05', 'Female', '9876500248', 'Pathshala Hostel Block B, Room 185', 1, 1, 4, '2024', 'student248.personal@gmail.com', '2221248.cse@pathshala.edu.in', '9123400248', 'Anil Nair', 'Business Owner', 'Rekha Nair', 'Teacher', 'Civil Lines, Jaipur, Rajasthan', 'Pathshala Hostel Block B, Room 185', 'AB+', 'B');
INSERT INTO users (id, role_id, username, email, password_hash, is_active) VALUES (302, 4, 'student249', '2221249.cse@pathshala.edu.in', '$2b$12$cmgDkq6jIKqKJhfp5NtXte6qOIpuYQVyNo0JGROE.lE83pi2rEZWm', 1);
INSERT INTO student_profiles (id, user_id, roll_no, enrollment_no, first_name, last_name, dob, gender, phone, address, dept_id, course_id, current_semester, batch, personal_email, pathshala_email, alternative_phone, father_name, father_occupation, mother_name, mother_occupation, permanent_address, current_address, blood_group, section) VALUES (249, 302, '2221249', 'ENR-2221249', 'Pooja', 'Chawla', '2002-03-29', 'Female', '9876500249', 'Pathshala Hostel Block A, Room 470', 1, 1, 5, '2023', 'student249.personal@gmail.com', '2221249.cse@pathshala.edu.in', '9123400249', 'Vinod Chawla', 'Teacher', 'Shanti Chawla', 'Doctor', 'Salt Lake, Sector V, Kolkata', 'Pathshala Hostel Block A, Room 470', 'B+', 'A');
INSERT INTO users (id, role_id, username, email, password_hash, is_active) VALUES (303, 4, 'student250', '2221250.cse@pathshala.edu.in', '$2b$12$cmgDkq6jIKqKJhfp5NtXte6qOIpuYQVyNo0JGROE.lE83pi2rEZWm', 1);
INSERT INTO student_profiles (id, user_id, roll_no, enrollment_no, first_name, last_name, dob, gender, phone, address, dept_id, course_id, current_semester, batch, personal_email, pathshala_email, alternative_phone, father_name, father_occupation, mother_name, mother_occupation, permanent_address, current_address, blood_group, section) VALUES (250, 303, '2221250', 'ENR-2221250', 'Sunil', 'Mehta', '2003-11-25', 'Female', '9876500250', 'Pathshala Hostel Block D, Room 142', 1, 1, 5, '2023', 'student250.personal@gmail.com', '2221250.cse@pathshala.edu.in', '9123400250', 'Sanjay Mehta', 'Retired', 'Aarti Mehta', 'Farmer', '123, MG Road, Sector 4, Bangalore, Karnataka', 'Pathshala Hostel Block D, Room 142', 'O+', 'B');
INSERT INTO users (id, role_id, username, email, password_hash, is_active) VALUES (304, 4, 'student251', '2221251.cse@pathshala.edu.in', '$2b$12$cmgDkq6jIKqKJhfp5NtXte6qOIpuYQVyNo0JGROE.lE83pi2rEZWm', 1);
INSERT INTO student_profiles (id, user_id, roll_no, enrollment_no, first_name, last_name, dob, gender, phone, address, dept_id, course_id, current_semester, batch, personal_email, pathshala_email, alternative_phone, father_name, father_occupation, mother_name, mother_occupation, permanent_address, current_address, blood_group, section) VALUES (251, 304, '2221251', 'ENR-2221251', 'Kabir', 'Pillai', '2004-07-09', 'Male', '9876500251', 'Pathshala Hostel Block B, Room 277', 1, 1, 6, '2023', 'student251.personal@gmail.com', '2221251.cse@pathshala.edu.in', '9123400251', 'Harish Pillai', 'Farmer', 'Pushpa Pillai', 'Government Service', '123, MG Road, Sector 4, Bangalore, Karnataka', 'Pathshala Hostel Block B, Room 277', 'A-', 'A');
INSERT INTO users (id, role_id, username, email, password_hash, is_active) VALUES (305, 4, 'student252', '2221252.cse@pathshala.edu.in', '$2b$12$cmgDkq6jIKqKJhfp5NtXte6qOIpuYQVyNo0JGROE.lE83pi2rEZWm', 1);
INSERT INTO student_profiles (id, user_id, roll_no, enrollment_no, first_name, last_name, dob, gender, phone, address, dept_id, course_id, current_semester, batch, personal_email, pathshala_email, alternative_phone, father_name, father_occupation, mother_name, mother_occupation, permanent_address, current_address, blood_group, section) VALUES (252, 305, '2221252', 'ENR-2221252', 'Ramesh', 'Verma', '2003-06-30', 'Female', '9876500252', 'Pathshala Hostel Block D, Room 205', 1, 1, 6, '2023', 'student252.personal@gmail.com', '2221252.cse@pathshala.edu.in', '9123400252', 'Harish Verma', 'Farmer', 'Shanti Verma', 'Consultant', 'Sector 15, Noida, Uttar Pradesh', 'Pathshala Hostel Block D, Room 205', 'B-', 'B');
INSERT INTO users (id, role_id, username, email, password_hash, is_active) VALUES (306, 4, 'student253', '2221253.cse@pathshala.edu.in', '$2b$12$cmgDkq6jIKqKJhfp5NtXte6qOIpuYQVyNo0JGROE.lE83pi2rEZWm', 1);
INSERT INTO student_profiles (id, user_id, roll_no, enrollment_no, first_name, last_name, dob, gender, phone, address, dept_id, course_id, current_semester, batch, personal_email, pathshala_email, alternative_phone, father_name, father_occupation, mother_name, mother_occupation, permanent_address, current_address, blood_group, section) VALUES (253, 306, '2221253', 'ENR-2221253', 'Anil', 'Malhotra', '2003-04-22', 'Male', '9876500253', 'Pathshala Hostel Block C, Room 373', 1, 1, 7, '2022', 'student253.personal@gmail.com', '2221253.cse@pathshala.edu.in', '9123400253', 'Dinesh Malhotra', 'Doctor', 'Kavita Malhotra', 'Consultant', 'Mall Road, Shimla, Himachal Pradesh', 'Pathshala Hostel Block C, Room 373', 'AB+', 'A');
INSERT INTO users (id, role_id, username, email, password_hash, is_active) VALUES (307, 4, 'student254', '2221254.cse@pathshala.edu.in', '$2b$12$cmgDkq6jIKqKJhfp5NtXte6qOIpuYQVyNo0JGROE.lE83pi2rEZWm', 1);
INSERT INTO student_profiles (id, user_id, roll_no, enrollment_no, first_name, last_name, dob, gender, phone, address, dept_id, course_id, current_semester, batch, personal_email, pathshala_email, alternative_phone, father_name, father_occupation, mother_name, mother_occupation, permanent_address, current_address, blood_group, section) VALUES (254, 307, '2221254', 'ENR-2221254', 'Sunil', 'Mehta', '2002-08-17', 'Female', '9876500254', 'Pathshala Hostel Block C, Room 314', 1, 1, 7, '2022', 'student254.personal@gmail.com', '2221254.cse@pathshala.edu.in', '9123400254', 'Dinesh Mehta', 'Government Service', 'Shanti Mehta', 'Homemaker', 'Sector 15, Noida, Uttar Pradesh', 'Pathshala Hostel Block C, Room 314', 'A-', 'B');
INSERT INTO users (id, role_id, username, email, password_hash, is_active) VALUES (308, 4, 'student255', '2221255.cse@pathshala.edu.in', '$2b$12$cmgDkq6jIKqKJhfp5NtXte6qOIpuYQVyNo0JGROE.lE83pi2rEZWm', 1);
INSERT INTO student_profiles (id, user_id, roll_no, enrollment_no, first_name, last_name, dob, gender, phone, address, dept_id, course_id, current_semester, batch, personal_email, pathshala_email, alternative_phone, father_name, father_occupation, mother_name, mother_occupation, permanent_address, current_address, blood_group, section) VALUES (255, 308, '2221255', 'ENR-2221255', 'Aarav', 'Mishra', '2003-03-01', 'Female', '9876500255', 'Pathshala Hostel Block D, Room 437', 1, 1, 8, '2022', 'student255.personal@gmail.com', '2221255.cse@pathshala.edu.in', '9123400255', 'Sanjay Mishra', 'Consultant', 'Kiran Mishra', 'Manager', 'Kadam Kuan, Patna, Bihar', 'Pathshala Hostel Block D, Room 437', 'AB+', 'A');
INSERT INTO users (id, role_id, username, email, password_hash, is_active) VALUES (309, 4, 'student256', '2221256.cse@pathshala.edu.in', '$2b$12$cmgDkq6jIKqKJhfp5NtXte6qOIpuYQVyNo0JGROE.lE83pi2rEZWm', 1);
INSERT INTO student_profiles (id, user_id, roll_no, enrollment_no, first_name, last_name, dob, gender, phone, address, dept_id, course_id, current_semester, batch, personal_email, pathshala_email, alternative_phone, father_name, father_occupation, mother_name, mother_occupation, permanent_address, current_address, blood_group, section) VALUES (256, 309, '2221256', 'ENR-2221256', 'Advika', 'Gupta', '2003-10-21', 'Male', '9876500256', 'Pathshala Hostel Block D, Room 310', 1, 1, 8, '2022', 'student256.personal@gmail.com', '2221256.cse@pathshala.edu.in', '9123400256', 'Rajesh Gupta', 'Farmer', 'Aarti Gupta', 'Manager', 'Kadam Kuan, Patna, Bihar', 'Pathshala Hostel Block D, Room 310', 'B+', 'B');
INSERT INTO users (id, role_id, username, email, password_hash, is_active) VALUES (310, 4, 'student257', '2221257.ece@pathshala.edu.in', '$2b$12$cmgDkq6jIKqKJhfp5NtXte6qOIpuYQVyNo0JGROE.lE83pi2rEZWm', 1);
INSERT INTO student_profiles (id, user_id, roll_no, enrollment_no, first_name, last_name, dob, gender, phone, address, dept_id, course_id, current_semester, batch, personal_email, pathshala_email, alternative_phone, father_name, father_occupation, mother_name, mother_occupation, permanent_address, current_address, blood_group, section) VALUES (257, 310, '2221257', 'ENR-2221257', 'Amit', 'Kumar', '2003-08-09', 'Female', '9876500257', 'Pathshala Hostel Block B, Room 217', 2, 2, 1, '2025', 'student257.personal@gmail.com', '2221257.ece@pathshala.edu.in', '9123400257', 'Mahesh Kumar', 'Consultant', 'Lata Kumar', 'Clerk', '123, MG Road, Sector 4, Bangalore, Karnataka', 'Pathshala Hostel Block B, Room 217', 'B-', 'A');
INSERT INTO users (id, role_id, username, email, password_hash, is_active) VALUES (311, 4, 'student258', '2221258.ece@pathshala.edu.in', '$2b$12$cmgDkq6jIKqKJhfp5NtXte6qOIpuYQVyNo0JGROE.lE83pi2rEZWm', 1);
INSERT INTO student_profiles (id, user_id, roll_no, enrollment_no, first_name, last_name, dob, gender, phone, address, dept_id, course_id, current_semester, batch, personal_email, pathshala_email, alternative_phone, father_name, father_occupation, mother_name, mother_occupation, permanent_address, current_address, blood_group, section) VALUES (258, 311, '2221258', 'ENR-2221258', 'Anil', 'Reddy', '2003-08-09', 'Male', '9876500258', 'Pathshala Hostel Block A, Room 303', 2, 2, 1, '2025', 'student258.personal@gmail.com', '2221258.ece@pathshala.edu.in', '9123400258', 'Pradeep Reddy', 'Private Service', 'Asha Reddy', 'Clerk', '99, Gachibowli, Hyderabad, Telangana', 'Pathshala Hostel Block A, Room 303', 'A-', 'B');
INSERT INTO users (id, role_id, username, email, password_hash, is_active) VALUES (312, 4, 'student259', '2221259.ece@pathshala.edu.in', '$2b$12$cmgDkq6jIKqKJhfp5NtXte6qOIpuYQVyNo0JGROE.lE83pi2rEZWm', 1);
INSERT INTO student_profiles (id, user_id, roll_no, enrollment_no, first_name, last_name, dob, gender, phone, address, dept_id, course_id, current_semester, batch, personal_email, pathshala_email, alternative_phone, father_name, father_occupation, mother_name, mother_occupation, permanent_address, current_address, blood_group, section) VALUES (259, 312, '2221259', 'ENR-2221259', 'Ishita', 'Sen', '2003-07-10', 'Female', '9876500259', 'Pathshala Hostel Block A, Room 372', 2, 2, 2, '2025', 'student259.personal@gmail.com', '2221259.ece@pathshala.edu.in', '9123400259', 'Anil Sen', 'Consultant', 'Sunita Sen', 'Manager', 'Mall Road, Shimla, Himachal Pradesh', 'Pathshala Hostel Block A, Room 372', 'AB-', 'A');
INSERT INTO users (id, role_id, username, email, password_hash, is_active) VALUES (313, 4, 'student260', '2221260.ece@pathshala.edu.in', '$2b$12$cmgDkq6jIKqKJhfp5NtXte6qOIpuYQVyNo0JGROE.lE83pi2rEZWm', 1);
INSERT INTO student_profiles (id, user_id, roll_no, enrollment_no, first_name, last_name, dob, gender, phone, address, dept_id, course_id, current_semester, batch, personal_email, pathshala_email, alternative_phone, father_name, father_occupation, mother_name, mother_occupation, permanent_address, current_address, blood_group, section) VALUES (260, 313, '2221260', 'ENR-2221260', 'Diya', 'Roy', '2002-08-25', 'Male', '9876500260', 'Pathshala Hostel Block A, Room 124', 2, 2, 2, '2025', 'student260.personal@gmail.com', '2221260.ece@pathshala.edu.in', '9123400260', 'Sanjay Roy', 'Consultant', 'Anita Roy', 'Manager', '123, MG Road, Sector 4, Bangalore, Karnataka', 'Pathshala Hostel Block A, Room 124', 'O-', 'B');
INSERT INTO users (id, role_id, username, email, password_hash, is_active) VALUES (314, 4, 'student261', '2221261.ece@pathshala.edu.in', '$2b$12$cmgDkq6jIKqKJhfp5NtXte6qOIpuYQVyNo0JGROE.lE83pi2rEZWm', 1);
INSERT INTO student_profiles (id, user_id, roll_no, enrollment_no, first_name, last_name, dob, gender, phone, address, dept_id, course_id, current_semester, batch, personal_email, pathshala_email, alternative_phone, father_name, father_occupation, mother_name, mother_occupation, permanent_address, current_address, blood_group, section) VALUES (261, 314, '2221261', 'ENR-2221261', 'Sunil', 'Patil', '2003-12-23', 'Male', '9876500261', 'Pathshala Hostel Block C, Room 139', 2, 2, 3, '2024', 'student261.personal@gmail.com', '2221261.ece@pathshala.edu.in', '9123400261', 'Vijay Patil', 'Homemaker', 'Sunita Patil', 'Engineer', '45, Park Street, Kolkata, West Bengal', 'Pathshala Hostel Block C, Room 139', 'O-', 'A');
INSERT INTO users (id, role_id, username, email, password_hash, is_active) VALUES (315, 4, 'student262', '2221262.ece@pathshala.edu.in', '$2b$12$cmgDkq6jIKqKJhfp5NtXte6qOIpuYQVyNo0JGROE.lE83pi2rEZWm', 1);
INSERT INTO student_profiles (id, user_id, roll_no, enrollment_no, first_name, last_name, dob, gender, phone, address, dept_id, course_id, current_semester, batch, personal_email, pathshala_email, alternative_phone, father_name, father_occupation, mother_name, mother_occupation, permanent_address, current_address, blood_group, section) VALUES (262, 315, '2221262', 'ENR-2221262', 'Vikas', 'Joshi', '2003-08-13', 'Female', '9876500262', 'Pathshala Hostel Block B, Room 249', 2, 2, 3, '2024', 'student262.personal@gmail.com', '2221262.ece@pathshala.edu.in', '9123400262', 'Manoj Joshi', 'Retired', 'Geeta Joshi', 'Business Owner', 'Sector 15, Noida, Uttar Pradesh', 'Pathshala Hostel Block B, Room 249', 'B-', 'B');
INSERT INTO users (id, role_id, username, email, password_hash, is_active) VALUES (316, 4, 'student263', '2221263.ece@pathshala.edu.in', '$2b$12$cmgDkq6jIKqKJhfp5NtXte6qOIpuYQVyNo0JGROE.lE83pi2rEZWm', 1);
INSERT INTO student_profiles (id, user_id, roll_no, enrollment_no, first_name, last_name, dob, gender, phone, address, dept_id, course_id, current_semester, batch, personal_email, pathshala_email, alternative_phone, father_name, father_occupation, mother_name, mother_occupation, permanent_address, current_address, blood_group, section) VALUES (263, 316, '2221263', 'ENR-2221263', 'Atharva', 'Singh', '2003-08-20', 'Male', '9876500263', 'Pathshala Hostel Block A, Room 136', 2, 2, 4, '2024', 'student263.personal@gmail.com', '2221263.ece@pathshala.edu.in', '9123400263', 'Vinod Singh', 'Doctor', 'Rekha Singh', 'Retired', '12, Marine Drive, Mumbai, Maharashtra', 'Pathshala Hostel Block A, Room 136', 'B-', 'A');
INSERT INTO users (id, role_id, username, email, password_hash, is_active) VALUES (317, 4, 'student264', '2221264.ece@pathshala.edu.in', '$2b$12$cmgDkq6jIKqKJhfp5NtXte6qOIpuYQVyNo0JGROE.lE83pi2rEZWm', 1);
INSERT INTO student_profiles (id, user_id, roll_no, enrollment_no, first_name, last_name, dob, gender, phone, address, dept_id, course_id, current_semester, batch, personal_email, pathshala_email, alternative_phone, father_name, father_occupation, mother_name, mother_occupation, permanent_address, current_address, blood_group, section) VALUES (264, 317, '2221264', 'ENR-2221264', 'Tushar', 'Kapoor', '2003-01-04', 'Male', '9876500264', 'Pathshala Hostel Block A, Room 264', 2, 2, 4, '2024', 'student264.personal@gmail.com', '2221264.ece@pathshala.edu.in', '9123400264', 'Deepak Kapoor', 'Farmer', 'Sunita Kapoor', 'Homemaker', 'Mall Road, Shimla, Himachal Pradesh', 'Pathshala Hostel Block A, Room 264', 'B+', 'B');
INSERT INTO users (id, role_id, username, email, password_hash, is_active) VALUES (318, 4, 'student265', '2221265.ece@pathshala.edu.in', '$2b$12$cmgDkq6jIKqKJhfp5NtXte6qOIpuYQVyNo0JGROE.lE83pi2rEZWm', 1);
INSERT INTO student_profiles (id, user_id, roll_no, enrollment_no, first_name, last_name, dob, gender, phone, address, dept_id, course_id, current_semester, batch, personal_email, pathshala_email, alternative_phone, father_name, father_occupation, mother_name, mother_occupation, permanent_address, current_address, blood_group, section) VALUES (265, 318, '2221265', 'ENR-2221265', 'Vivaan', 'Gupta', '2002-12-28', 'Male', '9876500265', 'Pathshala Hostel Block A, Room 492', 2, 2, 5, '2023', 'student265.personal@gmail.com', '2221265.ece@pathshala.edu.in', '9123400265', 'Anil Gupta', 'Private Service', 'Meena Gupta', 'Business Owner', '45, Park Street, Kolkata, West Bengal', 'Pathshala Hostel Block A, Room 492', 'A-', 'A');
INSERT INTO users (id, role_id, username, email, password_hash, is_active) VALUES (319, 4, 'student266', '2221266.ece@pathshala.edu.in', '$2b$12$cmgDkq6jIKqKJhfp5NtXte6qOIpuYQVyNo0JGROE.lE83pi2rEZWm', 1);
INSERT INTO student_profiles (id, user_id, roll_no, enrollment_no, first_name, last_name, dob, gender, phone, address, dept_id, course_id, current_semester, batch, personal_email, pathshala_email, alternative_phone, father_name, father_occupation, mother_name, mother_occupation, permanent_address, current_address, blood_group, section) VALUES (266, 319, '2221266', 'ENR-2221266', 'Aarav', 'Chawla', '2002-10-15', 'Male', '9876500266', 'Pathshala Hostel Block C, Room 439', 2, 2, 5, '2023', 'student266.personal@gmail.com', '2221266.ece@pathshala.edu.in', '9123400266', 'Satish Chawla', 'Homemaker', 'Kavita Chawla', 'Teacher', '12, Marine Drive, Mumbai, Maharashtra', 'Pathshala Hostel Block C, Room 439', 'A-', 'B');
INSERT INTO users (id, role_id, username, email, password_hash, is_active) VALUES (320, 4, 'student267', '2221267.ece@pathshala.edu.in', '$2b$12$cmgDkq6jIKqKJhfp5NtXte6qOIpuYQVyNo0JGROE.lE83pi2rEZWm', 1);
INSERT INTO student_profiles (id, user_id, roll_no, enrollment_no, first_name, last_name, dob, gender, phone, address, dept_id, course_id, current_semester, batch, personal_email, pathshala_email, alternative_phone, father_name, father_occupation, mother_name, mother_occupation, permanent_address, current_address, blood_group, section) VALUES (267, 320, '2221267', 'ENR-2221267', 'Ishita', 'Pillai', '2003-07-06', 'Male', '9876500267', 'Pathshala Hostel Block C, Room 481', 2, 2, 6, '2023', 'student267.personal@gmail.com', '2221267.ece@pathshala.edu.in', '9123400267', 'Anil Pillai', 'Homemaker', 'Kavita Pillai', 'Farmer', 'Salt Lake, Sector V, Kolkata', 'Pathshala Hostel Block C, Room 481', 'B-', 'A');
INSERT INTO users (id, role_id, username, email, password_hash, is_active) VALUES (321, 4, 'student268', '2221268.ece@pathshala.edu.in', '$2b$12$cmgDkq6jIKqKJhfp5NtXte6qOIpuYQVyNo0JGROE.lE83pi2rEZWm', 1);
INSERT INTO student_profiles (id, user_id, roll_no, enrollment_no, first_name, last_name, dob, gender, phone, address, dept_id, course_id, current_semester, batch, personal_email, pathshala_email, alternative_phone, father_name, father_occupation, mother_name, mother_occupation, permanent_address, current_address, blood_group, section) VALUES (268, 321, '2221268', 'ENR-2221268', 'Anvi', 'Nair', '2002-02-19', 'Male', '9876500268', 'Pathshala Hostel Block A, Room 139', 2, 2, 6, '2023', 'student268.personal@gmail.com', '2221268.ece@pathshala.edu.in', '9123400268', 'Manoj Nair', 'Government Service', 'Pooja Nair', 'Business Owner', 'Civil Lines, Jaipur, Rajasthan', 'Pathshala Hostel Block A, Room 139', 'AB-', 'B');
INSERT INTO users (id, role_id, username, email, password_hash, is_active) VALUES (322, 4, 'student269', '2221269.ece@pathshala.edu.in', '$2b$12$cmgDkq6jIKqKJhfp5NtXte6qOIpuYQVyNo0JGROE.lE83pi2rEZWm', 1);
INSERT INTO student_profiles (id, user_id, roll_no, enrollment_no, first_name, last_name, dob, gender, phone, address, dept_id, course_id, current_semester, batch, personal_email, pathshala_email, alternative_phone, father_name, father_occupation, mother_name, mother_occupation, permanent_address, current_address, blood_group, section) VALUES (269, 322, '2221269', 'ENR-2221269', 'Karan', 'Shah', '2002-08-19', 'Female', '9876500269', 'Pathshala Hostel Block B, Room 279', 2, 2, 7, '2022', 'student269.personal@gmail.com', '2221269.ece@pathshala.edu.in', '9123400269', 'Deepak Shah', 'Business Owner', 'Seema Shah', 'Homemaker', 'Mall Road, Shimla, Himachal Pradesh', 'Pathshala Hostel Block B, Room 279', 'AB+', 'A');
INSERT INTO users (id, role_id, username, email, password_hash, is_active) VALUES (323, 4, 'student270', '2221270.ece@pathshala.edu.in', '$2b$12$cmgDkq6jIKqKJhfp5NtXte6qOIpuYQVyNo0JGROE.lE83pi2rEZWm', 1);
INSERT INTO student_profiles (id, user_id, roll_no, enrollment_no, first_name, last_name, dob, gender, phone, address, dept_id, course_id, current_semester, batch, personal_email, pathshala_email, alternative_phone, father_name, father_occupation, mother_name, mother_occupation, permanent_address, current_address, blood_group, section) VALUES (270, 323, '2221270', 'ENR-2221270', 'Aditya', 'Patel', '2002-09-20', 'Female', '9876500270', 'Pathshala Hostel Block D, Room 258', 2, 2, 7, '2022', 'student270.personal@gmail.com', '2221270.ece@pathshala.edu.in', '9123400270', 'Rajesh Patel', 'Manager', 'Aarti Patel', 'Homemaker', '12, Marine Drive, Mumbai, Maharashtra', 'Pathshala Hostel Block D, Room 258', 'AB-', 'B');
INSERT INTO users (id, role_id, username, email, password_hash, is_active) VALUES (324, 4, 'student271', '2221271.ece@pathshala.edu.in', '$2b$12$cmgDkq6jIKqKJhfp5NtXte6qOIpuYQVyNo0JGROE.lE83pi2rEZWm', 1);
INSERT INTO student_profiles (id, user_id, roll_no, enrollment_no, first_name, last_name, dob, gender, phone, address, dept_id, course_id, current_semester, batch, personal_email, pathshala_email, alternative_phone, father_name, father_occupation, mother_name, mother_occupation, permanent_address, current_address, blood_group, section) VALUES (271, 324, '2221271', 'ENR-2221271', 'Neha', 'Mishra', '2002-11-06', 'Female', '9876500271', 'Pathshala Hostel Block D, Room 203', 2, 2, 8, '2022', 'student271.personal@gmail.com', '2221271.ece@pathshala.edu.in', '9123400271', 'Mahesh Mishra', 'Private Service', 'Pushpa Mishra', 'Clerk', 'Kadam Kuan, Patna, Bihar', 'Pathshala Hostel Block D, Room 203', 'B+', 'A');
INSERT INTO users (id, role_id, username, email, password_hash, is_active) VALUES (325, 4, 'student272', '2221272.ece@pathshala.edu.in', '$2b$12$cmgDkq6jIKqKJhfp5NtXte6qOIpuYQVyNo0JGROE.lE83pi2rEZWm', 1);
INSERT INTO student_profiles (id, user_id, roll_no, enrollment_no, first_name, last_name, dob, gender, phone, address, dept_id, course_id, current_semester, batch, personal_email, pathshala_email, alternative_phone, father_name, father_occupation, mother_name, mother_occupation, permanent_address, current_address, blood_group, section) VALUES (272, 325, '2221272', 'ENR-2221272', 'Karan', 'Das', '2004-07-28', 'Male', '9876500272', 'Pathshala Hostel Block B, Room 437', 2, 2, 8, '2022', 'student272.personal@gmail.com', '2221272.ece@pathshala.edu.in', '9123400272', 'Mahesh Das', 'Consultant', 'Rekha Das', 'Doctor', 'Sector 15, Noida, Uttar Pradesh', 'Pathshala Hostel Block B, Room 437', 'A-', 'B');
INSERT INTO users (id, role_id, username, email, password_hash, is_active) VALUES (326, 4, 'student273', '2221273.mec@pathshala.edu.in', '$2b$12$cmgDkq6jIKqKJhfp5NtXte6qOIpuYQVyNo0JGROE.lE83pi2rEZWm', 1);
INSERT INTO student_profiles (id, user_id, roll_no, enrollment_no, first_name, last_name, dob, gender, phone, address, dept_id, course_id, current_semester, batch, personal_email, pathshala_email, alternative_phone, father_name, father_occupation, mother_name, mother_occupation, permanent_address, current_address, blood_group, section) VALUES (273, 326, '2221273', 'ENR-2221273', 'Reyansh', 'Reddy', '2003-10-09', 'Female', '9876500273', 'Pathshala Hostel Block A, Room 293', 3, 3, 1, '2025', 'student273.personal@gmail.com', '2221273.mec@pathshala.edu.in', '9123400273', 'Pradeep Reddy', 'Consultant', 'Rekha Reddy', 'Clerk', '123, MG Road, Sector 4, Bangalore, Karnataka', 'Pathshala Hostel Block A, Room 293', 'AB-', 'A');
INSERT INTO users (id, role_id, username, email, password_hash, is_active) VALUES (327, 4, 'student274', '2221274.mec@pathshala.edu.in', '$2b$12$cmgDkq6jIKqKJhfp5NtXte6qOIpuYQVyNo0JGROE.lE83pi2rEZWm', 1);
INSERT INTO student_profiles (id, user_id, roll_no, enrollment_no, first_name, last_name, dob, gender, phone, address, dept_id, course_id, current_semester, batch, personal_email, pathshala_email, alternative_phone, father_name, father_occupation, mother_name, mother_occupation, permanent_address, current_address, blood_group, section) VALUES (274, 327, '2221274', 'ENR-2221274', 'Ramesh', 'Malhotra', '2004-09-10', 'Female', '9876500274', 'Pathshala Hostel Block B, Room 367', 3, 3, 1, '2025', 'student274.personal@gmail.com', '2221274.mec@pathshala.edu.in', '9123400274', 'Anil Malhotra', 'Manager', 'Lata Malhotra', 'Retired', 'Civil Lines, Jaipur, Rajasthan', 'Pathshala Hostel Block B, Room 367', 'AB+', 'B');
INSERT INTO users (id, role_id, username, email, password_hash, is_active) VALUES (328, 4, 'student275', '2221275.mec@pathshala.edu.in', '$2b$12$cmgDkq6jIKqKJhfp5NtXte6qOIpuYQVyNo0JGROE.lE83pi2rEZWm', 1);
INSERT INTO student_profiles (id, user_id, roll_no, enrollment_no, first_name, last_name, dob, gender, phone, address, dept_id, course_id, current_semester, batch, personal_email, pathshala_email, alternative_phone, father_name, father_occupation, mother_name, mother_occupation, permanent_address, current_address, blood_group, section) VALUES (275, 328, '2221275', 'ENR-2221275', 'Aarav', 'Chawla', '2003-10-28', 'Male', '9876500275', 'Pathshala Hostel Block B, Room 301', 3, 3, 2, '2025', 'student275.personal@gmail.com', '2221275.mec@pathshala.edu.in', '9123400275', 'Dinesh Chawla', 'Teacher', 'Asha Chawla', 'Private Service', 'Civil Lines, Jaipur, Rajasthan', 'Pathshala Hostel Block B, Room 301', 'B+', 'A');
INSERT INTO users (id, role_id, username, email, password_hash, is_active) VALUES (329, 4, 'student276', '2221276.mec@pathshala.edu.in', '$2b$12$cmgDkq6jIKqKJhfp5NtXte6qOIpuYQVyNo0JGROE.lE83pi2rEZWm', 1);
INSERT INTO student_profiles (id, user_id, roll_no, enrollment_no, first_name, last_name, dob, gender, phone, address, dept_id, course_id, current_semester, batch, personal_email, pathshala_email, alternative_phone, father_name, father_occupation, mother_name, mother_occupation, permanent_address, current_address, blood_group, section) VALUES (276, 329, '2221276', 'ENR-2221276', 'Vihaan', 'Bhat', '2002-06-28', 'Male', '9876500276', 'Pathshala Hostel Block A, Room 290', 3, 3, 2, '2025', 'student276.personal@gmail.com', '2221276.mec@pathshala.edu.in', '9123400276', 'Suresh Bhat', 'Government Service', 'Sunita Bhat', 'Clerk', 'Kadam Kuan, Patna, Bihar', 'Pathshala Hostel Block A, Room 290', 'B-', 'B');
INSERT INTO users (id, role_id, username, email, password_hash, is_active) VALUES (330, 4, 'student277', '2221277.mec@pathshala.edu.in', '$2b$12$cmgDkq6jIKqKJhfp5NtXte6qOIpuYQVyNo0JGROE.lE83pi2rEZWm', 1);
INSERT INTO student_profiles (id, user_id, roll_no, enrollment_no, first_name, last_name, dob, gender, phone, address, dept_id, course_id, current_semester, batch, personal_email, pathshala_email, alternative_phone, father_name, father_occupation, mother_name, mother_occupation, permanent_address, current_address, blood_group, section) VALUES (277, 330, '2221277', 'ENR-2221277', 'Kavita', 'Gupta', '2004-05-30', 'Male', '9876500277', 'Pathshala Hostel Block A, Room 408', 3, 3, 3, '2024', 'student277.personal@gmail.com', '2221277.mec@pathshala.edu.in', '9123400277', 'Dinesh Gupta', 'Clerk', 'Meena Gupta', 'Retired', 'Civil Lines, Jaipur, Rajasthan', 'Pathshala Hostel Block A, Room 408', 'A-', 'A');
INSERT INTO users (id, role_id, username, email, password_hash, is_active) VALUES (331, 4, 'student278', '2221278.mec@pathshala.edu.in', '$2b$12$cmgDkq6jIKqKJhfp5NtXte6qOIpuYQVyNo0JGROE.lE83pi2rEZWm', 1);
INSERT INTO student_profiles (id, user_id, roll_no, enrollment_no, first_name, last_name, dob, gender, phone, address, dept_id, course_id, current_semester, batch, personal_email, pathshala_email, alternative_phone, father_name, father_occupation, mother_name, mother_occupation, permanent_address, current_address, blood_group, section) VALUES (278, 331, '2221278', 'ENR-2221278', 'Reyansh', 'Roy', '2002-02-03', 'Female', '9876500278', 'Pathshala Hostel Block B, Room 166', 3, 3, 3, '2024', 'student278.personal@gmail.com', '2221278.mec@pathshala.edu.in', '9123400278', 'Deepak Roy', 'Clerk', 'Aarti Roy', 'Business Owner', 'Civil Lines, Jaipur, Rajasthan', 'Pathshala Hostel Block B, Room 166', 'B+', 'B');
INSERT INTO users (id, role_id, username, email, password_hash, is_active) VALUES (332, 4, 'student279', '2221279.mec@pathshala.edu.in', '$2b$12$cmgDkq6jIKqKJhfp5NtXte6qOIpuYQVyNo0JGROE.lE83pi2rEZWm', 1);
INSERT INTO student_profiles (id, user_id, roll_no, enrollment_no, first_name, last_name, dob, gender, phone, address, dept_id, course_id, current_semester, batch, personal_email, pathshala_email, alternative_phone, father_name, father_occupation, mother_name, mother_occupation, permanent_address, current_address, blood_group, section) VALUES (279, 332, '2221279', 'ENR-2221279', 'Arnav', 'Choudhury', '2002-10-23', 'Male', '9876500279', 'Pathshala Hostel Block B, Room 367', 3, 3, 4, '2024', 'student279.personal@gmail.com', '2221279.mec@pathshala.edu.in', '9123400279', 'Alok Choudhury', 'Doctor', 'Lata Choudhury', 'Business Owner', '12, Marine Drive, Mumbai, Maharashtra', 'Pathshala Hostel Block B, Room 367', 'O+', 'A');
INSERT INTO users (id, role_id, username, email, password_hash, is_active) VALUES (333, 4, 'student280', '2221280.mec@pathshala.edu.in', '$2b$12$cmgDkq6jIKqKJhfp5NtXte6qOIpuYQVyNo0JGROE.lE83pi2rEZWm', 1);
INSERT INTO student_profiles (id, user_id, roll_no, enrollment_no, first_name, last_name, dob, gender, phone, address, dept_id, course_id, current_semester, batch, personal_email, pathshala_email, alternative_phone, father_name, father_occupation, mother_name, mother_occupation, permanent_address, current_address, blood_group, section) VALUES (280, 333, '2221280', 'ENR-2221280', 'Vivaan', 'Kumar', '2004-04-01', 'Female', '9876500280', 'Pathshala Hostel Block C, Room 364', 3, 3, 4, '2024', 'student280.personal@gmail.com', '2221280.mec@pathshala.edu.in', '9123400280', 'Pradeep Kumar', 'Doctor', 'Lata Kumar', 'Business Owner', 'Salt Lake, Sector V, Kolkata', 'Pathshala Hostel Block C, Room 364', 'AB+', 'B');
INSERT INTO users (id, role_id, username, email, password_hash, is_active) VALUES (334, 4, 'student281', '2221281.mec@pathshala.edu.in', '$2b$12$cmgDkq6jIKqKJhfp5NtXte6qOIpuYQVyNo0JGROE.lE83pi2rEZWm', 1);
INSERT INTO student_profiles (id, user_id, roll_no, enrollment_no, first_name, last_name, dob, gender, phone, address, dept_id, course_id, current_semester, batch, personal_email, pathshala_email, alternative_phone, father_name, father_occupation, mother_name, mother_occupation, permanent_address, current_address, blood_group, section) VALUES (281, 334, '2221281', 'ENR-2221281', 'Aaradhya', 'Sen', '2002-11-25', 'Female', '9876500281', 'Pathshala Hostel Block B, Room 477', 3, 3, 5, '2023', 'student281.personal@gmail.com', '2221281.mec@pathshala.edu.in', '9123400281', 'Pradeep Sen', 'Doctor', 'Asha Sen', 'Clerk', '99, Gachibowli, Hyderabad, Telangana', 'Pathshala Hostel Block B, Room 477', 'A+', 'A');
INSERT INTO users (id, role_id, username, email, password_hash, is_active) VALUES (335, 4, 'student282', '2221282.mec@pathshala.edu.in', '$2b$12$cmgDkq6jIKqKJhfp5NtXte6qOIpuYQVyNo0JGROE.lE83pi2rEZWm', 1);
INSERT INTO student_profiles (id, user_id, roll_no, enrollment_no, first_name, last_name, dob, gender, phone, address, dept_id, course_id, current_semester, batch, personal_email, pathshala_email, alternative_phone, father_name, father_occupation, mother_name, mother_occupation, permanent_address, current_address, blood_group, section) VALUES (282, 335, '2221282', 'ENR-2221282', 'Aarav', 'Patil', '2003-03-14', 'Male', '9876500282', 'Pathshala Hostel Block B, Room 181', 3, 3, 5, '2023', 'student282.personal@gmail.com', '2221282.mec@pathshala.edu.in', '9123400282', 'Ashok Patil', 'Consultant', 'Kiran Patil', 'Government Service', 'Salt Lake, Sector V, Kolkata', 'Pathshala Hostel Block B, Room 181', 'O+', 'B');
INSERT INTO users (id, role_id, username, email, password_hash, is_active) VALUES (336, 4, 'student283', '2221283.mec@pathshala.edu.in', '$2b$12$cmgDkq6jIKqKJhfp5NtXte6qOIpuYQVyNo0JGROE.lE83pi2rEZWm', 1);
INSERT INTO student_profiles (id, user_id, roll_no, enrollment_no, first_name, last_name, dob, gender, phone, address, dept_id, course_id, current_semester, batch, personal_email, pathshala_email, alternative_phone, father_name, father_occupation, mother_name, mother_occupation, permanent_address, current_address, blood_group, section) VALUES (283, 336, '2221283', 'ENR-2221283', 'Pranav', 'Mishra', '2003-02-15', 'Female', '9876500283', 'Pathshala Hostel Block C, Room 276', 3, 3, 6, '2023', 'student283.personal@gmail.com', '2221283.mec@pathshala.edu.in', '9123400283', 'Anil Mishra', 'Business Owner', 'Pooja Mishra', 'Clerk', '99, Gachibowli, Hyderabad, Telangana', 'Pathshala Hostel Block C, Room 276', 'A-', 'A');
INSERT INTO users (id, role_id, username, email, password_hash, is_active) VALUES (337, 4, 'student284', '2221284.mec@pathshala.edu.in', '$2b$12$cmgDkq6jIKqKJhfp5NtXte6qOIpuYQVyNo0JGROE.lE83pi2rEZWm', 1);
INSERT INTO student_profiles (id, user_id, roll_no, enrollment_no, first_name, last_name, dob, gender, phone, address, dept_id, course_id, current_semester, batch, personal_email, pathshala_email, alternative_phone, father_name, father_occupation, mother_name, mother_occupation, permanent_address, current_address, blood_group, section) VALUES (284, 337, '2221284', 'ENR-2221284', 'Khushi', 'Iyer', '2004-06-09', 'Female', '9876500284', 'Pathshala Hostel Block A, Room 125', 3, 3, 6, '2023', 'student284.personal@gmail.com', '2221284.mec@pathshala.edu.in', '9123400284', 'Satish Iyer', 'Government Service', 'Pushpa Iyer', 'Teacher', 'Civil Lines, Jaipur, Rajasthan', 'Pathshala Hostel Block A, Room 125', 'A+', 'B');
INSERT INTO users (id, role_id, username, email, password_hash, is_active) VALUES (338, 4, 'student285', '2221285.mec@pathshala.edu.in', '$2b$12$cmgDkq6jIKqKJhfp5NtXte6qOIpuYQVyNo0JGROE.lE83pi2rEZWm', 1);
INSERT INTO student_profiles (id, user_id, roll_no, enrollment_no, first_name, last_name, dob, gender, phone, address, dept_id, course_id, current_semester, batch, personal_email, pathshala_email, alternative_phone, father_name, father_occupation, mother_name, mother_occupation, permanent_address, current_address, blood_group, section) VALUES (285, 338, '2221285', 'ENR-2221285', 'Priyesh', 'Roy', '2004-07-25', 'Female', '9876500285', 'Pathshala Hostel Block A, Room 394', 3, 3, 7, '2022', 'student285.personal@gmail.com', '2221285.mec@pathshala.edu.in', '9123400285', 'Dinesh Roy', 'Business Owner', 'Pushpa Roy', 'Engineer', '78, Anna Salai, Chennai, Tamil Nadu', 'Pathshala Hostel Block A, Room 394', 'B+', 'A');
INSERT INTO users (id, role_id, username, email, password_hash, is_active) VALUES (339, 4, 'student286', '2221286.mec@pathshala.edu.in', '$2b$12$cmgDkq6jIKqKJhfp5NtXte6qOIpuYQVyNo0JGROE.lE83pi2rEZWm', 1);
INSERT INTO student_profiles (id, user_id, roll_no, enrollment_no, first_name, last_name, dob, gender, phone, address, dept_id, course_id, current_semester, batch, personal_email, pathshala_email, alternative_phone, father_name, father_occupation, mother_name, mother_occupation, permanent_address, current_address, blood_group, section) VALUES (286, 339, '2221286', 'ENR-2221286', 'Vikas', 'Iyer', '2002-06-23', 'Female', '9876500286', 'Pathshala Hostel Block D, Room 144', 3, 3, 7, '2022', 'student286.personal@gmail.com', '2221286.mec@pathshala.edu.in', '9123400286', 'Suresh Iyer', 'Clerk', 'Pooja Iyer', 'Manager', '12, Marine Drive, Mumbai, Maharashtra', 'Pathshala Hostel Block D, Room 144', 'O+', 'B');
INSERT INTO users (id, role_id, username, email, password_hash, is_active) VALUES (340, 4, 'student287', '2221287.mec@pathshala.edu.in', '$2b$12$cmgDkq6jIKqKJhfp5NtXte6qOIpuYQVyNo0JGROE.lE83pi2rEZWm', 1);
INSERT INTO student_profiles (id, user_id, roll_no, enrollment_no, first_name, last_name, dob, gender, phone, address, dept_id, course_id, current_semester, batch, personal_email, pathshala_email, alternative_phone, father_name, father_occupation, mother_name, mother_occupation, permanent_address, current_address, blood_group, section) VALUES (287, 340, '2221287', 'ENR-2221287', 'Akash', 'Reddy', '2003-05-22', 'Male', '9876500287', 'Pathshala Hostel Block A, Room 305', 3, 3, 8, '2022', 'student287.personal@gmail.com', '2221287.mec@pathshala.edu.in', '9123400287', 'Manoj Reddy', 'Teacher', 'Sunita Reddy', 'Government Service', 'Sector 15, Noida, Uttar Pradesh', 'Pathshala Hostel Block A, Room 305', 'A-', 'A');
INSERT INTO users (id, role_id, username, email, password_hash, is_active) VALUES (341, 4, 'student288', '2221288.mec@pathshala.edu.in', '$2b$12$cmgDkq6jIKqKJhfp5NtXte6qOIpuYQVyNo0JGROE.lE83pi2rEZWm', 1);
INSERT INTO student_profiles (id, user_id, roll_no, enrollment_no, first_name, last_name, dob, gender, phone, address, dept_id, course_id, current_semester, batch, personal_email, pathshala_email, alternative_phone, father_name, father_occupation, mother_name, mother_occupation, permanent_address, current_address, blood_group, section) VALUES (288, 341, '2221288', 'ENR-2221288', 'Tushar', 'Shah', '2004-04-29', 'Male', '9876500288', 'Pathshala Hostel Block A, Room 389', 3, 3, 8, '2022', 'student288.personal@gmail.com', '2221288.mec@pathshala.edu.in', '9123400288', 'Suresh Shah', 'Business Owner', 'Meena Shah', 'Engineer', 'Salt Lake, Sector V, Kolkata', 'Pathshala Hostel Block A, Room 389', 'A-', 'B');
INSERT INTO users (id, role_id, username, email, password_hash, is_active) VALUES (342, 4, 'student289', '2221289.civ@pathshala.edu.in', '$2b$12$cmgDkq6jIKqKJhfp5NtXte6qOIpuYQVyNo0JGROE.lE83pi2rEZWm', 1);
INSERT INTO student_profiles (id, user_id, roll_no, enrollment_no, first_name, last_name, dob, gender, phone, address, dept_id, course_id, current_semester, batch, personal_email, pathshala_email, alternative_phone, father_name, father_occupation, mother_name, mother_occupation, permanent_address, current_address, blood_group, section) VALUES (289, 342, '2221289', 'ENR-2221289', 'Rajesh', 'Reddy', '2002-07-08', 'Female', '9876500289', 'Pathshala Hostel Block A, Room 114', 4, 4, 1, '2025', 'student289.personal@gmail.com', '2221289.civ@pathshala.edu.in', '9123400289', 'Pradeep Reddy', 'Consultant', 'Geeta Reddy', 'Business Owner', 'Civil Lines, Jaipur, Rajasthan', 'Pathshala Hostel Block A, Room 114', 'AB-', 'A');
INSERT INTO users (id, role_id, username, email, password_hash, is_active) VALUES (343, 4, 'student290', '2221290.civ@pathshala.edu.in', '$2b$12$cmgDkq6jIKqKJhfp5NtXte6qOIpuYQVyNo0JGROE.lE83pi2rEZWm', 1);
INSERT INTO student_profiles (id, user_id, roll_no, enrollment_no, first_name, last_name, dob, gender, phone, address, dept_id, course_id, current_semester, batch, personal_email, pathshala_email, alternative_phone, father_name, father_occupation, mother_name, mother_occupation, permanent_address, current_address, blood_group, section) VALUES (290, 343, '2221290', 'ENR-2221290', 'Suresh', 'Joshi', '2004-02-03', 'Male', '9876500290', 'Pathshala Hostel Block D, Room 343', 4, 4, 1, '2025', 'student290.personal@gmail.com', '2221290.civ@pathshala.edu.in', '9123400290', 'Manoj Joshi', 'Farmer', 'Pushpa Joshi', 'Government Service', '78, Anna Salai, Chennai, Tamil Nadu', 'Pathshala Hostel Block D, Room 343', 'O+', 'B');
INSERT INTO users (id, role_id, username, email, password_hash, is_active) VALUES (344, 4, 'student291', '2221291.civ@pathshala.edu.in', '$2b$12$cmgDkq6jIKqKJhfp5NtXte6qOIpuYQVyNo0JGROE.lE83pi2rEZWm', 1);
INSERT INTO student_profiles (id, user_id, roll_no, enrollment_no, first_name, last_name, dob, gender, phone, address, dept_id, course_id, current_semester, batch, personal_email, pathshala_email, alternative_phone, father_name, father_occupation, mother_name, mother_occupation, permanent_address, current_address, blood_group, section) VALUES (291, 344, '2221291', 'ENR-2221291', 'Jyoti', 'Nair', '2002-03-07', 'Male', '9876500291', 'Pathshala Hostel Block D, Room 301', 4, 4, 2, '2025', 'student291.personal@gmail.com', '2221291.civ@pathshala.edu.in', '9123400291', 'Ashok Nair', 'Private Service', 'Kiran Nair', 'Engineer', 'Salt Lake, Sector V, Kolkata', 'Pathshala Hostel Block D, Room 301', 'B-', 'A');
INSERT INTO users (id, role_id, username, email, password_hash, is_active) VALUES (345, 4, 'student292', '2221292.civ@pathshala.edu.in', '$2b$12$cmgDkq6jIKqKJhfp5NtXte6qOIpuYQVyNo0JGROE.lE83pi2rEZWm', 1);
INSERT INTO student_profiles (id, user_id, roll_no, enrollment_no, first_name, last_name, dob, gender, phone, address, dept_id, course_id, current_semester, batch, personal_email, pathshala_email, alternative_phone, father_name, father_occupation, mother_name, mother_occupation, permanent_address, current_address, blood_group, section) VALUES (292, 345, '2221292', 'ENR-2221292', 'Vivaan', 'Mehta', '2003-08-03', 'Female', '9876500292', 'Pathshala Hostel Block B, Room 492', 4, 4, 2, '2025', 'student292.personal@gmail.com', '2221292.civ@pathshala.edu.in', '9123400292', 'Anil Mehta', 'Clerk', 'Meena Mehta', 'Consultant', 'Sector 15, Noida, Uttar Pradesh', 'Pathshala Hostel Block B, Room 492', 'O-', 'B');
INSERT INTO users (id, role_id, username, email, password_hash, is_active) VALUES (346, 4, 'student293', '2221293.civ@pathshala.edu.in', '$2b$12$cmgDkq6jIKqKJhfp5NtXte6qOIpuYQVyNo0JGROE.lE83pi2rEZWm', 1);
INSERT INTO student_profiles (id, user_id, roll_no, enrollment_no, first_name, last_name, dob, gender, phone, address, dept_id, course_id, current_semester, batch, personal_email, pathshala_email, alternative_phone, father_name, father_occupation, mother_name, mother_occupation, permanent_address, current_address, blood_group, section) VALUES (293, 346, '2221293', 'ENR-2221293', 'Diya', 'Banerjee', '2004-05-19', 'Female', '9876500293', 'Pathshala Hostel Block A, Room 133', 4, 4, 3, '2024', 'student293.personal@gmail.com', '2221293.civ@pathshala.edu.in', '9123400293', 'Rajesh Banerjee', 'Teacher', 'Pooja Banerjee', 'Homemaker', '99, Gachibowli, Hyderabad, Telangana', 'Pathshala Hostel Block A, Room 133', 'AB+', 'A');
INSERT INTO users (id, role_id, username, email, password_hash, is_active) VALUES (347, 4, 'student294', '2221294.civ@pathshala.edu.in', '$2b$12$cmgDkq6jIKqKJhfp5NtXte6qOIpuYQVyNo0JGROE.lE83pi2rEZWm', 1);
INSERT INTO student_profiles (id, user_id, roll_no, enrollment_no, first_name, last_name, dob, gender, phone, address, dept_id, course_id, current_semester, batch, personal_email, pathshala_email, alternative_phone, father_name, father_occupation, mother_name, mother_occupation, permanent_address, current_address, blood_group, section) VALUES (294, 347, '2221294', 'ENR-2221294', 'Anvi', 'Patel', '2003-12-05', 'Female', '9876500294', 'Pathshala Hostel Block B, Room 139', 4, 4, 3, '2024', 'student294.personal@gmail.com', '2221294.civ@pathshala.edu.in', '9123400294', 'Vijay Patel', 'Retired', 'Geeta Patel', 'Engineer', '12, Marine Drive, Mumbai, Maharashtra', 'Pathshala Hostel Block B, Room 139', 'B-', 'B');
INSERT INTO users (id, role_id, username, email, password_hash, is_active) VALUES (348, 4, 'student295', '2221295.civ@pathshala.edu.in', '$2b$12$cmgDkq6jIKqKJhfp5NtXte6qOIpuYQVyNo0JGROE.lE83pi2rEZWm', 1);
INSERT INTO student_profiles (id, user_id, roll_no, enrollment_no, first_name, last_name, dob, gender, phone, address, dept_id, course_id, current_semester, batch, personal_email, pathshala_email, alternative_phone, father_name, father_occupation, mother_name, mother_occupation, permanent_address, current_address, blood_group, section) VALUES (295, 348, '2221295', 'ENR-2221295', 'Reyansh', 'Gupta', '2002-11-27', 'Female', '9876500295', 'Pathshala Hostel Block C, Room 101', 4, 4, 4, '2024', 'student295.personal@gmail.com', '2221295.civ@pathshala.edu.in', '9123400295', 'Satish Gupta', 'Homemaker', 'Rekha Gupta', 'Teacher', 'Salt Lake, Sector V, Kolkata', 'Pathshala Hostel Block C, Room 101', 'AB+', 'A');
INSERT INTO users (id, role_id, username, email, password_hash, is_active) VALUES (349, 4, 'student296', '2221296.civ@pathshala.edu.in', '$2b$12$cmgDkq6jIKqKJhfp5NtXte6qOIpuYQVyNo0JGROE.lE83pi2rEZWm', 1);
INSERT INTO student_profiles (id, user_id, roll_no, enrollment_no, first_name, last_name, dob, gender, phone, address, dept_id, course_id, current_semester, batch, personal_email, pathshala_email, alternative_phone, father_name, father_occupation, mother_name, mother_occupation, permanent_address, current_address, blood_group, section) VALUES (296, 349, '2221296', 'ENR-2221296', 'Nikhil', 'Banerjee', '2003-05-14', 'Female', '9876500296', 'Pathshala Hostel Block C, Room 475', 4, 4, 4, '2024', 'student296.personal@gmail.com', '2221296.civ@pathshala.edu.in', '9123400296', 'Sunil Banerjee', 'Doctor', 'Aarti Banerjee', 'Private Service', '12, Marine Drive, Mumbai, Maharashtra', 'Pathshala Hostel Block C, Room 475', 'AB-', 'B');
INSERT INTO users (id, role_id, username, email, password_hash, is_active) VALUES (350, 4, 'student297', '2221297.civ@pathshala.edu.in', '$2b$12$cmgDkq6jIKqKJhfp5NtXte6qOIpuYQVyNo0JGROE.lE83pi2rEZWm', 1);
INSERT INTO student_profiles (id, user_id, roll_no, enrollment_no, first_name, last_name, dob, gender, phone, address, dept_id, course_id, current_semester, batch, personal_email, pathshala_email, alternative_phone, father_name, father_occupation, mother_name, mother_occupation, permanent_address, current_address, blood_group, section) VALUES (297, 350, '2221297', 'ENR-2221297', 'Anvi', 'Verma', '2004-07-15', 'Male', '9876500297', 'Pathshala Hostel Block C, Room 499', 4, 4, 5, '2023', 'student297.personal@gmail.com', '2221297.civ@pathshala.edu.in', '9123400297', 'Rajesh Verma', 'Farmer', 'Shanti Verma', 'Private Service', 'Sector 15, Noida, Uttar Pradesh', 'Pathshala Hostel Block C, Room 499', 'AB+', 'A');
INSERT INTO users (id, role_id, username, email, password_hash, is_active) VALUES (351, 4, 'student298', '2221298.civ@pathshala.edu.in', '$2b$12$cmgDkq6jIKqKJhfp5NtXte6qOIpuYQVyNo0JGROE.lE83pi2rEZWm', 1);
INSERT INTO student_profiles (id, user_id, roll_no, enrollment_no, first_name, last_name, dob, gender, phone, address, dept_id, course_id, current_semester, batch, personal_email, pathshala_email, alternative_phone, father_name, father_occupation, mother_name, mother_occupation, permanent_address, current_address, blood_group, section) VALUES (298, 351, '2221298', 'ENR-2221298', 'Shaurya', 'Roy', '2003-10-16', 'Female', '9876500298', 'Pathshala Hostel Block A, Room 128', 4, 4, 5, '2023', 'student298.personal@gmail.com', '2221298.civ@pathshala.edu.in', '9123400298', 'Sanjay Roy', 'Homemaker', 'Geeta Roy', 'Consultant', '123, MG Road, Sector 4, Bangalore, Karnataka', 'Pathshala Hostel Block A, Room 128', 'B-', 'B');
INSERT INTO users (id, role_id, username, email, password_hash, is_active) VALUES (352, 4, 'student299', '2221299.civ@pathshala.edu.in', '$2b$12$cmgDkq6jIKqKJhfp5NtXte6qOIpuYQVyNo0JGROE.lE83pi2rEZWm', 1);
INSERT INTO student_profiles (id, user_id, roll_no, enrollment_no, first_name, last_name, dob, gender, phone, address, dept_id, course_id, current_semester, batch, personal_email, pathshala_email, alternative_phone, father_name, father_occupation, mother_name, mother_occupation, permanent_address, current_address, blood_group, section) VALUES (299, 352, '2221299', 'ENR-2221299', 'Rohan', 'Desai', '2003-07-18', 'Male', '9876500299', 'Pathshala Hostel Block C, Room 205', 4, 4, 6, '2023', 'student299.personal@gmail.com', '2221299.civ@pathshala.edu.in', '9123400299', 'Alok Desai', 'Retired', 'Sunita Desai', 'Doctor', 'Sector 15, Noida, Uttar Pradesh', 'Pathshala Hostel Block C, Room 205', 'B-', 'A');
INSERT INTO users (id, role_id, username, email, password_hash, is_active) VALUES (353, 4, 'student300', '2221300.civ@pathshala.edu.in', '$2b$12$cmgDkq6jIKqKJhfp5NtXte6qOIpuYQVyNo0JGROE.lE83pi2rEZWm', 1);
INSERT INTO student_profiles (id, user_id, roll_no, enrollment_no, first_name, last_name, dob, gender, phone, address, dept_id, course_id, current_semester, batch, personal_email, pathshala_email, alternative_phone, father_name, father_occupation, mother_name, mother_occupation, permanent_address, current_address, blood_group, section) VALUES (300, 353, '2221300', 'ENR-2221300', 'Aaradhya', 'Choudhury', '2002-03-09', 'Male', '9876500300', 'Pathshala Hostel Block C, Room 146', 4, 4, 6, '2023', 'student300.personal@gmail.com', '2221300.civ@pathshala.edu.in', '9123400300', 'Ramesh Choudhury', 'Business Owner', 'Shanti Choudhury', 'Teacher', '45, Park Street, Kolkata, West Bengal', 'Pathshala Hostel Block C, Room 146', 'O-', 'B');
INSERT INTO users (id, role_id, username, email, password_hash, is_active) VALUES (354, 4, 'student301', '2221301.civ@pathshala.edu.in', '$2b$12$cmgDkq6jIKqKJhfp5NtXte6qOIpuYQVyNo0JGROE.lE83pi2rEZWm', 1);
INSERT INTO student_profiles (id, user_id, roll_no, enrollment_no, first_name, last_name, dob, gender, phone, address, dept_id, course_id, current_semester, batch, personal_email, pathshala_email, alternative_phone, father_name, father_occupation, mother_name, mother_occupation, permanent_address, current_address, blood_group, section) VALUES (301, 354, '2221301', 'ENR-2221301', 'Ramesh', 'Sharma', '2002-10-26', 'Female', '9876500301', 'Pathshala Hostel Block B, Room 198', 4, 4, 7, '2022', 'student301.personal@gmail.com', '2221301.civ@pathshala.edu.in', '9123400301', 'Vinod Sharma', 'Retired', 'Sunita Sharma', 'Business Owner', '12, Marine Drive, Mumbai, Maharashtra', 'Pathshala Hostel Block B, Room 198', 'B-', 'A');
INSERT INTO users (id, role_id, username, email, password_hash, is_active) VALUES (355, 4, 'student302', '2221302.civ@pathshala.edu.in', '$2b$12$cmgDkq6jIKqKJhfp5NtXte6qOIpuYQVyNo0JGROE.lE83pi2rEZWm', 1);
INSERT INTO student_profiles (id, user_id, roll_no, enrollment_no, first_name, last_name, dob, gender, phone, address, dept_id, course_id, current_semester, batch, personal_email, pathshala_email, alternative_phone, father_name, father_occupation, mother_name, mother_occupation, permanent_address, current_address, blood_group, section) VALUES (302, 355, '2221302', 'ENR-2221302', 'Neha', 'Verma', '2002-10-17', 'Male', '9876500302', 'Pathshala Hostel Block A, Room 479', 4, 4, 7, '2022', 'student302.personal@gmail.com', '2221302.civ@pathshala.edu.in', '9123400302', 'Satish Verma', 'Government Service', 'Seema Verma', 'Retired', 'Civil Lines, Jaipur, Rajasthan', 'Pathshala Hostel Block A, Room 479', 'AB-', 'B');
INSERT INTO users (id, role_id, username, email, password_hash, is_active) VALUES (356, 4, 'student303', '2221303.civ@pathshala.edu.in', '$2b$12$cmgDkq6jIKqKJhfp5NtXte6qOIpuYQVyNo0JGROE.lE83pi2rEZWm', 1);
INSERT INTO student_profiles (id, user_id, roll_no, enrollment_no, first_name, last_name, dob, gender, phone, address, dept_id, course_id, current_semester, batch, personal_email, pathshala_email, alternative_phone, father_name, father_occupation, mother_name, mother_occupation, permanent_address, current_address, blood_group, section) VALUES (303, 356, '2221303', 'ENR-2221303', 'Karan', 'Pillai', '2002-07-28', 'Male', '9876500303', 'Pathshala Hostel Block B, Room 155', 4, 4, 8, '2022', 'student303.personal@gmail.com', '2221303.civ@pathshala.edu.in', '9123400303', 'Sanjay Pillai', 'Clerk', 'Pooja Pillai', 'Business Owner', '78, Anna Salai, Chennai, Tamil Nadu', 'Pathshala Hostel Block B, Room 155', 'A-', 'A');
INSERT INTO users (id, role_id, username, email, password_hash, is_active) VALUES (357, 4, 'student304', '2221304.civ@pathshala.edu.in', '$2b$12$cmgDkq6jIKqKJhfp5NtXte6qOIpuYQVyNo0JGROE.lE83pi2rEZWm', 1);
INSERT INTO student_profiles (id, user_id, roll_no, enrollment_no, first_name, last_name, dob, gender, phone, address, dept_id, course_id, current_semester, batch, personal_email, pathshala_email, alternative_phone, father_name, father_occupation, mother_name, mother_occupation, permanent_address, current_address, blood_group, section) VALUES (304, 357, '2221304', 'ENR-2221304', 'Tushar', 'Mehta', '2003-12-07', 'Male', '9876500304', 'Pathshala Hostel Block C, Room 256', 4, 4, 8, '2022', 'student304.personal@gmail.com', '2221304.civ@pathshala.edu.in', '9123400304', 'Harish Mehta', 'Government Service', 'Pushpa Mehta', 'Doctor', '99, Gachibowli, Hyderabad, Telangana', 'Pathshala Hostel Block C, Room 256', 'AB-', 'B');
INSERT INTO users (id, role_id, username, email, password_hash, is_active) VALUES (358, 4, 'student305', '2221305.bba@pathshala.edu.in', '$2b$12$cmgDkq6jIKqKJhfp5NtXte6qOIpuYQVyNo0JGROE.lE83pi2rEZWm', 1);
INSERT INTO student_profiles (id, user_id, roll_no, enrollment_no, first_name, last_name, dob, gender, phone, address, dept_id, course_id, current_semester, batch, personal_email, pathshala_email, alternative_phone, father_name, father_occupation, mother_name, mother_occupation, permanent_address, current_address, blood_group, section) VALUES (305, 358, '2221305', 'ENR-2221305', 'Ira', 'Roy', '2002-03-09', 'Male', '9876500305', 'Pathshala Hostel Block A, Room 117', 5, 5, 1, '2025', 'student305.personal@gmail.com', '2221305.bba@pathshala.edu.in', '9123400305', 'Rajesh Roy', 'Government Service', 'Asha Roy', 'Homemaker', 'Sector 15, Noida, Uttar Pradesh', 'Pathshala Hostel Block A, Room 117', 'A-', 'A');
INSERT INTO users (id, role_id, username, email, password_hash, is_active) VALUES (359, 4, 'student306', '2221306.bba@pathshala.edu.in', '$2b$12$cmgDkq6jIKqKJhfp5NtXte6qOIpuYQVyNo0JGROE.lE83pi2rEZWm', 1);
INSERT INTO student_profiles (id, user_id, roll_no, enrollment_no, first_name, last_name, dob, gender, phone, address, dept_id, course_id, current_semester, batch, personal_email, pathshala_email, alternative_phone, father_name, father_occupation, mother_name, mother_occupation, permanent_address, current_address, blood_group, section) VALUES (306, 359, '2221306', 'ENR-2221306', 'Amit', 'Desai', '2004-03-08', 'Female', '9876500306', 'Pathshala Hostel Block D, Room 252', 5, 5, 1, '2025', 'student306.personal@gmail.com', '2221306.bba@pathshala.edu.in', '9123400306', 'Vinod Desai', 'Manager', 'Pooja Desai', 'Farmer', 'Sector 15, Noida, Uttar Pradesh', 'Pathshala Hostel Block D, Room 252', 'O+', 'B');
INSERT INTO users (id, role_id, username, email, password_hash, is_active) VALUES (360, 4, 'student307', '2221307.bba@pathshala.edu.in', '$2b$12$cmgDkq6jIKqKJhfp5NtXte6qOIpuYQVyNo0JGROE.lE83pi2rEZWm', 1);
INSERT INTO student_profiles (id, user_id, roll_no, enrollment_no, first_name, last_name, dob, gender, phone, address, dept_id, course_id, current_semester, batch, personal_email, pathshala_email, alternative_phone, father_name, father_occupation, mother_name, mother_occupation, permanent_address, current_address, blood_group, section) VALUES (307, 360, '2221307', 'ENR-2221307', 'Harsh', 'Desai', '2002-09-25', 'Female', '9876500307', 'Pathshala Hostel Block C, Room 439', 5, 5, 2, '2025', 'student307.personal@gmail.com', '2221307.bba@pathshala.edu.in', '9123400307', 'Vinod Desai', 'Farmer', 'Kavita Desai', 'Clerk', '78, Anna Salai, Chennai, Tamil Nadu', 'Pathshala Hostel Block C, Room 439', 'O-', 'A');
INSERT INTO users (id, role_id, username, email, password_hash, is_active) VALUES (361, 4, 'student308', '2221308.bba@pathshala.edu.in', '$2b$12$cmgDkq6jIKqKJhfp5NtXte6qOIpuYQVyNo0JGROE.lE83pi2rEZWm', 1);
INSERT INTO student_profiles (id, user_id, roll_no, enrollment_no, first_name, last_name, dob, gender, phone, address, dept_id, course_id, current_semester, batch, personal_email, pathshala_email, alternative_phone, father_name, father_occupation, mother_name, mother_occupation, permanent_address, current_address, blood_group, section) VALUES (308, 361, '2221308', 'ENR-2221308', 'Rahul', 'Sen', '2003-01-15', 'Female', '9876500308', 'Pathshala Hostel Block C, Room 203', 5, 5, 2, '2025', 'student308.personal@gmail.com', '2221308.bba@pathshala.edu.in', '9123400308', 'Dinesh Sen', 'Farmer', 'Lata Sen', 'Homemaker', '45, Park Street, Kolkata, West Bengal', 'Pathshala Hostel Block C, Room 203', 'O+', 'B');
INSERT INTO users (id, role_id, username, email, password_hash, is_active) VALUES (362, 4, 'student309', '2221309.bba@pathshala.edu.in', '$2b$12$cmgDkq6jIKqKJhfp5NtXte6qOIpuYQVyNo0JGROE.lE83pi2rEZWm', 1);
INSERT INTO student_profiles (id, user_id, roll_no, enrollment_no, first_name, last_name, dob, gender, phone, address, dept_id, course_id, current_semester, batch, personal_email, pathshala_email, alternative_phone, father_name, father_occupation, mother_name, mother_occupation, permanent_address, current_address, blood_group, section) VALUES (309, 362, '2221309', 'ENR-2221309', 'Aarav', 'Rao', '2002-08-24', 'Female', '9876500309', 'Pathshala Hostel Block A, Room 157', 5, 5, 3, '2024', 'student309.personal@gmail.com', '2221309.bba@pathshala.edu.in', '9123400309', 'Anil Rao', 'Consultant', 'Seema Rao', 'Government Service', 'Salt Lake, Sector V, Kolkata', 'Pathshala Hostel Block A, Room 157', 'O-', 'A');
INSERT INTO users (id, role_id, username, email, password_hash, is_active) VALUES (363, 4, 'student310', '2221310.bba@pathshala.edu.in', '$2b$12$cmgDkq6jIKqKJhfp5NtXte6qOIpuYQVyNo0JGROE.lE83pi2rEZWm', 1);
INSERT INTO student_profiles (id, user_id, roll_no, enrollment_no, first_name, last_name, dob, gender, phone, address, dept_id, course_id, current_semester, batch, personal_email, pathshala_email, alternative_phone, father_name, father_occupation, mother_name, mother_occupation, permanent_address, current_address, blood_group, section) VALUES (310, 363, '2221310', 'ENR-2221310', 'Sunil', 'Das', '2002-07-12', 'Female', '9876500310', 'Pathshala Hostel Block D, Room 251', 5, 5, 3, '2024', 'student310.personal@gmail.com', '2221310.bba@pathshala.edu.in', '9123400310', 'Ramesh Das', 'Engineer', 'Shanti Das', 'Manager', '99, Gachibowli, Hyderabad, Telangana', 'Pathshala Hostel Block D, Room 251', 'AB-', 'B');
INSERT INTO users (id, role_id, username, email, password_hash, is_active) VALUES (364, 4, 'student311', '2221311.bba@pathshala.edu.in', '$2b$12$cmgDkq6jIKqKJhfp5NtXte6qOIpuYQVyNo0JGROE.lE83pi2rEZWm', 1);
INSERT INTO student_profiles (id, user_id, roll_no, enrollment_no, first_name, last_name, dob, gender, phone, address, dept_id, course_id, current_semester, batch, personal_email, pathshala_email, alternative_phone, father_name, father_occupation, mother_name, mother_occupation, permanent_address, current_address, blood_group, section) VALUES (311, 364, '2221311', 'ENR-2221311', 'Ananya', 'Gupta', '2003-05-14', 'Female', '9876500311', 'Pathshala Hostel Block A, Room 270', 5, 5, 4, '2024', 'student311.personal@gmail.com', '2221311.bba@pathshala.edu.in', '9123400311', 'Pradeep Gupta', 'Teacher', 'Pushpa Gupta', 'Teacher', 'Civil Lines, Jaipur, Rajasthan', 'Pathshala Hostel Block A, Room 270', 'B+', 'A');
INSERT INTO users (id, role_id, username, email, password_hash, is_active) VALUES (365, 4, 'student312', '2221312.bba@pathshala.edu.in', '$2b$12$cmgDkq6jIKqKJhfp5NtXte6qOIpuYQVyNo0JGROE.lE83pi2rEZWm', 1);
INSERT INTO student_profiles (id, user_id, roll_no, enrollment_no, first_name, last_name, dob, gender, phone, address, dept_id, course_id, current_semester, batch, personal_email, pathshala_email, alternative_phone, father_name, father_occupation, mother_name, mother_occupation, permanent_address, current_address, blood_group, section) VALUES (312, 365, '2221312', 'ENR-2221312', 'Krishna', 'Desai', '2004-01-03', 'Female', '9876500312', 'Pathshala Hostel Block C, Room 438', 5, 5, 4, '2024', 'student312.personal@gmail.com', '2221312.bba@pathshala.edu.in', '9123400312', 'Rajesh Desai', 'Consultant', 'Aarti Desai', 'Engineer', 'Sector 15, Noida, Uttar Pradesh', 'Pathshala Hostel Block C, Room 438', 'AB-', 'B');
INSERT INTO users (id, role_id, username, email, password_hash, is_active) VALUES (366, 4, 'student313', '2221313.bba@pathshala.edu.in', '$2b$12$cmgDkq6jIKqKJhfp5NtXte6qOIpuYQVyNo0JGROE.lE83pi2rEZWm', 1);
INSERT INTO student_profiles (id, user_id, roll_no, enrollment_no, first_name, last_name, dob, gender, phone, address, dept_id, course_id, current_semester, batch, personal_email, pathshala_email, alternative_phone, father_name, father_occupation, mother_name, mother_occupation, permanent_address, current_address, blood_group, section) VALUES (313, 366, '2221313', 'ENR-2221313', 'Amit', 'Pillai', '2003-08-26', 'Female', '9876500313', 'Pathshala Hostel Block A, Room 400', 5, 5, 5, '2023', 'student313.personal@gmail.com', '2221313.bba@pathshala.edu.in', '9123400313', 'Anil Pillai', 'Homemaker', 'Kavita Pillai', 'Engineer', '78, Anna Salai, Chennai, Tamil Nadu', 'Pathshala Hostel Block A, Room 400', 'AB+', 'A');
INSERT INTO users (id, role_id, username, email, password_hash, is_active) VALUES (367, 4, 'student314', '2221314.bba@pathshala.edu.in', '$2b$12$cmgDkq6jIKqKJhfp5NtXte6qOIpuYQVyNo0JGROE.lE83pi2rEZWm', 1);
INSERT INTO student_profiles (id, user_id, roll_no, enrollment_no, first_name, last_name, dob, gender, phone, address, dept_id, course_id, current_semester, batch, personal_email, pathshala_email, alternative_phone, father_name, father_occupation, mother_name, mother_occupation, permanent_address, current_address, blood_group, section) VALUES (314, 367, '2221314', 'ENR-2221314', 'Amit', 'Patel', '2003-11-29', 'Male', '9876500314', 'Pathshala Hostel Block B, Room 186', 5, 5, 5, '2023', 'student314.personal@gmail.com', '2221314.bba@pathshala.edu.in', '9123400314', 'Satish Patel', 'Farmer', 'Anita Patel', 'Homemaker', '12, Marine Drive, Mumbai, Maharashtra', 'Pathshala Hostel Block B, Room 186', 'A-', 'B');
INSERT INTO users (id, role_id, username, email, password_hash, is_active) VALUES (368, 4, 'student315', '2221315.bba@pathshala.edu.in', '$2b$12$cmgDkq6jIKqKJhfp5NtXte6qOIpuYQVyNo0JGROE.lE83pi2rEZWm', 1);
INSERT INTO student_profiles (id, user_id, roll_no, enrollment_no, first_name, last_name, dob, gender, phone, address, dept_id, course_id, current_semester, batch, personal_email, pathshala_email, alternative_phone, father_name, father_occupation, mother_name, mother_occupation, permanent_address, current_address, blood_group, section) VALUES (315, 368, '2221315', 'ENR-2221315', 'Karan', 'Mehta', '2003-05-26', 'Female', '9876500315', 'Pathshala Hostel Block B, Room 182', 5, 5, 6, '2023', 'student315.personal@gmail.com', '2221315.bba@pathshala.edu.in', '9123400315', 'Suresh Mehta', 'Homemaker', 'Asha Mehta', 'Consultant', '123, MG Road, Sector 4, Bangalore, Karnataka', 'Pathshala Hostel Block B, Room 182', 'AB-', 'A');
INSERT INTO users (id, role_id, username, email, password_hash, is_active) VALUES (369, 4, 'student316', '2221316.bba@pathshala.edu.in', '$2b$12$cmgDkq6jIKqKJhfp5NtXte6qOIpuYQVyNo0JGROE.lE83pi2rEZWm', 1);
INSERT INTO student_profiles (id, user_id, roll_no, enrollment_no, first_name, last_name, dob, gender, phone, address, dept_id, course_id, current_semester, batch, personal_email, pathshala_email, alternative_phone, father_name, father_occupation, mother_name, mother_occupation, permanent_address, current_address, blood_group, section) VALUES (316, 369, '2221316', 'ENR-2221316', 'Neha', 'Singh', '2004-04-11', 'Male', '9876500316', 'Pathshala Hostel Block D, Room 295', 5, 5, 6, '2023', 'student316.personal@gmail.com', '2221316.bba@pathshala.edu.in', '9123400316', 'Pradeep Singh', 'Government Service', 'Asha Singh', 'Farmer', 'Kadam Kuan, Patna, Bihar', 'Pathshala Hostel Block D, Room 295', 'AB-', 'B');
INSERT INTO users (id, role_id, username, email, password_hash, is_active) VALUES (370, 4, 'student317', '2221317.bba@pathshala.edu.in', '$2b$12$cmgDkq6jIKqKJhfp5NtXte6qOIpuYQVyNo0JGROE.lE83pi2rEZWm', 1);
INSERT INTO student_profiles (id, user_id, roll_no, enrollment_no, first_name, last_name, dob, gender, phone, address, dept_id, course_id, current_semester, batch, personal_email, pathshala_email, alternative_phone, father_name, father_occupation, mother_name, mother_occupation, permanent_address, current_address, blood_group, section) VALUES (317, 370, '2221317', 'ENR-2221317', 'Ramesh', 'Patil', '2004-04-21', 'Female', '9876500317', 'Pathshala Hostel Block D, Room 183', 5, 5, 7, '2022', 'student317.personal@gmail.com', '2221317.bba@pathshala.edu.in', '9123400317', 'Ramesh Patil', 'Consultant', 'Aarti Patil', 'Doctor', 'Kadam Kuan, Patna, Bihar', 'Pathshala Hostel Block D, Room 183', 'A-', 'A');
INSERT INTO users (id, role_id, username, email, password_hash, is_active) VALUES (371, 4, 'student318', '2221318.bba@pathshala.edu.in', '$2b$12$cmgDkq6jIKqKJhfp5NtXte6qOIpuYQVyNo0JGROE.lE83pi2rEZWm', 1);
INSERT INTO student_profiles (id, user_id, roll_no, enrollment_no, first_name, last_name, dob, gender, phone, address, dept_id, course_id, current_semester, batch, personal_email, pathshala_email, alternative_phone, father_name, father_occupation, mother_name, mother_occupation, permanent_address, current_address, blood_group, section) VALUES (318, 371, '2221318', 'ENR-2221318', 'Sunil', 'Pillai', '2004-03-26', 'Male', '9876500318', 'Pathshala Hostel Block A, Room 212', 5, 5, 7, '2022', 'student318.personal@gmail.com', '2221318.bba@pathshala.edu.in', '9123400318', 'Sunil Pillai', 'Retired', 'Pushpa Pillai', 'Homemaker', '78, Anna Salai, Chennai, Tamil Nadu', 'Pathshala Hostel Block A, Room 212', 'B+', 'B');
INSERT INTO users (id, role_id, username, email, password_hash, is_active) VALUES (372, 4, 'student319', '2221319.bba@pathshala.edu.in', '$2b$12$cmgDkq6jIKqKJhfp5NtXte6qOIpuYQVyNo0JGROE.lE83pi2rEZWm', 1);
INSERT INTO student_profiles (id, user_id, roll_no, enrollment_no, first_name, last_name, dob, gender, phone, address, dept_id, course_id, current_semester, batch, personal_email, pathshala_email, alternative_phone, father_name, father_occupation, mother_name, mother_occupation, permanent_address, current_address, blood_group, section) VALUES (319, 372, '2221319', 'ENR-2221319', 'Vikas', 'Iyer', '2004-07-06', 'Male', '9876500319', 'Pathshala Hostel Block C, Room 448', 5, 5, 8, '2022', 'student319.personal@gmail.com', '2221319.bba@pathshala.edu.in', '9123400319', 'Pradeep Iyer', 'Farmer', 'Shanti Iyer', 'Clerk', 'Mall Road, Shimla, Himachal Pradesh', 'Pathshala Hostel Block C, Room 448', 'B-', 'A');
INSERT INTO users (id, role_id, username, email, password_hash, is_active) VALUES (373, 4, 'student320', '2221320.bba@pathshala.edu.in', '$2b$12$cmgDkq6jIKqKJhfp5NtXte6qOIpuYQVyNo0JGROE.lE83pi2rEZWm', 1);
INSERT INTO student_profiles (id, user_id, roll_no, enrollment_no, first_name, last_name, dob, gender, phone, address, dept_id, course_id, current_semester, batch, personal_email, pathshala_email, alternative_phone, father_name, father_occupation, mother_name, mother_occupation, permanent_address, current_address, blood_group, section) VALUES (320, 373, '2221320', 'ENR-2221320', 'Krishna', 'Reddy', '2004-01-31', 'Female', '9876500320', 'Pathshala Hostel Block C, Room 257', 5, 5, 8, '2022', 'student320.personal@gmail.com', '2221320.bba@pathshala.edu.in', '9123400320', 'Sunil Reddy', 'Clerk', 'Lata Reddy', 'Retired', 'Sector 15, Noida, Uttar Pradesh', 'Pathshala Hostel Block C, Room 257', 'B+', 'B');
INSERT INTO users (id, role_id, username, email, password_hash, is_active) VALUES (374, 4, 'student321', '2221321.cse@pathshala.edu.in', '$2b$12$cmgDkq6jIKqKJhfp5NtXte6qOIpuYQVyNo0JGROE.lE83pi2rEZWm', 1);
INSERT INTO student_profiles (id, user_id, roll_no, enrollment_no, first_name, last_name, dob, gender, phone, address, dept_id, course_id, current_semester, batch, personal_email, pathshala_email, alternative_phone, father_name, father_occupation, mother_name, mother_occupation, permanent_address, current_address, blood_group, section) VALUES (321, 374, '2221321', 'ENR-2221321', 'Neha', 'Reddy', '2004-09-05', 'Female', '9876500321', 'Pathshala Hostel Block D, Room 141', 1, 1, 1, '2025', 'student321.personal@gmail.com', '2221321.cse@pathshala.edu.in', '9123400321', 'Sanjay Reddy', 'Consultant', 'Geeta Reddy', 'Retired', '123, MG Road, Sector 4, Bangalore, Karnataka', 'Pathshala Hostel Block D, Room 141', 'B-', 'A');
INSERT INTO users (id, role_id, username, email, password_hash, is_active) VALUES (375, 4, 'student322', '2221322.cse@pathshala.edu.in', '$2b$12$cmgDkq6jIKqKJhfp5NtXte6qOIpuYQVyNo0JGROE.lE83pi2rEZWm', 1);
INSERT INTO student_profiles (id, user_id, roll_no, enrollment_no, first_name, last_name, dob, gender, phone, address, dept_id, course_id, current_semester, batch, personal_email, pathshala_email, alternative_phone, father_name, father_occupation, mother_name, mother_occupation, permanent_address, current_address, blood_group, section) VALUES (322, 375, '2221322', 'ENR-2221322', 'Abhishek', 'Nair', '2002-11-05', 'Male', '9876500322', 'Pathshala Hostel Block C, Room 159', 1, 1, 1, '2025', 'student322.personal@gmail.com', '2221322.cse@pathshala.edu.in', '9123400322', 'Anil Nair', 'Retired', 'Pooja Nair', 'Teacher', '45, Park Street, Kolkata, West Bengal', 'Pathshala Hostel Block C, Room 159', 'AB+', 'B');
INSERT INTO users (id, role_id, username, email, password_hash, is_active) VALUES (376, 4, 'student323', '2221323.cse@pathshala.edu.in', '$2b$12$cmgDkq6jIKqKJhfp5NtXte6qOIpuYQVyNo0JGROE.lE83pi2rEZWm', 1);
INSERT INTO student_profiles (id, user_id, roll_no, enrollment_no, first_name, last_name, dob, gender, phone, address, dept_id, course_id, current_semester, batch, personal_email, pathshala_email, alternative_phone, father_name, father_occupation, mother_name, mother_occupation, permanent_address, current_address, blood_group, section) VALUES (323, 376, '2221323', 'ENR-2221323', 'Tushar', 'Desai', '2004-03-16', 'Female', '9876500323', 'Pathshala Hostel Block C, Room 352', 1, 1, 2, '2025', 'student323.personal@gmail.com', '2221323.cse@pathshala.edu.in', '9123400323', 'Satish Desai', 'Private Service', 'Aarti Desai', 'Business Owner', 'Mall Road, Shimla, Himachal Pradesh', 'Pathshala Hostel Block C, Room 352', 'AB+', 'A');
INSERT INTO users (id, role_id, username, email, password_hash, is_active) VALUES (377, 4, 'student324', '2221324.cse@pathshala.edu.in', '$2b$12$cmgDkq6jIKqKJhfp5NtXte6qOIpuYQVyNo0JGROE.lE83pi2rEZWm', 1);
INSERT INTO student_profiles (id, user_id, roll_no, enrollment_no, first_name, last_name, dob, gender, phone, address, dept_id, course_id, current_semester, batch, personal_email, pathshala_email, alternative_phone, father_name, father_occupation, mother_name, mother_occupation, permanent_address, current_address, blood_group, section) VALUES (324, 377, '2221324', 'ENR-2221324', 'Vikas', 'Patel', '2003-09-12', 'Male', '9876500324', 'Pathshala Hostel Block A, Room 387', 1, 1, 2, '2025', 'student324.personal@gmail.com', '2221324.cse@pathshala.edu.in', '9123400324', 'Suresh Patel', 'Farmer', 'Meena Patel', 'Consultant', 'Mall Road, Shimla, Himachal Pradesh', 'Pathshala Hostel Block A, Room 387', 'A-', 'B');
INSERT INTO users (id, role_id, username, email, password_hash, is_active) VALUES (378, 4, 'student325', '2221325.cse@pathshala.edu.in', '$2b$12$cmgDkq6jIKqKJhfp5NtXte6qOIpuYQVyNo0JGROE.lE83pi2rEZWm', 1);
INSERT INTO student_profiles (id, user_id, roll_no, enrollment_no, first_name, last_name, dob, gender, phone, address, dept_id, course_id, current_semester, batch, personal_email, pathshala_email, alternative_phone, father_name, father_occupation, mother_name, mother_occupation, permanent_address, current_address, blood_group, section) VALUES (325, 378, '2221325', 'ENR-2221325', 'Arnav', 'Desai', '2004-03-27', 'Male', '9876500325', 'Pathshala Hostel Block A, Room 305', 1, 1, 3, '2024', 'student325.personal@gmail.com', '2221325.cse@pathshala.edu.in', '9123400325', 'Dinesh Desai', 'Consultant', 'Sunita Desai', 'Homemaker', '12, Marine Drive, Mumbai, Maharashtra', 'Pathshala Hostel Block A, Room 305', 'A-', 'A');
INSERT INTO users (id, role_id, username, email, password_hash, is_active) VALUES (379, 4, 'student326', '2221326.cse@pathshala.edu.in', '$2b$12$cmgDkq6jIKqKJhfp5NtXte6qOIpuYQVyNo0JGROE.lE83pi2rEZWm', 1);
INSERT INTO student_profiles (id, user_id, roll_no, enrollment_no, first_name, last_name, dob, gender, phone, address, dept_id, course_id, current_semester, batch, personal_email, pathshala_email, alternative_phone, father_name, father_occupation, mother_name, mother_occupation, permanent_address, current_address, blood_group, section) VALUES (326, 379, '2221326', 'ENR-2221326', 'Aditya', 'Mishra', '2003-05-31', 'Female', '9876500326', 'Pathshala Hostel Block D, Room 219', 1, 1, 3, '2024', 'student326.personal@gmail.com', '2221326.cse@pathshala.edu.in', '9123400326', 'Ramesh Mishra', 'Government Service', 'Pooja Mishra', 'Consultant', 'Mall Road, Shimla, Himachal Pradesh', 'Pathshala Hostel Block D, Room 219', 'AB-', 'B');
INSERT INTO users (id, role_id, username, email, password_hash, is_active) VALUES (380, 4, 'student327', '2221327.cse@pathshala.edu.in', '$2b$12$cmgDkq6jIKqKJhfp5NtXte6qOIpuYQVyNo0JGROE.lE83pi2rEZWm', 1);
INSERT INTO student_profiles (id, user_id, roll_no, enrollment_no, first_name, last_name, dob, gender, phone, address, dept_id, course_id, current_semester, batch, personal_email, pathshala_email, alternative_phone, father_name, father_occupation, mother_name, mother_occupation, permanent_address, current_address, blood_group, section) VALUES (327, 380, '2221327', 'ENR-2221327', 'Neha', 'Singh', '2004-07-05', 'Male', '9876500327', 'Pathshala Hostel Block D, Room 359', 1, 1, 4, '2024', 'student327.personal@gmail.com', '2221327.cse@pathshala.edu.in', '9123400327', 'Dinesh Singh', 'Engineer', 'Rekha Singh', 'Farmer', '45, Park Street, Kolkata, West Bengal', 'Pathshala Hostel Block D, Room 359', 'A+', 'A');
INSERT INTO users (id, role_id, username, email, password_hash, is_active) VALUES (381, 4, 'student328', '2221328.cse@pathshala.edu.in', '$2b$12$cmgDkq6jIKqKJhfp5NtXte6qOIpuYQVyNo0JGROE.lE83pi2rEZWm', 1);
INSERT INTO student_profiles (id, user_id, roll_no, enrollment_no, first_name, last_name, dob, gender, phone, address, dept_id, course_id, current_semester, batch, personal_email, pathshala_email, alternative_phone, father_name, father_occupation, mother_name, mother_occupation, permanent_address, current_address, blood_group, section) VALUES (328, 381, '2221328', 'ENR-2221328', 'Krishna', 'Patel', '2002-07-03', 'Female', '9876500328', 'Pathshala Hostel Block A, Room 337', 1, 1, 4, '2024', 'student328.personal@gmail.com', '2221328.cse@pathshala.edu.in', '9123400328', 'Suresh Patel', 'Engineer', 'Rekha Patel', 'Engineer', '99, Gachibowli, Hyderabad, Telangana', 'Pathshala Hostel Block A, Room 337', 'A+', 'B');
INSERT INTO users (id, role_id, username, email, password_hash, is_active) VALUES (382, 4, 'student329', '2221329.cse@pathshala.edu.in', '$2b$12$cmgDkq6jIKqKJhfp5NtXte6qOIpuYQVyNo0JGROE.lE83pi2rEZWm', 1);
INSERT INTO student_profiles (id, user_id, roll_no, enrollment_no, first_name, last_name, dob, gender, phone, address, dept_id, course_id, current_semester, batch, personal_email, pathshala_email, alternative_phone, father_name, father_occupation, mother_name, mother_occupation, permanent_address, current_address, blood_group, section) VALUES (329, 382, '2221329', 'ENR-2221329', 'Vikas', 'Bose', '2003-05-12', 'Female', '9876500329', 'Pathshala Hostel Block C, Room 119', 1, 1, 5, '2023', 'student329.personal@gmail.com', '2221329.cse@pathshala.edu.in', '9123400329', 'Mahesh Bose', 'Farmer', 'Lata Bose', 'Homemaker', 'Kadam Kuan, Patna, Bihar', 'Pathshala Hostel Block C, Room 119', 'O+', 'A');
INSERT INTO users (id, role_id, username, email, password_hash, is_active) VALUES (383, 4, 'student330', '2221330.cse@pathshala.edu.in', '$2b$12$cmgDkq6jIKqKJhfp5NtXte6qOIpuYQVyNo0JGROE.lE83pi2rEZWm', 1);
INSERT INTO student_profiles (id, user_id, roll_no, enrollment_no, first_name, last_name, dob, gender, phone, address, dept_id, course_id, current_semester, batch, personal_email, pathshala_email, alternative_phone, father_name, father_occupation, mother_name, mother_occupation, permanent_address, current_address, blood_group, section) VALUES (330, 383, '2221330', 'ENR-2221330', 'Tushar', 'Gupta', '2004-04-15', 'Female', '9876500330', 'Pathshala Hostel Block C, Room 193', 1, 1, 5, '2023', 'student330.personal@gmail.com', '2221330.cse@pathshala.edu.in', '9123400330', 'Anil Gupta', 'Manager', 'Pooja Gupta', 'Clerk', '12, Marine Drive, Mumbai, Maharashtra', 'Pathshala Hostel Block C, Room 193', 'AB+', 'B');
INSERT INTO users (id, role_id, username, email, password_hash, is_active) VALUES (384, 4, 'student331', '2221331.cse@pathshala.edu.in', '$2b$12$cmgDkq6jIKqKJhfp5NtXte6qOIpuYQVyNo0JGROE.lE83pi2rEZWm', 1);
INSERT INTO student_profiles (id, user_id, roll_no, enrollment_no, first_name, last_name, dob, gender, phone, address, dept_id, course_id, current_semester, batch, personal_email, pathshala_email, alternative_phone, father_name, father_occupation, mother_name, mother_occupation, permanent_address, current_address, blood_group, section) VALUES (331, 384, '2221331', 'ENR-2221331', 'Neha', 'Das', '2004-01-23', 'Female', '9876500331', 'Pathshala Hostel Block B, Room 357', 1, 1, 6, '2023', 'student331.personal@gmail.com', '2221331.cse@pathshala.edu.in', '9123400331', 'Sunil Das', 'Farmer', 'Asha Das', 'Retired', '99, Gachibowli, Hyderabad, Telangana', 'Pathshala Hostel Block B, Room 357', 'O-', 'A');
INSERT INTO users (id, role_id, username, email, password_hash, is_active) VALUES (385, 4, 'student332', '2221332.cse@pathshala.edu.in', '$2b$12$cmgDkq6jIKqKJhfp5NtXte6qOIpuYQVyNo0JGROE.lE83pi2rEZWm', 1);
INSERT INTO student_profiles (id, user_id, roll_no, enrollment_no, first_name, last_name, dob, gender, phone, address, dept_id, course_id, current_semester, batch, personal_email, pathshala_email, alternative_phone, father_name, father_occupation, mother_name, mother_occupation, permanent_address, current_address, blood_group, section) VALUES (332, 385, '2221332', 'ENR-2221332', 'Ishan', 'Mishra', '2004-03-22', 'Female', '9876500332', 'Pathshala Hostel Block B, Room 210', 1, 1, 6, '2023', 'student332.personal@gmail.com', '2221332.cse@pathshala.edu.in', '9123400332', 'Pradeep Mishra', 'Consultant', 'Aarti Mishra', 'Private Service', 'Civil Lines, Jaipur, Rajasthan', 'Pathshala Hostel Block B, Room 210', 'O-', 'B');
INSERT INTO users (id, role_id, username, email, password_hash, is_active) VALUES (386, 4, 'student333', '2221333.cse@pathshala.edu.in', '$2b$12$cmgDkq6jIKqKJhfp5NtXte6qOIpuYQVyNo0JGROE.lE83pi2rEZWm', 1);
INSERT INTO student_profiles (id, user_id, roll_no, enrollment_no, first_name, last_name, dob, gender, phone, address, dept_id, course_id, current_semester, batch, personal_email, pathshala_email, alternative_phone, father_name, father_occupation, mother_name, mother_occupation, permanent_address, current_address, blood_group, section) VALUES (333, 386, '2221333', 'ENR-2221333', 'Myra', 'Mehta', '2004-02-22', 'Male', '9876500333', 'Pathshala Hostel Block A, Room 140', 1, 1, 7, '2022', 'student333.personal@gmail.com', '2221333.cse@pathshala.edu.in', '9123400333', 'Rajesh Mehta', 'Retired', 'Aarti Mehta', 'Engineer', '78, Anna Salai, Chennai, Tamil Nadu', 'Pathshala Hostel Block A, Room 140', 'B+', 'A');
INSERT INTO users (id, role_id, username, email, password_hash, is_active) VALUES (387, 4, 'student334', '2221334.cse@pathshala.edu.in', '$2b$12$cmgDkq6jIKqKJhfp5NtXte6qOIpuYQVyNo0JGROE.lE83pi2rEZWm', 1);
INSERT INTO student_profiles (id, user_id, roll_no, enrollment_no, first_name, last_name, dob, gender, phone, address, dept_id, course_id, current_semester, batch, personal_email, pathshala_email, alternative_phone, father_name, father_occupation, mother_name, mother_occupation, permanent_address, current_address, blood_group, section) VALUES (334, 387, '2221334', 'ENR-2221334', 'Aarav', 'Mehta', '2003-05-22', 'Male', '9876500334', 'Pathshala Hostel Block B, Room 414', 1, 1, 7, '2022', 'student334.personal@gmail.com', '2221334.cse@pathshala.edu.in', '9123400334', 'Pradeep Mehta', 'Engineer', 'Shanti Mehta', 'Retired', '12, Marine Drive, Mumbai, Maharashtra', 'Pathshala Hostel Block B, Room 414', 'AB+', 'B');
INSERT INTO users (id, role_id, username, email, password_hash, is_active) VALUES (388, 4, 'student335', '2221335.cse@pathshala.edu.in', '$2b$12$cmgDkq6jIKqKJhfp5NtXte6qOIpuYQVyNo0JGROE.lE83pi2rEZWm', 1);
INSERT INTO student_profiles (id, user_id, roll_no, enrollment_no, first_name, last_name, dob, gender, phone, address, dept_id, course_id, current_semester, batch, personal_email, pathshala_email, alternative_phone, father_name, father_occupation, mother_name, mother_occupation, permanent_address, current_address, blood_group, section) VALUES (335, 388, '2221335', 'ENR-2221335', 'Pranav', 'Patel', '2003-12-26', 'Female', '9876500335', 'Pathshala Hostel Block D, Room 287', 1, 1, 8, '2022', 'student335.personal@gmail.com', '2221335.cse@pathshala.edu.in', '9123400335', 'Mahesh Patel', 'Teacher', 'Anita Patel', 'Government Service', 'Civil Lines, Jaipur, Rajasthan', 'Pathshala Hostel Block D, Room 287', 'O+', 'A');
INSERT INTO users (id, role_id, username, email, password_hash, is_active) VALUES (389, 4, 'student336', '2221336.cse@pathshala.edu.in', '$2b$12$cmgDkq6jIKqKJhfp5NtXte6qOIpuYQVyNo0JGROE.lE83pi2rEZWm', 1);
INSERT INTO student_profiles (id, user_id, roll_no, enrollment_no, first_name, last_name, dob, gender, phone, address, dept_id, course_id, current_semester, batch, personal_email, pathshala_email, alternative_phone, father_name, father_occupation, mother_name, mother_occupation, permanent_address, current_address, blood_group, section) VALUES (336, 389, '2221336', 'ENR-2221336', 'Vivaan', 'Das', '2002-12-25', 'Male', '9876500336', 'Pathshala Hostel Block C, Room 479', 1, 1, 8, '2022', 'student336.personal@gmail.com', '2221336.cse@pathshala.edu.in', '9123400336', 'Dinesh Das', 'Teacher', 'Kavita Das', 'Clerk', 'Civil Lines, Jaipur, Rajasthan', 'Pathshala Hostel Block C, Room 479', 'B+', 'B');
INSERT INTO users (id, role_id, username, email, password_hash, is_active) VALUES (390, 4, 'student337', '2221337.ece@pathshala.edu.in', '$2b$12$cmgDkq6jIKqKJhfp5NtXte6qOIpuYQVyNo0JGROE.lE83pi2rEZWm', 1);
INSERT INTO student_profiles (id, user_id, roll_no, enrollment_no, first_name, last_name, dob, gender, phone, address, dept_id, course_id, current_semester, batch, personal_email, pathshala_email, alternative_phone, father_name, father_occupation, mother_name, mother_occupation, permanent_address, current_address, blood_group, section) VALUES (337, 390, '2221337', 'ENR-2221337', 'Priya', 'Reddy', '2003-02-25', 'Male', '9876500337', 'Pathshala Hostel Block D, Room 445', 2, 2, 1, '2025', 'student337.personal@gmail.com', '2221337.ece@pathshala.edu.in', '9123400337', 'Dinesh Reddy', 'Consultant', 'Pushpa Reddy', 'Homemaker', 'Civil Lines, Jaipur, Rajasthan', 'Pathshala Hostel Block D, Room 445', 'AB-', 'A');
INSERT INTO users (id, role_id, username, email, password_hash, is_active) VALUES (391, 4, 'student338', '2221338.ece@pathshala.edu.in', '$2b$12$cmgDkq6jIKqKJhfp5NtXte6qOIpuYQVyNo0JGROE.lE83pi2rEZWm', 1);
INSERT INTO student_profiles (id, user_id, roll_no, enrollment_no, first_name, last_name, dob, gender, phone, address, dept_id, course_id, current_semester, batch, personal_email, pathshala_email, alternative_phone, father_name, father_occupation, mother_name, mother_occupation, permanent_address, current_address, blood_group, section) VALUES (338, 391, '2221338', 'ENR-2221338', 'Khushi', 'Pillai', '2003-05-03', 'Male', '9876500338', 'Pathshala Hostel Block D, Room 399', 2, 2, 1, '2025', 'student338.personal@gmail.com', '2221338.ece@pathshala.edu.in', '9123400338', 'Rajesh Pillai', 'Retired', 'Aarti Pillai', 'Private Service', 'Kadam Kuan, Patna, Bihar', 'Pathshala Hostel Block D, Room 399', 'AB-', 'B');
INSERT INTO users (id, role_id, username, email, password_hash, is_active) VALUES (392, 4, 'student339', '2221339.ece@pathshala.edu.in', '$2b$12$cmgDkq6jIKqKJhfp5NtXte6qOIpuYQVyNo0JGROE.lE83pi2rEZWm', 1);
INSERT INTO student_profiles (id, user_id, roll_no, enrollment_no, first_name, last_name, dob, gender, phone, address, dept_id, course_id, current_semester, batch, personal_email, pathshala_email, alternative_phone, father_name, father_occupation, mother_name, mother_occupation, permanent_address, current_address, blood_group, section) VALUES (339, 392, '2221339', 'ENR-2221339', 'Priya', 'Singh', '2002-10-11', 'Female', '9876500339', 'Pathshala Hostel Block C, Room 172', 2, 2, 2, '2025', 'student339.personal@gmail.com', '2221339.ece@pathshala.edu.in', '9123400339', 'Alok Singh', 'Private Service', 'Shanti Singh', 'Private Service', '12, Marine Drive, Mumbai, Maharashtra', 'Pathshala Hostel Block C, Room 172', 'A+', 'A');
INSERT INTO users (id, role_id, username, email, password_hash, is_active) VALUES (393, 4, 'student340', '2221340.ece@pathshala.edu.in', '$2b$12$cmgDkq6jIKqKJhfp5NtXte6qOIpuYQVyNo0JGROE.lE83pi2rEZWm', 1);
INSERT INTO student_profiles (id, user_id, roll_no, enrollment_no, first_name, last_name, dob, gender, phone, address, dept_id, course_id, current_semester, batch, personal_email, pathshala_email, alternative_phone, father_name, father_occupation, mother_name, mother_occupation, permanent_address, current_address, blood_group, section) VALUES (340, 393, '2221340', 'ENR-2221340', 'Sunil', 'Kapoor', '2003-02-21', 'Female', '9876500340', 'Pathshala Hostel Block C, Room 443', 2, 2, 2, '2025', 'student340.personal@gmail.com', '2221340.ece@pathshala.edu.in', '9123400340', 'Harish Kapoor', 'Consultant', 'Lata Kapoor', 'Retired', 'Mall Road, Shimla, Himachal Pradesh', 'Pathshala Hostel Block C, Room 443', 'AB+', 'B');
INSERT INTO users (id, role_id, username, email, password_hash, is_active) VALUES (394, 4, 'student341', '2221341.ece@pathshala.edu.in', '$2b$12$cmgDkq6jIKqKJhfp5NtXte6qOIpuYQVyNo0JGROE.lE83pi2rEZWm', 1);
INSERT INTO student_profiles (id, user_id, roll_no, enrollment_no, first_name, last_name, dob, gender, phone, address, dept_id, course_id, current_semester, batch, personal_email, pathshala_email, alternative_phone, father_name, father_occupation, mother_name, mother_occupation, permanent_address, current_address, blood_group, section) VALUES (341, 394, '2221341', 'ENR-2221341', 'Rohan', 'Choudhury', '2002-06-04', 'Male', '9876500341', 'Pathshala Hostel Block A, Room 124', 2, 2, 3, '2024', 'student341.personal@gmail.com', '2221341.ece@pathshala.edu.in', '9123400341', 'Ashok Choudhury', 'Private Service', 'Meena Choudhury', 'Clerk', 'Sector 15, Noida, Uttar Pradesh', 'Pathshala Hostel Block A, Room 124', 'B-', 'A');
INSERT INTO users (id, role_id, username, email, password_hash, is_active) VALUES (395, 4, 'student342', '2221342.ece@pathshala.edu.in', '$2b$12$cmgDkq6jIKqKJhfp5NtXte6qOIpuYQVyNo0JGROE.lE83pi2rEZWm', 1);
INSERT INTO student_profiles (id, user_id, roll_no, enrollment_no, first_name, last_name, dob, gender, phone, address, dept_id, course_id, current_semester, batch, personal_email, pathshala_email, alternative_phone, father_name, father_occupation, mother_name, mother_occupation, permanent_address, current_address, blood_group, section) VALUES (342, 395, '2221342', 'ENR-2221342', 'Shaurya', 'Choudhury', '2003-03-21', 'Female', '9876500342', 'Pathshala Hostel Block A, Room 476', 2, 2, 3, '2024', 'student342.personal@gmail.com', '2221342.ece@pathshala.edu.in', '9123400342', 'Rajesh Choudhury', 'Manager', 'Kavita Choudhury', 'Manager', 'Salt Lake, Sector V, Kolkata', 'Pathshala Hostel Block A, Room 476', 'AB-', 'B');
INSERT INTO users (id, role_id, username, email, password_hash, is_active) VALUES (396, 4, 'student343', '2221343.ece@pathshala.edu.in', '$2b$12$cmgDkq6jIKqKJhfp5NtXte6qOIpuYQVyNo0JGROE.lE83pi2rEZWm', 1);
INSERT INTO student_profiles (id, user_id, roll_no, enrollment_no, first_name, last_name, dob, gender, phone, address, dept_id, course_id, current_semester, batch, personal_email, pathshala_email, alternative_phone, father_name, father_occupation, mother_name, mother_occupation, permanent_address, current_address, blood_group, section) VALUES (343, 396, '2221343', 'ENR-2221343', 'Harsh', 'Iyer', '2004-05-29', 'Female', '9876500343', 'Pathshala Hostel Block C, Room 169', 2, 2, 4, '2024', 'student343.personal@gmail.com', '2221343.ece@pathshala.edu.in', '9123400343', 'Ashok Iyer', 'Doctor', 'Rekha Iyer', 'Teacher', '123, MG Road, Sector 4, Bangalore, Karnataka', 'Pathshala Hostel Block C, Room 169', 'O+', 'A');
INSERT INTO users (id, role_id, username, email, password_hash, is_active) VALUES (397, 4, 'student344', '2221344.ece@pathshala.edu.in', '$2b$12$cmgDkq6jIKqKJhfp5NtXte6qOIpuYQVyNo0JGROE.lE83pi2rEZWm', 1);
INSERT INTO student_profiles (id, user_id, roll_no, enrollment_no, first_name, last_name, dob, gender, phone, address, dept_id, course_id, current_semester, batch, personal_email, pathshala_email, alternative_phone, father_name, father_occupation, mother_name, mother_occupation, permanent_address, current_address, blood_group, section) VALUES (344, 397, '2221344', 'ENR-2221344', 'Pihu', 'Bhat', '2003-07-06', 'Male', '9876500344', 'Pathshala Hostel Block B, Room 444', 2, 2, 4, '2024', 'student344.personal@gmail.com', '2221344.ece@pathshala.edu.in', '9123400344', 'Mahesh Bhat', 'Clerk', 'Kavita Bhat', 'Private Service', 'Mall Road, Shimla, Himachal Pradesh', 'Pathshala Hostel Block B, Room 444', 'B-', 'B');
INSERT INTO users (id, role_id, username, email, password_hash, is_active) VALUES (398, 4, 'student345', '2221345.ece@pathshala.edu.in', '$2b$12$cmgDkq6jIKqKJhfp5NtXte6qOIpuYQVyNo0JGROE.lE83pi2rEZWm', 1);
INSERT INTO student_profiles (id, user_id, roll_no, enrollment_no, first_name, last_name, dob, gender, phone, address, dept_id, course_id, current_semester, batch, personal_email, pathshala_email, alternative_phone, father_name, father_occupation, mother_name, mother_occupation, permanent_address, current_address, blood_group, section) VALUES (345, 398, '2221345', 'ENR-2221345', 'Abhishek', 'Bose', '2003-11-26', 'Male', '9876500345', 'Pathshala Hostel Block B, Room 219', 2, 2, 5, '2023', 'student345.personal@gmail.com', '2221345.ece@pathshala.edu.in', '9123400345', 'Dinesh Bose', 'Consultant', 'Kavita Bose', 'Doctor', '12, Marine Drive, Mumbai, Maharashtra', 'Pathshala Hostel Block B, Room 219', 'B+', 'A');
INSERT INTO users (id, role_id, username, email, password_hash, is_active) VALUES (399, 4, 'student346', '2221346.ece@pathshala.edu.in', '$2b$12$cmgDkq6jIKqKJhfp5NtXte6qOIpuYQVyNo0JGROE.lE83pi2rEZWm', 1);
INSERT INTO student_profiles (id, user_id, roll_no, enrollment_no, first_name, last_name, dob, gender, phone, address, dept_id, course_id, current_semester, batch, personal_email, pathshala_email, alternative_phone, father_name, father_occupation, mother_name, mother_occupation, permanent_address, current_address, blood_group, section) VALUES (346, 399, '2221346', 'ENR-2221346', 'Arnav', 'Patel', '2003-08-15', 'Male', '9876500346', 'Pathshala Hostel Block B, Room 394', 2, 2, 5, '2023', 'student346.personal@gmail.com', '2221346.ece@pathshala.edu.in', '9123400346', 'Manoj Patel', 'Teacher', 'Lata Patel', 'Manager', '12, Marine Drive, Mumbai, Maharashtra', 'Pathshala Hostel Block B, Room 394', 'B+', 'B');
INSERT INTO users (id, role_id, username, email, password_hash, is_active) VALUES (400, 4, 'student347', '2221347.ece@pathshala.edu.in', '$2b$12$cmgDkq6jIKqKJhfp5NtXte6qOIpuYQVyNo0JGROE.lE83pi2rEZWm', 1);
INSERT INTO student_profiles (id, user_id, roll_no, enrollment_no, first_name, last_name, dob, gender, phone, address, dept_id, course_id, current_semester, batch, personal_email, pathshala_email, alternative_phone, father_name, father_occupation, mother_name, mother_occupation, permanent_address, current_address, blood_group, section) VALUES (347, 400, '2221347', 'ENR-2221347', 'Ramesh', 'Choudhury', '2004-02-26', 'Female', '9876500347', 'Pathshala Hostel Block D, Room 269', 2, 2, 6, '2023', 'student347.personal@gmail.com', '2221347.ece@pathshala.edu.in', '9123400347', 'Ramesh Choudhury', 'Private Service', 'Seema Choudhury', 'Consultant', 'Kadam Kuan, Patna, Bihar', 'Pathshala Hostel Block D, Room 269', 'AB+', 'A');
INSERT INTO users (id, role_id, username, email, password_hash, is_active) VALUES (401, 4, 'student348', '2221348.ece@pathshala.edu.in', '$2b$12$cmgDkq6jIKqKJhfp5NtXte6qOIpuYQVyNo0JGROE.lE83pi2rEZWm', 1);
INSERT INTO student_profiles (id, user_id, roll_no, enrollment_no, first_name, last_name, dob, gender, phone, address, dept_id, course_id, current_semester, batch, personal_email, pathshala_email, alternative_phone, father_name, father_occupation, mother_name, mother_occupation, permanent_address, current_address, blood_group, section) VALUES (348, 401, '2221348', 'ENR-2221348', 'Priyesh', 'Singh', '2003-01-30', 'Female', '9876500348', 'Pathshala Hostel Block A, Room 198', 2, 2, 6, '2023', 'student348.personal@gmail.com', '2221348.ece@pathshala.edu.in', '9123400348', 'Anil Singh', 'Doctor', 'Sunita Singh', 'Doctor', '12, Marine Drive, Mumbai, Maharashtra', 'Pathshala Hostel Block A, Room 198', 'A+', 'B');
INSERT INTO users (id, role_id, username, email, password_hash, is_active) VALUES (402, 4, 'student349', '2221349.ece@pathshala.edu.in', '$2b$12$cmgDkq6jIKqKJhfp5NtXte6qOIpuYQVyNo0JGROE.lE83pi2rEZWm', 1);
INSERT INTO student_profiles (id, user_id, roll_no, enrollment_no, first_name, last_name, dob, gender, phone, address, dept_id, course_id, current_semester, batch, personal_email, pathshala_email, alternative_phone, father_name, father_occupation, mother_name, mother_occupation, permanent_address, current_address, blood_group, section) VALUES (349, 402, '2221349', 'ENR-2221349', 'Priya', 'Malhotra', '2004-08-18', 'Female', '9876500349', 'Pathshala Hostel Block D, Room 439', 2, 2, 7, '2022', 'student349.personal@gmail.com', '2221349.ece@pathshala.edu.in', '9123400349', 'Sunil Malhotra', 'Government Service', 'Shanti Malhotra', 'Consultant', '123, MG Road, Sector 4, Bangalore, Karnataka', 'Pathshala Hostel Block D, Room 439', 'O+', 'A');
INSERT INTO users (id, role_id, username, email, password_hash, is_active) VALUES (403, 4, 'student350', '2221350.ece@pathshala.edu.in', '$2b$12$cmgDkq6jIKqKJhfp5NtXte6qOIpuYQVyNo0JGROE.lE83pi2rEZWm', 1);
INSERT INTO student_profiles (id, user_id, roll_no, enrollment_no, first_name, last_name, dob, gender, phone, address, dept_id, course_id, current_semester, batch, personal_email, pathshala_email, alternative_phone, father_name, father_occupation, mother_name, mother_occupation, permanent_address, current_address, blood_group, section) VALUES (350, 403, '2221350', 'ENR-2221350', 'Ramesh', 'Rao', '2003-08-26', 'Female', '9876500350', 'Pathshala Hostel Block B, Room 476', 2, 2, 7, '2022', 'student350.personal@gmail.com', '2221350.ece@pathshala.edu.in', '9123400350', 'Dinesh Rao', 'Retired', 'Shanti Rao', 'Private Service', 'Sector 15, Noida, Uttar Pradesh', 'Pathshala Hostel Block B, Room 476', 'B-', 'B');
INSERT INTO users (id, role_id, username, email, password_hash, is_active) VALUES (404, 4, 'student351', '2221351.ece@pathshala.edu.in', '$2b$12$cmgDkq6jIKqKJhfp5NtXte6qOIpuYQVyNo0JGROE.lE83pi2rEZWm', 1);
INSERT INTO student_profiles (id, user_id, roll_no, enrollment_no, first_name, last_name, dob, gender, phone, address, dept_id, course_id, current_semester, batch, personal_email, pathshala_email, alternative_phone, father_name, father_occupation, mother_name, mother_occupation, permanent_address, current_address, blood_group, section) VALUES (351, 404, '2221351', 'ENR-2221351', 'Diya', 'Mehta', '2003-12-02', 'Male', '9876500351', 'Pathshala Hostel Block A, Room 317', 2, 2, 8, '2022', 'student351.personal@gmail.com', '2221351.ece@pathshala.edu.in', '9123400351', 'Ashok Mehta', 'Clerk', 'Aarti Mehta', 'Retired', 'Salt Lake, Sector V, Kolkata', 'Pathshala Hostel Block A, Room 317', 'AB+', 'A');
INSERT INTO users (id, role_id, username, email, password_hash, is_active) VALUES (405, 4, 'student352', '2221352.ece@pathshala.edu.in', '$2b$12$cmgDkq6jIKqKJhfp5NtXte6qOIpuYQVyNo0JGROE.lE83pi2rEZWm', 1);
INSERT INTO student_profiles (id, user_id, roll_no, enrollment_no, first_name, last_name, dob, gender, phone, address, dept_id, course_id, current_semester, batch, personal_email, pathshala_email, alternative_phone, father_name, father_occupation, mother_name, mother_occupation, permanent_address, current_address, blood_group, section) VALUES (352, 405, '2221352', 'ENR-2221352', 'Shaurya', 'Reddy', '2002-08-26', 'Female', '9876500352', 'Pathshala Hostel Block A, Room 495', 2, 2, 8, '2022', 'student352.personal@gmail.com', '2221352.ece@pathshala.edu.in', '9123400352', 'Pradeep Reddy', 'Clerk', 'Sunita Reddy', 'Homemaker', '45, Park Street, Kolkata, West Bengal', 'Pathshala Hostel Block A, Room 495', 'O+', 'B');
INSERT INTO users (id, role_id, username, email, password_hash, is_active) VALUES (406, 4, 'student353', '2221353.mec@pathshala.edu.in', '$2b$12$cmgDkq6jIKqKJhfp5NtXte6qOIpuYQVyNo0JGROE.lE83pi2rEZWm', 1);
INSERT INTO student_profiles (id, user_id, roll_no, enrollment_no, first_name, last_name, dob, gender, phone, address, dept_id, course_id, current_semester, batch, personal_email, pathshala_email, alternative_phone, father_name, father_occupation, mother_name, mother_occupation, permanent_address, current_address, blood_group, section) VALUES (353, 406, '2221353', 'ENR-2221353', 'Abhishek', 'Chawla', '2003-06-24', 'Male', '9876500353', 'Pathshala Hostel Block D, Room 218', 3, 3, 1, '2025', 'student353.personal@gmail.com', '2221353.mec@pathshala.edu.in', '9123400353', 'Dinesh Chawla', 'Business Owner', 'Meena Chawla', 'Private Service', 'Salt Lake, Sector V, Kolkata', 'Pathshala Hostel Block D, Room 218', 'B-', 'A');
INSERT INTO users (id, role_id, username, email, password_hash, is_active) VALUES (407, 4, 'student354', '2221354.mec@pathshala.edu.in', '$2b$12$cmgDkq6jIKqKJhfp5NtXte6qOIpuYQVyNo0JGROE.lE83pi2rEZWm', 1);
INSERT INTO student_profiles (id, user_id, roll_no, enrollment_no, first_name, last_name, dob, gender, phone, address, dept_id, course_id, current_semester, batch, personal_email, pathshala_email, alternative_phone, father_name, father_occupation, mother_name, mother_occupation, permanent_address, current_address, blood_group, section) VALUES (354, 407, '2221354', 'ENR-2221354', 'Anvi', 'Roy', '2004-08-14', 'Female', '9876500354', 'Pathshala Hostel Block D, Room 443', 3, 3, 1, '2025', 'student354.personal@gmail.com', '2221354.mec@pathshala.edu.in', '9123400354', 'Mahesh Roy', 'Farmer', 'Anita Roy', 'Teacher', '78, Anna Salai, Chennai, Tamil Nadu', 'Pathshala Hostel Block D, Room 443', 'A-', 'B');
INSERT INTO users (id, role_id, username, email, password_hash, is_active) VALUES (408, 4, 'student355', '2221355.mec@pathshala.edu.in', '$2b$12$cmgDkq6jIKqKJhfp5NtXte6qOIpuYQVyNo0JGROE.lE83pi2rEZWm', 1);
INSERT INTO student_profiles (id, user_id, roll_no, enrollment_no, first_name, last_name, dob, gender, phone, address, dept_id, course_id, current_semester, batch, personal_email, pathshala_email, alternative_phone, father_name, father_occupation, mother_name, mother_occupation, permanent_address, current_address, blood_group, section) VALUES (355, 408, '2221355', 'ENR-2221355', 'Reyansh', 'Patel', '2002-06-03', 'Male', '9876500355', 'Pathshala Hostel Block A, Room 499', 3, 3, 2, '2025', 'student355.personal@gmail.com', '2221355.mec@pathshala.edu.in', '9123400355', 'Pradeep Patel', 'Manager', 'Meena Patel', 'Private Service', 'Sector 15, Noida, Uttar Pradesh', 'Pathshala Hostel Block A, Room 499', 'AB+', 'A');
INSERT INTO users (id, role_id, username, email, password_hash, is_active) VALUES (409, 4, 'student356', '2221356.mec@pathshala.edu.in', '$2b$12$cmgDkq6jIKqKJhfp5NtXte6qOIpuYQVyNo0JGROE.lE83pi2rEZWm', 1);
INSERT INTO student_profiles (id, user_id, roll_no, enrollment_no, first_name, last_name, dob, gender, phone, address, dept_id, course_id, current_semester, batch, personal_email, pathshala_email, alternative_phone, father_name, father_occupation, mother_name, mother_occupation, permanent_address, current_address, blood_group, section) VALUES (356, 409, '2221356', 'ENR-2221356', 'Vikas', 'Banerjee', '2002-02-08', 'Male', '9876500356', 'Pathshala Hostel Block A, Room 400', 3, 3, 2, '2025', 'student356.personal@gmail.com', '2221356.mec@pathshala.edu.in', '9123400356', 'Suresh Banerjee', 'Private Service', 'Pushpa Banerjee', 'Farmer', '12, Marine Drive, Mumbai, Maharashtra', 'Pathshala Hostel Block A, Room 400', 'A-', 'B');
INSERT INTO users (id, role_id, username, email, password_hash, is_active) VALUES (410, 4, 'student357', '2221357.mec@pathshala.edu.in', '$2b$12$cmgDkq6jIKqKJhfp5NtXte6qOIpuYQVyNo0JGROE.lE83pi2rEZWm', 1);
INSERT INTO student_profiles (id, user_id, roll_no, enrollment_no, first_name, last_name, dob, gender, phone, address, dept_id, course_id, current_semester, batch, personal_email, pathshala_email, alternative_phone, father_name, father_occupation, mother_name, mother_occupation, permanent_address, current_address, blood_group, section) VALUES (357, 410, '2221357', 'ENR-2221357', 'Vihaan', 'Reddy', '2004-08-19', 'Male', '9876500357', 'Pathshala Hostel Block D, Room 172', 3, 3, 3, '2024', 'student357.personal@gmail.com', '2221357.mec@pathshala.edu.in', '9123400357', 'Suresh Reddy', 'Business Owner', 'Lata Reddy', 'Engineer', '99, Gachibowli, Hyderabad, Telangana', 'Pathshala Hostel Block D, Room 172', 'A-', 'A');
INSERT INTO users (id, role_id, username, email, password_hash, is_active) VALUES (411, 4, 'student358', '2221358.mec@pathshala.edu.in', '$2b$12$cmgDkq6jIKqKJhfp5NtXte6qOIpuYQVyNo0JGROE.lE83pi2rEZWm', 1);
INSERT INTO student_profiles (id, user_id, roll_no, enrollment_no, first_name, last_name, dob, gender, phone, address, dept_id, course_id, current_semester, batch, personal_email, pathshala_email, alternative_phone, father_name, father_occupation, mother_name, mother_occupation, permanent_address, current_address, blood_group, section) VALUES (358, 411, '2221358', 'ENR-2221358', 'Vikas', 'Pillai', '2002-08-14', 'Male', '9876500358', 'Pathshala Hostel Block B, Room 145', 3, 3, 3, '2024', 'student358.personal@gmail.com', '2221358.mec@pathshala.edu.in', '9123400358', 'Harish Pillai', 'Clerk', 'Anita Pillai', 'Farmer', '78, Anna Salai, Chennai, Tamil Nadu', 'Pathshala Hostel Block B, Room 145', 'B-', 'B');
INSERT INTO users (id, role_id, username, email, password_hash, is_active) VALUES (412, 4, 'student359', '2221359.mec@pathshala.edu.in', '$2b$12$cmgDkq6jIKqKJhfp5NtXte6qOIpuYQVyNo0JGROE.lE83pi2rEZWm', 1);
INSERT INTO student_profiles (id, user_id, roll_no, enrollment_no, first_name, last_name, dob, gender, phone, address, dept_id, course_id, current_semester, batch, personal_email, pathshala_email, alternative_phone, father_name, father_occupation, mother_name, mother_occupation, permanent_address, current_address, blood_group, section) VALUES (359, 412, '2221359', 'ENR-2221359', 'Arnav', 'Choudhury', '2002-05-12', 'Male', '9876500359', 'Pathshala Hostel Block C, Room 276', 3, 3, 4, '2024', 'student359.personal@gmail.com', '2221359.mec@pathshala.edu.in', '9123400359', 'Mahesh Choudhury', 'Farmer', 'Meena Choudhury', 'Government Service', 'Salt Lake, Sector V, Kolkata', 'Pathshala Hostel Block C, Room 276', 'AB+', 'A');
INSERT INTO users (id, role_id, username, email, password_hash, is_active) VALUES (413, 4, 'student360', '2221360.mec@pathshala.edu.in', '$2b$12$cmgDkq6jIKqKJhfp5NtXte6qOIpuYQVyNo0JGROE.lE83pi2rEZWm', 1);
INSERT INTO student_profiles (id, user_id, roll_no, enrollment_no, first_name, last_name, dob, gender, phone, address, dept_id, course_id, current_semester, batch, personal_email, pathshala_email, alternative_phone, father_name, father_occupation, mother_name, mother_occupation, permanent_address, current_address, blood_group, section) VALUES (360, 413, '2221360', 'ENR-2221360', 'Suresh', 'Pillai', '2003-08-15', 'Female', '9876500360', 'Pathshala Hostel Block D, Room 139', 3, 3, 4, '2024', 'student360.personal@gmail.com', '2221360.mec@pathshala.edu.in', '9123400360', 'Deepak Pillai', 'Government Service', 'Seema Pillai', 'Farmer', 'Kadam Kuan, Patna, Bihar', 'Pathshala Hostel Block D, Room 139', 'AB+', 'B');
INSERT INTO users (id, role_id, username, email, password_hash, is_active) VALUES (414, 4, 'student361', '2221361.mec@pathshala.edu.in', '$2b$12$cmgDkq6jIKqKJhfp5NtXte6qOIpuYQVyNo0JGROE.lE83pi2rEZWm', 1);
INSERT INTO student_profiles (id, user_id, roll_no, enrollment_no, first_name, last_name, dob, gender, phone, address, dept_id, course_id, current_semester, batch, personal_email, pathshala_email, alternative_phone, father_name, father_occupation, mother_name, mother_occupation, permanent_address, current_address, blood_group, section) VALUES (361, 414, '2221361', 'ENR-2221361', 'Aarav', 'Sharma', '2002-01-09', 'Male', '9876500361', 'Pathshala Hostel Block C, Room 252', 3, 3, 5, '2023', 'student361.personal@gmail.com', '2221361.mec@pathshala.edu.in', '9123400361', 'Sanjay Sharma', 'Doctor', 'Seema Sharma', 'Clerk', 'Salt Lake, Sector V, Kolkata', 'Pathshala Hostel Block C, Room 252', 'A+', 'A');
INSERT INTO users (id, role_id, username, email, password_hash, is_active) VALUES (415, 4, 'student362', '2221362.mec@pathshala.edu.in', '$2b$12$cmgDkq6jIKqKJhfp5NtXte6qOIpuYQVyNo0JGROE.lE83pi2rEZWm', 1);
INSERT INTO student_profiles (id, user_id, roll_no, enrollment_no, first_name, last_name, dob, gender, phone, address, dept_id, course_id, current_semester, batch, personal_email, pathshala_email, alternative_phone, father_name, father_occupation, mother_name, mother_occupation, permanent_address, current_address, blood_group, section) VALUES (362, 415, '2221362', 'ENR-2221362', 'Rahul', 'Kapoor', '2003-07-18', 'Male', '9876500362', 'Pathshala Hostel Block C, Room 157', 3, 3, 5, '2023', 'student362.personal@gmail.com', '2221362.mec@pathshala.edu.in', '9123400362', 'Sunil Kapoor', 'Government Service', 'Aarti Kapoor', 'Government Service', '78, Anna Salai, Chennai, Tamil Nadu', 'Pathshala Hostel Block C, Room 157', 'AB+', 'B');
INSERT INTO users (id, role_id, username, email, password_hash, is_active) VALUES (416, 4, 'student363', '2221363.mec@pathshala.edu.in', '$2b$12$cmgDkq6jIKqKJhfp5NtXte6qOIpuYQVyNo0JGROE.lE83pi2rEZWm', 1);
INSERT INTO student_profiles (id, user_id, roll_no, enrollment_no, first_name, last_name, dob, gender, phone, address, dept_id, course_id, current_semester, batch, personal_email, pathshala_email, alternative_phone, father_name, father_occupation, mother_name, mother_occupation, permanent_address, current_address, blood_group, section) VALUES (363, 416, '2221363', 'ENR-2221363', 'Akash', 'Bhat', '2003-09-30', 'Female', '9876500363', 'Pathshala Hostel Block C, Room 117', 3, 3, 6, '2023', 'student363.personal@gmail.com', '2221363.mec@pathshala.edu.in', '9123400363', 'Sunil Bhat', 'Government Service', 'Aarti Bhat', 'Farmer', 'Salt Lake, Sector V, Kolkata', 'Pathshala Hostel Block C, Room 117', 'B+', 'A');
INSERT INTO users (id, role_id, username, email, password_hash, is_active) VALUES (417, 4, 'student364', '2221364.mec@pathshala.edu.in', '$2b$12$cmgDkq6jIKqKJhfp5NtXte6qOIpuYQVyNo0JGROE.lE83pi2rEZWm', 1);
INSERT INTO student_profiles (id, user_id, roll_no, enrollment_no, first_name, last_name, dob, gender, phone, address, dept_id, course_id, current_semester, batch, personal_email, pathshala_email, alternative_phone, father_name, father_occupation, mother_name, mother_occupation, permanent_address, current_address, blood_group, section) VALUES (364, 417, '2221364', 'ENR-2221364', 'Simran', 'Sen', '2003-10-24', 'Female', '9876500364', 'Pathshala Hostel Block D, Room 465', 3, 3, 6, '2023', 'student364.personal@gmail.com', '2221364.mec@pathshala.edu.in', '9123400364', 'Rajesh Sen', 'Retired', 'Asha Sen', 'Homemaker', 'Mall Road, Shimla, Himachal Pradesh', 'Pathshala Hostel Block D, Room 465', 'A+', 'B');
INSERT INTO users (id, role_id, username, email, password_hash, is_active) VALUES (418, 4, 'student365', '2221365.mec@pathshala.edu.in', '$2b$12$cmgDkq6jIKqKJhfp5NtXte6qOIpuYQVyNo0JGROE.lE83pi2rEZWm', 1);
INSERT INTO student_profiles (id, user_id, roll_no, enrollment_no, first_name, last_name, dob, gender, phone, address, dept_id, course_id, current_semester, batch, personal_email, pathshala_email, alternative_phone, father_name, father_occupation, mother_name, mother_occupation, permanent_address, current_address, blood_group, section) VALUES (365, 418, '2221365', 'ENR-2221365', 'Diya', 'Joshi', '2004-01-16', 'Female', '9876500365', 'Pathshala Hostel Block B, Room 348', 3, 3, 7, '2022', 'student365.personal@gmail.com', '2221365.mec@pathshala.edu.in', '9123400365', 'Harish Joshi', 'Homemaker', 'Shanti Joshi', 'Homemaker', '45, Park Street, Kolkata, West Bengal', 'Pathshala Hostel Block B, Room 348', 'B-', 'A');
INSERT INTO users (id, role_id, username, email, password_hash, is_active) VALUES (419, 4, 'student366', '2221366.mec@pathshala.edu.in', '$2b$12$cmgDkq6jIKqKJhfp5NtXte6qOIpuYQVyNo0JGROE.lE83pi2rEZWm', 1);
INSERT INTO student_profiles (id, user_id, roll_no, enrollment_no, first_name, last_name, dob, gender, phone, address, dept_id, course_id, current_semester, batch, personal_email, pathshala_email, alternative_phone, father_name, father_occupation, mother_name, mother_occupation, permanent_address, current_address, blood_group, section) VALUES (366, 419, '2221366', 'ENR-2221366', 'Shaurya', 'Patel', '2003-02-28', 'Male', '9876500366', 'Pathshala Hostel Block A, Room 278', 3, 3, 7, '2022', 'student366.personal@gmail.com', '2221366.mec@pathshala.edu.in', '9123400366', 'Pradeep Patel', 'Homemaker', 'Kiran Patel', 'Retired', 'Kadam Kuan, Patna, Bihar', 'Pathshala Hostel Block A, Room 278', 'O+', 'B');
INSERT INTO users (id, role_id, username, email, password_hash, is_active) VALUES (420, 4, 'student367', '2221367.mec@pathshala.edu.in', '$2b$12$cmgDkq6jIKqKJhfp5NtXte6qOIpuYQVyNo0JGROE.lE83pi2rEZWm', 1);
INSERT INTO student_profiles (id, user_id, roll_no, enrollment_no, first_name, last_name, dob, gender, phone, address, dept_id, course_id, current_semester, batch, personal_email, pathshala_email, alternative_phone, father_name, father_occupation, mother_name, mother_occupation, permanent_address, current_address, blood_group, section) VALUES (367, 420, '2221367', 'ENR-2221367', 'Arnav', 'Patel', '2002-08-11', 'Female', '9876500367', 'Pathshala Hostel Block C, Room 196', 3, 3, 8, '2022', 'student367.personal@gmail.com', '2221367.mec@pathshala.edu.in', '9123400367', 'Sanjay Patel', 'Teacher', 'Sunita Patel', 'Teacher', '45, Park Street, Kolkata, West Bengal', 'Pathshala Hostel Block C, Room 196', 'AB+', 'A');
INSERT INTO users (id, role_id, username, email, password_hash, is_active) VALUES (421, 4, 'student368', '2221368.mec@pathshala.edu.in', '$2b$12$cmgDkq6jIKqKJhfp5NtXte6qOIpuYQVyNo0JGROE.lE83pi2rEZWm', 1);
INSERT INTO student_profiles (id, user_id, roll_no, enrollment_no, first_name, last_name, dob, gender, phone, address, dept_id, course_id, current_semester, batch, personal_email, pathshala_email, alternative_phone, father_name, father_occupation, mother_name, mother_occupation, permanent_address, current_address, blood_group, section) VALUES (368, 421, '2221368', 'ENR-2221368', 'Vivaan', 'Nair', '2003-05-08', 'Female', '9876500368', 'Pathshala Hostel Block D, Room 102', 3, 3, 8, '2022', 'student368.personal@gmail.com', '2221368.mec@pathshala.edu.in', '9123400368', 'Vijay Nair', 'Homemaker', 'Aarti Nair', 'Engineer', 'Kadam Kuan, Patna, Bihar', 'Pathshala Hostel Block D, Room 102', 'O-', 'B');
INSERT INTO users (id, role_id, username, email, password_hash, is_active) VALUES (422, 4, 'student369', '2221369.civ@pathshala.edu.in', '$2b$12$cmgDkq6jIKqKJhfp5NtXte6qOIpuYQVyNo0JGROE.lE83pi2rEZWm', 1);
INSERT INTO student_profiles (id, user_id, roll_no, enrollment_no, first_name, last_name, dob, gender, phone, address, dept_id, course_id, current_semester, batch, personal_email, pathshala_email, alternative_phone, father_name, father_occupation, mother_name, mother_occupation, permanent_address, current_address, blood_group, section) VALUES (369, 422, '2221369', 'ENR-2221369', 'Advika', 'Shah', '2002-09-28', 'Female', '9876500369', 'Pathshala Hostel Block D, Room 312', 4, 4, 1, '2025', 'student369.personal@gmail.com', '2221369.civ@pathshala.edu.in', '9123400369', 'Anil Shah', 'Homemaker', 'Kiran Shah', 'Manager', '99, Gachibowli, Hyderabad, Telangana', 'Pathshala Hostel Block D, Room 312', 'O-', 'A');
INSERT INTO users (id, role_id, username, email, password_hash, is_active) VALUES (423, 4, 'student370', '2221370.civ@pathshala.edu.in', '$2b$12$cmgDkq6jIKqKJhfp5NtXte6qOIpuYQVyNo0JGROE.lE83pi2rEZWm', 1);
INSERT INTO student_profiles (id, user_id, roll_no, enrollment_no, first_name, last_name, dob, gender, phone, address, dept_id, course_id, current_semester, batch, personal_email, pathshala_email, alternative_phone, father_name, father_occupation, mother_name, mother_occupation, permanent_address, current_address, blood_group, section) VALUES (370, 423, '2221370', 'ENR-2221370', 'Akash', 'Kumar', '2004-05-03', 'Male', '9876500370', 'Pathshala Hostel Block D, Room 305', 4, 4, 1, '2025', 'student370.personal@gmail.com', '2221370.civ@pathshala.edu.in', '9123400370', 'Sanjay Kumar', 'Engineer', 'Kavita Kumar', 'Doctor', '45, Park Street, Kolkata, West Bengal', 'Pathshala Hostel Block D, Room 305', 'A-', 'B');
INSERT INTO users (id, role_id, username, email, password_hash, is_active) VALUES (424, 4, 'student371', '2221371.civ@pathshala.edu.in', '$2b$12$cmgDkq6jIKqKJhfp5NtXte6qOIpuYQVyNo0JGROE.lE83pi2rEZWm', 1);
INSERT INTO student_profiles (id, user_id, roll_no, enrollment_no, first_name, last_name, dob, gender, phone, address, dept_id, course_id, current_semester, batch, personal_email, pathshala_email, alternative_phone, father_name, father_occupation, mother_name, mother_occupation, permanent_address, current_address, blood_group, section) VALUES (371, 424, '2221371', 'ENR-2221371', 'Rajesh', 'Patil', '2003-06-04', 'Female', '9876500371', 'Pathshala Hostel Block B, Room 439', 4, 4, 2, '2025', 'student371.personal@gmail.com', '2221371.civ@pathshala.edu.in', '9123400371', 'Deepak Patil', 'Homemaker', 'Shanti Patil', 'Homemaker', 'Salt Lake, Sector V, Kolkata', 'Pathshala Hostel Block B, Room 439', 'B-', 'A');
INSERT INTO users (id, role_id, username, email, password_hash, is_active) VALUES (425, 4, 'student372', '2221372.civ@pathshala.edu.in', '$2b$12$cmgDkq6jIKqKJhfp5NtXte6qOIpuYQVyNo0JGROE.lE83pi2rEZWm', 1);
INSERT INTO student_profiles (id, user_id, roll_no, enrollment_no, first_name, last_name, dob, gender, phone, address, dept_id, course_id, current_semester, batch, personal_email, pathshala_email, alternative_phone, father_name, father_occupation, mother_name, mother_occupation, permanent_address, current_address, blood_group, section) VALUES (372, 425, '2221372', 'ENR-2221372', 'Aarav', 'Kapoor', '2004-05-13', 'Female', '9876500372', 'Pathshala Hostel Block B, Room 395', 4, 4, 2, '2025', 'student372.personal@gmail.com', '2221372.civ@pathshala.edu.in', '9123400372', 'Rajesh Kapoor', 'Farmer', 'Seema Kapoor', 'Farmer', 'Civil Lines, Jaipur, Rajasthan', 'Pathshala Hostel Block B, Room 395', 'B-', 'B');
INSERT INTO users (id, role_id, username, email, password_hash, is_active) VALUES (426, 4, 'student373', '2221373.civ@pathshala.edu.in', '$2b$12$cmgDkq6jIKqKJhfp5NtXte6qOIpuYQVyNo0JGROE.lE83pi2rEZWm', 1);
INSERT INTO student_profiles (id, user_id, roll_no, enrollment_no, first_name, last_name, dob, gender, phone, address, dept_id, course_id, current_semester, batch, personal_email, pathshala_email, alternative_phone, father_name, father_occupation, mother_name, mother_occupation, permanent_address, current_address, blood_group, section) VALUES (373, 426, '2221373', 'ENR-2221373', 'Sachin', 'Malhotra', '2003-04-07', 'Female', '9876500373', 'Pathshala Hostel Block D, Room 183', 4, 4, 3, '2024', 'student373.personal@gmail.com', '2221373.civ@pathshala.edu.in', '9123400373', 'Vijay Malhotra', 'Clerk', 'Shanti Malhotra', 'Homemaker', '99, Gachibowli, Hyderabad, Telangana', 'Pathshala Hostel Block D, Room 183', 'B-', 'A');
INSERT INTO users (id, role_id, username, email, password_hash, is_active) VALUES (427, 4, 'student374', '2221374.civ@pathshala.edu.in', '$2b$12$cmgDkq6jIKqKJhfp5NtXte6qOIpuYQVyNo0JGROE.lE83pi2rEZWm', 1);
INSERT INTO student_profiles (id, user_id, roll_no, enrollment_no, first_name, last_name, dob, gender, phone, address, dept_id, course_id, current_semester, batch, personal_email, pathshala_email, alternative_phone, father_name, father_occupation, mother_name, mother_occupation, permanent_address, current_address, blood_group, section) VALUES (374, 427, '2221374', 'ENR-2221374', 'Pranav', 'Mishra', '2003-12-11', 'Female', '9876500374', 'Pathshala Hostel Block D, Room 341', 4, 4, 3, '2024', 'student374.personal@gmail.com', '2221374.civ@pathshala.edu.in', '9123400374', 'Sanjay Mishra', 'Engineer', 'Kavita Mishra', 'Engineer', '78, Anna Salai, Chennai, Tamil Nadu', 'Pathshala Hostel Block D, Room 341', 'AB+', 'B');
INSERT INTO users (id, role_id, username, email, password_hash, is_active) VALUES (428, 4, 'student375', '2221375.civ@pathshala.edu.in', '$2b$12$cmgDkq6jIKqKJhfp5NtXte6qOIpuYQVyNo0JGROE.lE83pi2rEZWm', 1);
INSERT INTO student_profiles (id, user_id, roll_no, enrollment_no, first_name, last_name, dob, gender, phone, address, dept_id, course_id, current_semester, batch, personal_email, pathshala_email, alternative_phone, father_name, father_occupation, mother_name, mother_occupation, permanent_address, current_address, blood_group, section) VALUES (375, 428, '2221375', 'ENR-2221375', 'Suresh', 'Chawla', '2002-08-04', 'Female', '9876500375', 'Pathshala Hostel Block B, Room 473', 4, 4, 4, '2024', 'student375.personal@gmail.com', '2221375.civ@pathshala.edu.in', '9123400375', 'Sunil Chawla', 'Government Service', 'Kavita Chawla', 'Teacher', '78, Anna Salai, Chennai, Tamil Nadu', 'Pathshala Hostel Block B, Room 473', 'AB+', 'A');
INSERT INTO users (id, role_id, username, email, password_hash, is_active) VALUES (429, 4, 'student376', '2221376.civ@pathshala.edu.in', '$2b$12$cmgDkq6jIKqKJhfp5NtXte6qOIpuYQVyNo0JGROE.lE83pi2rEZWm', 1);
INSERT INTO student_profiles (id, user_id, roll_no, enrollment_no, first_name, last_name, dob, gender, phone, address, dept_id, course_id, current_semester, batch, personal_email, pathshala_email, alternative_phone, father_name, father_occupation, mother_name, mother_occupation, permanent_address, current_address, blood_group, section) VALUES (376, 429, '2221376', 'ENR-2221376', 'Sai', 'Desai', '2003-01-31', 'Female', '9876500376', 'Pathshala Hostel Block D, Room 245', 4, 4, 4, '2024', 'student376.personal@gmail.com', '2221376.civ@pathshala.edu.in', '9123400376', 'Alok Desai', 'Teacher', 'Kavita Desai', 'Teacher', 'Civil Lines, Jaipur, Rajasthan', 'Pathshala Hostel Block D, Room 245', 'AB-', 'B');
INSERT INTO users (id, role_id, username, email, password_hash, is_active) VALUES (430, 4, 'student377', '2221377.civ@pathshala.edu.in', '$2b$12$cmgDkq6jIKqKJhfp5NtXte6qOIpuYQVyNo0JGROE.lE83pi2rEZWm', 1);
INSERT INTO student_profiles (id, user_id, roll_no, enrollment_no, first_name, last_name, dob, gender, phone, address, dept_id, course_id, current_semester, batch, personal_email, pathshala_email, alternative_phone, father_name, father_occupation, mother_name, mother_occupation, permanent_address, current_address, blood_group, section) VALUES (377, 430, '2221377', 'ENR-2221377', 'Arjun', 'Mehta', '2002-11-29', 'Male', '9876500377', 'Pathshala Hostel Block C, Room 103', 4, 4, 5, '2023', 'student377.personal@gmail.com', '2221377.civ@pathshala.edu.in', '9123400377', 'Pradeep Mehta', 'Private Service', 'Seema Mehta', 'Teacher', '123, MG Road, Sector 4, Bangalore, Karnataka', 'Pathshala Hostel Block C, Room 103', 'B-', 'A');
INSERT INTO users (id, role_id, username, email, password_hash, is_active) VALUES (431, 4, 'student378', '2221378.civ@pathshala.edu.in', '$2b$12$cmgDkq6jIKqKJhfp5NtXte6qOIpuYQVyNo0JGROE.lE83pi2rEZWm', 1);
INSERT INTO student_profiles (id, user_id, roll_no, enrollment_no, first_name, last_name, dob, gender, phone, address, dept_id, course_id, current_semester, batch, personal_email, pathshala_email, alternative_phone, father_name, father_occupation, mother_name, mother_occupation, permanent_address, current_address, blood_group, section) VALUES (378, 431, '2221378', 'ENR-2221378', 'Ananya', 'Sharma', '2004-06-10', 'Female', '9876500378', 'Pathshala Hostel Block B, Room 324', 4, 4, 5, '2023', 'student378.personal@gmail.com', '2221378.civ@pathshala.edu.in', '9123400378', 'Ashok Sharma', 'Business Owner', 'Kavita Sharma', 'Farmer', '123, MG Road, Sector 4, Bangalore, Karnataka', 'Pathshala Hostel Block B, Room 324', 'O+', 'B');
INSERT INTO users (id, role_id, username, email, password_hash, is_active) VALUES (432, 4, 'student379', '2221379.civ@pathshala.edu.in', '$2b$12$cmgDkq6jIKqKJhfp5NtXte6qOIpuYQVyNo0JGROE.lE83pi2rEZWm', 1);
INSERT INTO student_profiles (id, user_id, roll_no, enrollment_no, first_name, last_name, dob, gender, phone, address, dept_id, course_id, current_semester, batch, personal_email, pathshala_email, alternative_phone, father_name, father_occupation, mother_name, mother_occupation, permanent_address, current_address, blood_group, section) VALUES (379, 432, '2221379', 'ENR-2221379', 'Rajesh', 'Malhotra', '2004-07-08', 'Female', '9876500379', 'Pathshala Hostel Block C, Room 295', 4, 4, 6, '2023', 'student379.personal@gmail.com', '2221379.civ@pathshala.edu.in', '9123400379', 'Suresh Malhotra', 'Homemaker', 'Geeta Malhotra', 'Government Service', '123, MG Road, Sector 4, Bangalore, Karnataka', 'Pathshala Hostel Block C, Room 295', 'O+', 'A');
INSERT INTO users (id, role_id, username, email, password_hash, is_active) VALUES (433, 4, 'student380', '2221380.civ@pathshala.edu.in', '$2b$12$cmgDkq6jIKqKJhfp5NtXte6qOIpuYQVyNo0JGROE.lE83pi2rEZWm', 1);
INSERT INTO student_profiles (id, user_id, roll_no, enrollment_no, first_name, last_name, dob, gender, phone, address, dept_id, course_id, current_semester, batch, personal_email, pathshala_email, alternative_phone, father_name, father_occupation, mother_name, mother_occupation, permanent_address, current_address, blood_group, section) VALUES (380, 433, '2221380', 'ENR-2221380', 'Suresh', 'Chawla', '2002-03-28', 'Female', '9876500380', 'Pathshala Hostel Block A, Room 373', 4, 4, 6, '2023', 'student380.personal@gmail.com', '2221380.civ@pathshala.edu.in', '9123400380', 'Anil Chawla', 'Engineer', 'Meena Chawla', 'Engineer', '12, Marine Drive, Mumbai, Maharashtra', 'Pathshala Hostel Block A, Room 373', 'AB-', 'B');
INSERT INTO users (id, role_id, username, email, password_hash, is_active) VALUES (434, 4, 'student381', '2221381.civ@pathshala.edu.in', '$2b$12$cmgDkq6jIKqKJhfp5NtXte6qOIpuYQVyNo0JGROE.lE83pi2rEZWm', 1);
INSERT INTO student_profiles (id, user_id, roll_no, enrollment_no, first_name, last_name, dob, gender, phone, address, dept_id, course_id, current_semester, batch, personal_email, pathshala_email, alternative_phone, father_name, father_occupation, mother_name, mother_occupation, permanent_address, current_address, blood_group, section) VALUES (381, 434, '2221381', 'ENR-2221381', 'Karan', 'Rao', '2003-04-15', 'Female', '9876500381', 'Pathshala Hostel Block B, Room 333', 4, 4, 7, '2022', 'student381.personal@gmail.com', '2221381.civ@pathshala.edu.in', '9123400381', 'Harish Rao', 'Private Service', 'Sunita Rao', 'Doctor', 'Salt Lake, Sector V, Kolkata', 'Pathshala Hostel Block B, Room 333', 'B+', 'A');
INSERT INTO users (id, role_id, username, email, password_hash, is_active) VALUES (435, 4, 'student382', '2221382.civ@pathshala.edu.in', '$2b$12$cmgDkq6jIKqKJhfp5NtXte6qOIpuYQVyNo0JGROE.lE83pi2rEZWm', 1);
INSERT INTO student_profiles (id, user_id, roll_no, enrollment_no, first_name, last_name, dob, gender, phone, address, dept_id, course_id, current_semester, batch, personal_email, pathshala_email, alternative_phone, father_name, father_occupation, mother_name, mother_occupation, permanent_address, current_address, blood_group, section) VALUES (382, 435, '2221382', 'ENR-2221382', 'Ishan', 'Verma', '2003-06-19', 'Male', '9876500382', 'Pathshala Hostel Block C, Room 416', 4, 4, 7, '2022', 'student382.personal@gmail.com', '2221382.civ@pathshala.edu.in', '9123400382', 'Manoj Verma', 'Business Owner', 'Seema Verma', 'Government Service', '12, Marine Drive, Mumbai, Maharashtra', 'Pathshala Hostel Block C, Room 416', 'A-', 'B');
INSERT INTO users (id, role_id, username, email, password_hash, is_active) VALUES (436, 4, 'student383', '2221383.civ@pathshala.edu.in', '$2b$12$cmgDkq6jIKqKJhfp5NtXte6qOIpuYQVyNo0JGROE.lE83pi2rEZWm', 1);
INSERT INTO student_profiles (id, user_id, roll_no, enrollment_no, first_name, last_name, dob, gender, phone, address, dept_id, course_id, current_semester, batch, personal_email, pathshala_email, alternative_phone, father_name, father_occupation, mother_name, mother_occupation, permanent_address, current_address, blood_group, section) VALUES (383, 436, '2221383', 'ENR-2221383', 'Vihaan', 'Gupta', '2002-07-13', 'Male', '9876500383', 'Pathshala Hostel Block D, Room 498', 4, 4, 8, '2022', 'student383.personal@gmail.com', '2221383.civ@pathshala.edu.in', '9123400383', 'Vijay Gupta', 'Clerk', 'Meena Gupta', 'Business Owner', '123, MG Road, Sector 4, Bangalore, Karnataka', 'Pathshala Hostel Block D, Room 498', 'AB-', 'A');
INSERT INTO users (id, role_id, username, email, password_hash, is_active) VALUES (437, 4, 'student384', '2221384.civ@pathshala.edu.in', '$2b$12$cmgDkq6jIKqKJhfp5NtXte6qOIpuYQVyNo0JGROE.lE83pi2rEZWm', 1);
INSERT INTO student_profiles (id, user_id, roll_no, enrollment_no, first_name, last_name, dob, gender, phone, address, dept_id, course_id, current_semester, batch, personal_email, pathshala_email, alternative_phone, father_name, father_occupation, mother_name, mother_occupation, permanent_address, current_address, blood_group, section) VALUES (384, 437, '2221384', 'ENR-2221384', 'Advika', 'Sen', '2002-01-08', 'Female', '9876500384', 'Pathshala Hostel Block D, Room 456', 4, 4, 8, '2022', 'student384.personal@gmail.com', '2221384.civ@pathshala.edu.in', '9123400384', 'Ramesh Sen', 'Consultant', 'Lata Sen', 'Doctor', 'Sector 15, Noida, Uttar Pradesh', 'Pathshala Hostel Block D, Room 456', 'A-', 'B');
INSERT INTO users (id, role_id, username, email, password_hash, is_active) VALUES (438, 4, 'student385', '2221385.bba@pathshala.edu.in', '$2b$12$cmgDkq6jIKqKJhfp5NtXte6qOIpuYQVyNo0JGROE.lE83pi2rEZWm', 1);
INSERT INTO student_profiles (id, user_id, roll_no, enrollment_no, first_name, last_name, dob, gender, phone, address, dept_id, course_id, current_semester, batch, personal_email, pathshala_email, alternative_phone, father_name, father_occupation, mother_name, mother_occupation, permanent_address, current_address, blood_group, section) VALUES (385, 438, '2221385', 'ENR-2221385', 'Ira', 'Rao', '2002-07-11', 'Female', '9876500385', 'Pathshala Hostel Block A, Room 168', 5, 5, 1, '2025', 'student385.personal@gmail.com', '2221385.bba@pathshala.edu.in', '9123400385', 'Deepak Rao', 'Farmer', 'Lata Rao', 'Manager', '99, Gachibowli, Hyderabad, Telangana', 'Pathshala Hostel Block A, Room 168', 'B-', 'A');
INSERT INTO users (id, role_id, username, email, password_hash, is_active) VALUES (439, 4, 'student386', '2221386.bba@pathshala.edu.in', '$2b$12$cmgDkq6jIKqKJhfp5NtXte6qOIpuYQVyNo0JGROE.lE83pi2rEZWm', 1);
INSERT INTO student_profiles (id, user_id, roll_no, enrollment_no, first_name, last_name, dob, gender, phone, address, dept_id, course_id, current_semester, batch, personal_email, pathshala_email, alternative_phone, father_name, father_occupation, mother_name, mother_occupation, permanent_address, current_address, blood_group, section) VALUES (386, 439, '2221386', 'ENR-2221386', 'Harsh', 'Shah', '2003-08-13', 'Female', '9876500386', 'Pathshala Hostel Block C, Room 229', 5, 5, 1, '2025', 'student386.personal@gmail.com', '2221386.bba@pathshala.edu.in', '9123400386', 'Mahesh Shah', 'Homemaker', 'Aarti Shah', 'Teacher', '99, Gachibowli, Hyderabad, Telangana', 'Pathshala Hostel Block C, Room 229', 'O-', 'B');
INSERT INTO users (id, role_id, username, email, password_hash, is_active) VALUES (440, 4, 'student387', '2221387.bba@pathshala.edu.in', '$2b$12$cmgDkq6jIKqKJhfp5NtXte6qOIpuYQVyNo0JGROE.lE83pi2rEZWm', 1);
INSERT INTO student_profiles (id, user_id, roll_no, enrollment_no, first_name, last_name, dob, gender, phone, address, dept_id, course_id, current_semester, batch, personal_email, pathshala_email, alternative_phone, father_name, father_occupation, mother_name, mother_occupation, permanent_address, current_address, blood_group, section) VALUES (387, 440, '2221387', 'ENR-2221387', 'Vikas', 'Banerjee', '2004-09-10', 'Female', '9876500387', 'Pathshala Hostel Block B, Room 250', 5, 5, 2, '2025', 'student387.personal@gmail.com', '2221387.bba@pathshala.edu.in', '9123400387', 'Rajesh Banerjee', 'Engineer', 'Rekha Banerjee', 'Manager', '123, MG Road, Sector 4, Bangalore, Karnataka', 'Pathshala Hostel Block B, Room 250', 'A-', 'A');
INSERT INTO users (id, role_id, username, email, password_hash, is_active) VALUES (441, 4, 'student388', '2221388.bba@pathshala.edu.in', '$2b$12$cmgDkq6jIKqKJhfp5NtXte6qOIpuYQVyNo0JGROE.lE83pi2rEZWm', 1);
INSERT INTO student_profiles (id, user_id, roll_no, enrollment_no, first_name, last_name, dob, gender, phone, address, dept_id, course_id, current_semester, batch, personal_email, pathshala_email, alternative_phone, father_name, father_occupation, mother_name, mother_occupation, permanent_address, current_address, blood_group, section) VALUES (388, 441, '2221388', 'ENR-2221388', 'Krishna', 'Sharma', '2004-06-21', 'Female', '9876500388', 'Pathshala Hostel Block B, Room 134', 5, 5, 2, '2025', 'student388.personal@gmail.com', '2221388.bba@pathshala.edu.in', '9123400388', 'Mahesh Sharma', 'Clerk', 'Kavita Sharma', 'Clerk', '99, Gachibowli, Hyderabad, Telangana', 'Pathshala Hostel Block B, Room 134', 'AB+', 'B');
INSERT INTO users (id, role_id, username, email, password_hash, is_active) VALUES (442, 4, 'student389', '2221389.bba@pathshala.edu.in', '$2b$12$cmgDkq6jIKqKJhfp5NtXte6qOIpuYQVyNo0JGROE.lE83pi2rEZWm', 1);
INSERT INTO student_profiles (id, user_id, roll_no, enrollment_no, first_name, last_name, dob, gender, phone, address, dept_id, course_id, current_semester, batch, personal_email, pathshala_email, alternative_phone, father_name, father_occupation, mother_name, mother_occupation, permanent_address, current_address, blood_group, section) VALUES (389, 442, '2221389', 'ENR-2221389', 'Rahul', 'Bose', '2003-02-11', 'Female', '9876500389', 'Pathshala Hostel Block C, Room 415', 5, 5, 3, '2024', 'student389.personal@gmail.com', '2221389.bba@pathshala.edu.in', '9123400389', 'Manoj Bose', 'Consultant', 'Pooja Bose', 'Homemaker', '45, Park Street, Kolkata, West Bengal', 'Pathshala Hostel Block C, Room 415', 'O+', 'A');
INSERT INTO users (id, role_id, username, email, password_hash, is_active) VALUES (443, 4, 'student390', '2221390.bba@pathshala.edu.in', '$2b$12$cmgDkq6jIKqKJhfp5NtXte6qOIpuYQVyNo0JGROE.lE83pi2rEZWm', 1);
INSERT INTO student_profiles (id, user_id, roll_no, enrollment_no, first_name, last_name, dob, gender, phone, address, dept_id, course_id, current_semester, batch, personal_email, pathshala_email, alternative_phone, father_name, father_occupation, mother_name, mother_occupation, permanent_address, current_address, blood_group, section) VALUES (390, 443, '2221390', 'ENR-2221390', 'Aditya', 'Joshi', '2004-09-23', 'Male', '9876500390', 'Pathshala Hostel Block C, Room 288', 5, 5, 3, '2024', 'student390.personal@gmail.com', '2221390.bba@pathshala.edu.in', '9123400390', 'Alok Joshi', 'Retired', 'Geeta Joshi', 'Engineer', 'Civil Lines, Jaipur, Rajasthan', 'Pathshala Hostel Block C, Room 288', 'B-', 'B');
INSERT INTO users (id, role_id, username, email, password_hash, is_active) VALUES (444, 4, 'student391', '2221391.bba@pathshala.edu.in', '$2b$12$cmgDkq6jIKqKJhfp5NtXte6qOIpuYQVyNo0JGROE.lE83pi2rEZWm', 1);
INSERT INTO student_profiles (id, user_id, roll_no, enrollment_no, first_name, last_name, dob, gender, phone, address, dept_id, course_id, current_semester, batch, personal_email, pathshala_email, alternative_phone, father_name, father_occupation, mother_name, mother_occupation, permanent_address, current_address, blood_group, section) VALUES (391, 444, '2221391', 'ENR-2221391', 'Shaurya', 'Sharma', '2002-02-24', 'Female', '9876500391', 'Pathshala Hostel Block C, Room 410', 5, 5, 4, '2024', 'student391.personal@gmail.com', '2221391.bba@pathshala.edu.in', '9123400391', 'Suresh Sharma', 'Engineer', 'Aarti Sharma', 'Homemaker', '78, Anna Salai, Chennai, Tamil Nadu', 'Pathshala Hostel Block C, Room 410', 'O+', 'A');
INSERT INTO users (id, role_id, username, email, password_hash, is_active) VALUES (445, 4, 'student392', '2221392.bba@pathshala.edu.in', '$2b$12$cmgDkq6jIKqKJhfp5NtXte6qOIpuYQVyNo0JGROE.lE83pi2rEZWm', 1);
INSERT INTO student_profiles (id, user_id, roll_no, enrollment_no, first_name, last_name, dob, gender, phone, address, dept_id, course_id, current_semester, batch, personal_email, pathshala_email, alternative_phone, father_name, father_occupation, mother_name, mother_occupation, permanent_address, current_address, blood_group, section) VALUES (392, 445, '2221392', 'ENR-2221392', 'Divya', 'Kapoor', '2002-12-17', 'Female', '9876500392', 'Pathshala Hostel Block A, Room 105', 5, 5, 4, '2024', 'student392.personal@gmail.com', '2221392.bba@pathshala.edu.in', '9123400392', 'Mahesh Kapoor', 'Business Owner', 'Pushpa Kapoor', 'Engineer', '123, MG Road, Sector 4, Bangalore, Karnataka', 'Pathshala Hostel Block A, Room 105', 'AB-', 'B');
INSERT INTO users (id, role_id, username, email, password_hash, is_active) VALUES (446, 4, 'student393', '2221393.bba@pathshala.edu.in', '$2b$12$cmgDkq6jIKqKJhfp5NtXte6qOIpuYQVyNo0JGROE.lE83pi2rEZWm', 1);
INSERT INTO student_profiles (id, user_id, roll_no, enrollment_no, first_name, last_name, dob, gender, phone, address, dept_id, course_id, current_semester, batch, personal_email, pathshala_email, alternative_phone, father_name, father_occupation, mother_name, mother_occupation, permanent_address, current_address, blood_group, section) VALUES (393, 446, '2221393', 'ENR-2221393', 'Diya', 'Iyer', '2004-08-28', 'Female', '9876500393', 'Pathshala Hostel Block C, Room 367', 5, 5, 5, '2023', 'student393.personal@gmail.com', '2221393.bba@pathshala.edu.in', '9123400393', 'Dinesh Iyer', 'Retired', 'Asha Iyer', 'Private Service', 'Sector 15, Noida, Uttar Pradesh', 'Pathshala Hostel Block C, Room 367', 'O+', 'A');
INSERT INTO users (id, role_id, username, email, password_hash, is_active) VALUES (447, 4, 'student394', '2221394.bba@pathshala.edu.in', '$2b$12$cmgDkq6jIKqKJhfp5NtXte6qOIpuYQVyNo0JGROE.lE83pi2rEZWm', 1);
INSERT INTO student_profiles (id, user_id, roll_no, enrollment_no, first_name, last_name, dob, gender, phone, address, dept_id, course_id, current_semester, batch, personal_email, pathshala_email, alternative_phone, father_name, father_occupation, mother_name, mother_occupation, permanent_address, current_address, blood_group, section) VALUES (394, 447, '2221394', 'ENR-2221394', 'Riya', 'Kapoor', '2002-10-10', 'Female', '9876500394', 'Pathshala Hostel Block A, Room 339', 5, 5, 5, '2023', 'student394.personal@gmail.com', '2221394.bba@pathshala.edu.in', '9123400394', 'Manoj Kapoor', 'Doctor', 'Asha Kapoor', 'Doctor', '78, Anna Salai, Chennai, Tamil Nadu', 'Pathshala Hostel Block A, Room 339', 'A-', 'B');
INSERT INTO users (id, role_id, username, email, password_hash, is_active) VALUES (448, 4, 'student395', '2221395.bba@pathshala.edu.in', '$2b$12$cmgDkq6jIKqKJhfp5NtXte6qOIpuYQVyNo0JGROE.lE83pi2rEZWm', 1);
INSERT INTO student_profiles (id, user_id, roll_no, enrollment_no, first_name, last_name, dob, gender, phone, address, dept_id, course_id, current_semester, batch, personal_email, pathshala_email, alternative_phone, father_name, father_occupation, mother_name, mother_occupation, permanent_address, current_address, blood_group, section) VALUES (395, 448, '2221395', 'ENR-2221395', 'Kavita', 'Patil', '2002-03-02', 'Male', '9876500395', 'Pathshala Hostel Block D, Room 422', 5, 5, 6, '2023', 'student395.personal@gmail.com', '2221395.bba@pathshala.edu.in', '9123400395', 'Manoj Patil', 'Engineer', 'Kiran Patil', 'Clerk', '45, Park Street, Kolkata, West Bengal', 'Pathshala Hostel Block D, Room 422', 'A-', 'A');
INSERT INTO users (id, role_id, username, email, password_hash, is_active) VALUES (449, 4, 'student396', '2221396.bba@pathshala.edu.in', '$2b$12$cmgDkq6jIKqKJhfp5NtXte6qOIpuYQVyNo0JGROE.lE83pi2rEZWm', 1);
INSERT INTO student_profiles (id, user_id, roll_no, enrollment_no, first_name, last_name, dob, gender, phone, address, dept_id, course_id, current_semester, batch, personal_email, pathshala_email, alternative_phone, father_name, father_occupation, mother_name, mother_occupation, permanent_address, current_address, blood_group, section) VALUES (396, 449, '2221396', 'ENR-2221396', 'Sunil', 'Patil', '2003-01-19', 'Female', '9876500396', 'Pathshala Hostel Block C, Room 255', 5, 5, 6, '2023', 'student396.personal@gmail.com', '2221396.bba@pathshala.edu.in', '9123400396', 'Sunil Patil', 'Private Service', 'Kiran Patil', 'Doctor', 'Mall Road, Shimla, Himachal Pradesh', 'Pathshala Hostel Block C, Room 255', 'AB+', 'B');
INSERT INTO users (id, role_id, username, email, password_hash, is_active) VALUES (450, 4, 'student397', '2221397.bba@pathshala.edu.in', '$2b$12$cmgDkq6jIKqKJhfp5NtXte6qOIpuYQVyNo0JGROE.lE83pi2rEZWm', 1);
INSERT INTO student_profiles (id, user_id, roll_no, enrollment_no, first_name, last_name, dob, gender, phone, address, dept_id, course_id, current_semester, batch, personal_email, pathshala_email, alternative_phone, father_name, father_occupation, mother_name, mother_occupation, permanent_address, current_address, blood_group, section) VALUES (397, 450, '2221397', 'ENR-2221397', 'Aayush', 'Bose', '2003-01-07', 'Female', '9876500397', 'Pathshala Hostel Block C, Room 460', 5, 5, 7, '2022', 'student397.personal@gmail.com', '2221397.bba@pathshala.edu.in', '9123400397', 'Ramesh Bose', 'Teacher', 'Pushpa Bose', 'Government Service', 'Mall Road, Shimla, Himachal Pradesh', 'Pathshala Hostel Block C, Room 460', 'O-', 'A');
INSERT INTO users (id, role_id, username, email, password_hash, is_active) VALUES (451, 4, 'student398', '2221398.bba@pathshala.edu.in', '$2b$12$cmgDkq6jIKqKJhfp5NtXte6qOIpuYQVyNo0JGROE.lE83pi2rEZWm', 1);
INSERT INTO student_profiles (id, user_id, roll_no, enrollment_no, first_name, last_name, dob, gender, phone, address, dept_id, course_id, current_semester, batch, personal_email, pathshala_email, alternative_phone, father_name, father_occupation, mother_name, mother_occupation, permanent_address, current_address, blood_group, section) VALUES (398, 451, '2221398', 'ENR-2221398', 'Ira', 'Gupta', '2003-02-21', 'Female', '9876500398', 'Pathshala Hostel Block A, Room 122', 5, 5, 7, '2022', 'student398.personal@gmail.com', '2221398.bba@pathshala.edu.in', '9123400398', 'Suresh Gupta', 'Government Service', 'Meena Gupta', 'Doctor', '45, Park Street, Kolkata, West Bengal', 'Pathshala Hostel Block A, Room 122', 'B+', 'B');
INSERT INTO users (id, role_id, username, email, password_hash, is_active) VALUES (452, 4, 'student399', '2221399.bba@pathshala.edu.in', '$2b$12$cmgDkq6jIKqKJhfp5NtXte6qOIpuYQVyNo0JGROE.lE83pi2rEZWm', 1);
INSERT INTO student_profiles (id, user_id, roll_no, enrollment_no, first_name, last_name, dob, gender, phone, address, dept_id, course_id, current_semester, batch, personal_email, pathshala_email, alternative_phone, father_name, father_occupation, mother_name, mother_occupation, permanent_address, current_address, blood_group, section) VALUES (399, 452, '2221399', 'ENR-2221399', 'Myra', 'Rao', '2003-12-16', 'Male', '9876500399', 'Pathshala Hostel Block A, Room 276', 5, 5, 8, '2022', 'student399.personal@gmail.com', '2221399.bba@pathshala.edu.in', '9123400399', 'Dinesh Rao', 'Private Service', 'Aarti Rao', 'Farmer', 'Sector 15, Noida, Uttar Pradesh', 'Pathshala Hostel Block A, Room 276', 'A-', 'A');
INSERT INTO users (id, role_id, username, email, password_hash, is_active) VALUES (453, 4, 'student400', '2221400.bba@pathshala.edu.in', '$2b$12$cmgDkq6jIKqKJhfp5NtXte6qOIpuYQVyNo0JGROE.lE83pi2rEZWm', 1);
INSERT INTO student_profiles (id, user_id, roll_no, enrollment_no, first_name, last_name, dob, gender, phone, address, dept_id, course_id, current_semester, batch, personal_email, pathshala_email, alternative_phone, father_name, father_occupation, mother_name, mother_occupation, permanent_address, current_address, blood_group, section) VALUES (400, 453, '2221400', 'ENR-2221400', 'Pooja', 'Mehta', '2003-11-15', 'Female', '9876500400', 'Pathshala Hostel Block D, Room 315', 5, 5, 8, '2022', 'student400.personal@gmail.com', '2221400.bba@pathshala.edu.in', '9123400400', 'Ramesh Mehta', 'Manager', 'Geeta Mehta', 'Teacher', 'Kadam Kuan, Patna, Bihar', 'Pathshala Hostel Block D, Room 315', 'O-', 'B');
INSERT INTO users (id, role_id, username, email, password_hash, is_active) VALUES (454, 4, 'student401', '2221401.cse@pathshala.edu.in', '$2b$12$cmgDkq6jIKqKJhfp5NtXte6qOIpuYQVyNo0JGROE.lE83pi2rEZWm', 1);
INSERT INTO student_profiles (id, user_id, roll_no, enrollment_no, first_name, last_name, dob, gender, phone, address, dept_id, course_id, current_semester, batch, personal_email, pathshala_email, alternative_phone, father_name, father_occupation, mother_name, mother_occupation, permanent_address, current_address, blood_group, section) VALUES (401, 454, '2221401', 'ENR-2221401', 'Aarav', 'Desai', '2004-06-15', 'Female', '9876500401', 'Pathshala Hostel Block D, Room 136', 1, 1, 1, '2025', 'student401.personal@gmail.com', '2221401.cse@pathshala.edu.in', '9123400401', 'Mahesh Desai', 'Farmer', 'Shanti Desai', 'Private Service', 'Salt Lake, Sector V, Kolkata', 'Pathshala Hostel Block D, Room 136', 'A-', 'A');
INSERT INTO users (id, role_id, username, email, password_hash, is_active) VALUES (455, 4, 'student402', '2221402.cse@pathshala.edu.in', '$2b$12$cmgDkq6jIKqKJhfp5NtXte6qOIpuYQVyNo0JGROE.lE83pi2rEZWm', 1);
INSERT INTO student_profiles (id, user_id, roll_no, enrollment_no, first_name, last_name, dob, gender, phone, address, dept_id, course_id, current_semester, batch, personal_email, pathshala_email, alternative_phone, father_name, father_occupation, mother_name, mother_occupation, permanent_address, current_address, blood_group, section) VALUES (402, 455, '2221402', 'ENR-2221402', 'Vivaan', 'Kumar', '2003-03-09', 'Female', '9876500402', 'Pathshala Hostel Block C, Room 239', 1, 1, 1, '2025', 'student402.personal@gmail.com', '2221402.cse@pathshala.edu.in', '9123400402', 'Vinod Kumar', 'Consultant', 'Anita Kumar', 'Clerk', '123, MG Road, Sector 4, Bangalore, Karnataka', 'Pathshala Hostel Block C, Room 239', 'B+', 'B');
INSERT INTO users (id, role_id, username, email, password_hash, is_active) VALUES (456, 4, 'student403', '2221403.cse@pathshala.edu.in', '$2b$12$cmgDkq6jIKqKJhfp5NtXte6qOIpuYQVyNo0JGROE.lE83pi2rEZWm', 1);
INSERT INTO student_profiles (id, user_id, roll_no, enrollment_no, first_name, last_name, dob, gender, phone, address, dept_id, course_id, current_semester, batch, personal_email, pathshala_email, alternative_phone, father_name, father_occupation, mother_name, mother_occupation, permanent_address, current_address, blood_group, section) VALUES (403, 456, '2221403', 'ENR-2221403', 'Pooja', 'Pillai', '2003-09-30', 'Male', '9876500403', 'Pathshala Hostel Block C, Room 368', 1, 1, 2, '2025', 'student403.personal@gmail.com', '2221403.cse@pathshala.edu.in', '9123400403', 'Deepak Pillai', 'Clerk', 'Asha Pillai', 'Doctor', 'Salt Lake, Sector V, Kolkata', 'Pathshala Hostel Block C, Room 368', 'B+', 'A');
INSERT INTO users (id, role_id, username, email, password_hash, is_active) VALUES (457, 4, 'student404', '2221404.cse@pathshala.edu.in', '$2b$12$cmgDkq6jIKqKJhfp5NtXte6qOIpuYQVyNo0JGROE.lE83pi2rEZWm', 1);
INSERT INTO student_profiles (id, user_id, roll_no, enrollment_no, first_name, last_name, dob, gender, phone, address, dept_id, course_id, current_semester, batch, personal_email, pathshala_email, alternative_phone, father_name, father_occupation, mother_name, mother_occupation, permanent_address, current_address, blood_group, section) VALUES (404, 457, '2221404', 'ENR-2221404', 'Karan', 'Mehta', '2002-06-19', 'Female', '9876500404', 'Pathshala Hostel Block D, Room 329', 1, 1, 2, '2025', 'student404.personal@gmail.com', '2221404.cse@pathshala.edu.in', '9123400404', 'Sunil Mehta', 'Consultant', 'Aarti Mehta', 'Farmer', '12, Marine Drive, Mumbai, Maharashtra', 'Pathshala Hostel Block D, Room 329', 'A+', 'B');
INSERT INTO users (id, role_id, username, email, password_hash, is_active) VALUES (458, 4, 'student405', '2221405.cse@pathshala.edu.in', '$2b$12$cmgDkq6jIKqKJhfp5NtXte6qOIpuYQVyNo0JGROE.lE83pi2rEZWm', 1);
INSERT INTO student_profiles (id, user_id, roll_no, enrollment_no, first_name, last_name, dob, gender, phone, address, dept_id, course_id, current_semester, batch, personal_email, pathshala_email, alternative_phone, father_name, father_occupation, mother_name, mother_occupation, permanent_address, current_address, blood_group, section) VALUES (405, 458, '2221405', 'ENR-2221405', 'Aaradhya', 'Sharma', '2003-02-01', 'Male', '9876500405', 'Pathshala Hostel Block B, Room 350', 1, 1, 3, '2024', 'student405.personal@gmail.com', '2221405.cse@pathshala.edu.in', '9123400405', 'Suresh Sharma', 'Manager', 'Kavita Sharma', 'Private Service', 'Salt Lake, Sector V, Kolkata', 'Pathshala Hostel Block B, Room 350', 'AB+', 'A');
INSERT INTO users (id, role_id, username, email, password_hash, is_active) VALUES (459, 4, 'student406', '2221406.cse@pathshala.edu.in', '$2b$12$cmgDkq6jIKqKJhfp5NtXte6qOIpuYQVyNo0JGROE.lE83pi2rEZWm', 1);
INSERT INTO student_profiles (id, user_id, roll_no, enrollment_no, first_name, last_name, dob, gender, phone, address, dept_id, course_id, current_semester, batch, personal_email, pathshala_email, alternative_phone, father_name, father_occupation, mother_name, mother_occupation, permanent_address, current_address, blood_group, section) VALUES (406, 459, '2221406', 'ENR-2221406', 'Vihaan', 'Joshi', '2002-12-25', 'Male', '9876500406', 'Pathshala Hostel Block A, Room 448', 1, 1, 3, '2024', 'student406.personal@gmail.com', '2221406.cse@pathshala.edu.in', '9123400406', 'Suresh Joshi', 'Consultant', 'Anita Joshi', 'Retired', 'Salt Lake, Sector V, Kolkata', 'Pathshala Hostel Block A, Room 448', 'O+', 'B');
INSERT INTO users (id, role_id, username, email, password_hash, is_active) VALUES (460, 4, 'student407', '2221407.cse@pathshala.edu.in', '$2b$12$cmgDkq6jIKqKJhfp5NtXte6qOIpuYQVyNo0JGROE.lE83pi2rEZWm', 1);
INSERT INTO student_profiles (id, user_id, roll_no, enrollment_no, first_name, last_name, dob, gender, phone, address, dept_id, course_id, current_semester, batch, personal_email, pathshala_email, alternative_phone, father_name, father_occupation, mother_name, mother_occupation, permanent_address, current_address, blood_group, section) VALUES (407, 460, '2221407', 'ENR-2221407', 'Anil', 'Bose', '2004-09-14', 'Female', '9876500407', 'Pathshala Hostel Block C, Room 271', 1, 1, 4, '2024', 'student407.personal@gmail.com', '2221407.cse@pathshala.edu.in', '9123400407', 'Vinod Bose', 'Teacher', 'Aarti Bose', 'Farmer', '99, Gachibowli, Hyderabad, Telangana', 'Pathshala Hostel Block C, Room 271', 'O+', 'A');
INSERT INTO users (id, role_id, username, email, password_hash, is_active) VALUES (461, 4, 'student408', '2221408.cse@pathshala.edu.in', '$2b$12$cmgDkq6jIKqKJhfp5NtXte6qOIpuYQVyNo0JGROE.lE83pi2rEZWm', 1);
INSERT INTO student_profiles (id, user_id, roll_no, enrollment_no, first_name, last_name, dob, gender, phone, address, dept_id, course_id, current_semester, batch, personal_email, pathshala_email, alternative_phone, father_name, father_occupation, mother_name, mother_occupation, permanent_address, current_address, blood_group, section) VALUES (408, 461, '2221408', 'ENR-2221408', 'Neha', 'Mishra', '2004-05-05', 'Male', '9876500408', 'Pathshala Hostel Block B, Room 438', 1, 1, 4, '2024', 'student408.personal@gmail.com', '2221408.cse@pathshala.edu.in', '9123400408', 'Mahesh Mishra', 'Retired', 'Sunita Mishra', 'Homemaker', '99, Gachibowli, Hyderabad, Telangana', 'Pathshala Hostel Block B, Room 438', 'B+', 'B');
INSERT INTO users (id, role_id, username, email, password_hash, is_active) VALUES (462, 4, 'student409', '2221409.cse@pathshala.edu.in', '$2b$12$cmgDkq6jIKqKJhfp5NtXte6qOIpuYQVyNo0JGROE.lE83pi2rEZWm', 1);
INSERT INTO student_profiles (id, user_id, roll_no, enrollment_no, first_name, last_name, dob, gender, phone, address, dept_id, course_id, current_semester, batch, personal_email, pathshala_email, alternative_phone, father_name, father_occupation, mother_name, mother_occupation, permanent_address, current_address, blood_group, section) VALUES (409, 462, '2221409', 'ENR-2221409', 'Aarav', 'Singh', '2004-03-08', 'Male', '9876500409', 'Pathshala Hostel Block A, Room 305', 1, 1, 5, '2023', 'student409.personal@gmail.com', '2221409.cse@pathshala.edu.in', '9123400409', 'Ashok Singh', 'Government Service', 'Pushpa Singh', 'Farmer', '45, Park Street, Kolkata, West Bengal', 'Pathshala Hostel Block A, Room 305', 'B+', 'A');
INSERT INTO users (id, role_id, username, email, password_hash, is_active) VALUES (463, 4, 'student410', '2221410.cse@pathshala.edu.in', '$2b$12$cmgDkq6jIKqKJhfp5NtXte6qOIpuYQVyNo0JGROE.lE83pi2rEZWm', 1);
INSERT INTO student_profiles (id, user_id, roll_no, enrollment_no, first_name, last_name, dob, gender, phone, address, dept_id, course_id, current_semester, batch, personal_email, pathshala_email, alternative_phone, father_name, father_occupation, mother_name, mother_occupation, permanent_address, current_address, blood_group, section) VALUES (410, 463, '2221410', 'ENR-2221410', 'Nikhil', 'Desai', '2003-09-12', 'Female', '9876500410', 'Pathshala Hostel Block C, Room 223', 1, 1, 5, '2023', 'student410.personal@gmail.com', '2221410.cse@pathshala.edu.in', '9123400410', 'Sanjay Desai', 'Consultant', 'Rekha Desai', 'Homemaker', 'Sector 15, Noida, Uttar Pradesh', 'Pathshala Hostel Block C, Room 223', 'A+', 'B');
INSERT INTO users (id, role_id, username, email, password_hash, is_active) VALUES (464, 4, 'student411', '2221411.cse@pathshala.edu.in', '$2b$12$cmgDkq6jIKqKJhfp5NtXte6qOIpuYQVyNo0JGROE.lE83pi2rEZWm', 1);
INSERT INTO student_profiles (id, user_id, roll_no, enrollment_no, first_name, last_name, dob, gender, phone, address, dept_id, course_id, current_semester, batch, personal_email, pathshala_email, alternative_phone, father_name, father_occupation, mother_name, mother_occupation, permanent_address, current_address, blood_group, section) VALUES (411, 464, '2221411', 'ENR-2221411', 'Reyansh', 'Rao', '2004-06-12', 'Female', '9876500411', 'Pathshala Hostel Block D, Room 168', 1, 1, 6, '2023', 'student411.personal@gmail.com', '2221411.cse@pathshala.edu.in', '9123400411', 'Dinesh Rao', 'Manager', 'Pooja Rao', 'Engineer', '12, Marine Drive, Mumbai, Maharashtra', 'Pathshala Hostel Block D, Room 168', 'O+', 'A');
INSERT INTO users (id, role_id, username, email, password_hash, is_active) VALUES (465, 4, 'student412', '2221412.cse@pathshala.edu.in', '$2b$12$cmgDkq6jIKqKJhfp5NtXte6qOIpuYQVyNo0JGROE.lE83pi2rEZWm', 1);
INSERT INTO student_profiles (id, user_id, roll_no, enrollment_no, first_name, last_name, dob, gender, phone, address, dept_id, course_id, current_semester, batch, personal_email, pathshala_email, alternative_phone, father_name, father_occupation, mother_name, mother_occupation, permanent_address, current_address, blood_group, section) VALUES (412, 465, '2221412', 'ENR-2221412', 'Rajesh', 'Gupta', '2003-02-15', 'Male', '9876500412', 'Pathshala Hostel Block A, Room 282', 1, 1, 6, '2023', 'student412.personal@gmail.com', '2221412.cse@pathshala.edu.in', '9123400412', 'Vinod Gupta', 'Doctor', 'Pooja Gupta', 'Homemaker', '123, MG Road, Sector 4, Bangalore, Karnataka', 'Pathshala Hostel Block A, Room 282', 'O-', 'B');
INSERT INTO users (id, role_id, username, email, password_hash, is_active) VALUES (466, 4, 'student413', '2221413.cse@pathshala.edu.in', '$2b$12$cmgDkq6jIKqKJhfp5NtXte6qOIpuYQVyNo0JGROE.lE83pi2rEZWm', 1);
INSERT INTO student_profiles (id, user_id, roll_no, enrollment_no, first_name, last_name, dob, gender, phone, address, dept_id, course_id, current_semester, batch, personal_email, pathshala_email, alternative_phone, father_name, father_occupation, mother_name, mother_occupation, permanent_address, current_address, blood_group, section) VALUES (413, 466, '2221413', 'ENR-2221413', 'Karan', 'Kumar', '2003-11-30', 'Male', '9876500413', 'Pathshala Hostel Block A, Room 373', 1, 1, 7, '2022', 'student413.personal@gmail.com', '2221413.cse@pathshala.edu.in', '9123400413', 'Satish Kumar', 'Engineer', 'Pooja Kumar', 'Business Owner', 'Kadam Kuan, Patna, Bihar', 'Pathshala Hostel Block A, Room 373', 'A+', 'A');
INSERT INTO users (id, role_id, username, email, password_hash, is_active) VALUES (467, 4, 'student414', '2221414.cse@pathshala.edu.in', '$2b$12$cmgDkq6jIKqKJhfp5NtXte6qOIpuYQVyNo0JGROE.lE83pi2rEZWm', 1);
INSERT INTO student_profiles (id, user_id, roll_no, enrollment_no, first_name, last_name, dob, gender, phone, address, dept_id, course_id, current_semester, batch, personal_email, pathshala_email, alternative_phone, father_name, father_occupation, mother_name, mother_occupation, permanent_address, current_address, blood_group, section) VALUES (414, 467, '2221414', 'ENR-2221414', 'Simran', 'Singh', '2002-12-27', 'Female', '9876500414', 'Pathshala Hostel Block D, Room 395', 1, 1, 7, '2022', 'student414.personal@gmail.com', '2221414.cse@pathshala.edu.in', '9123400414', 'Harish Singh', 'Farmer', 'Sunita Singh', 'Private Service', 'Salt Lake, Sector V, Kolkata', 'Pathshala Hostel Block D, Room 395', 'AB+', 'B');
INSERT INTO users (id, role_id, username, email, password_hash, is_active) VALUES (468, 4, 'student415', '2221415.cse@pathshala.edu.in', '$2b$12$cmgDkq6jIKqKJhfp5NtXte6qOIpuYQVyNo0JGROE.lE83pi2rEZWm', 1);
INSERT INTO student_profiles (id, user_id, roll_no, enrollment_no, first_name, last_name, dob, gender, phone, address, dept_id, course_id, current_semester, batch, personal_email, pathshala_email, alternative_phone, father_name, father_occupation, mother_name, mother_occupation, permanent_address, current_address, blood_group, section) VALUES (415, 468, '2221415', 'ENR-2221415', 'Arnav', 'Das', '2002-02-07', 'Male', '9876500415', 'Pathshala Hostel Block B, Room 304', 1, 1, 8, '2022', 'student415.personal@gmail.com', '2221415.cse@pathshala.edu.in', '9123400415', 'Ashok Das', 'Farmer', 'Rekha Das', 'Engineer', 'Mall Road, Shimla, Himachal Pradesh', 'Pathshala Hostel Block B, Room 304', 'O+', 'A');
INSERT INTO users (id, role_id, username, email, password_hash, is_active) VALUES (469, 4, 'student416', '2221416.cse@pathshala.edu.in', '$2b$12$cmgDkq6jIKqKJhfp5NtXte6qOIpuYQVyNo0JGROE.lE83pi2rEZWm', 1);
INSERT INTO student_profiles (id, user_id, roll_no, enrollment_no, first_name, last_name, dob, gender, phone, address, dept_id, course_id, current_semester, batch, personal_email, pathshala_email, alternative_phone, father_name, father_occupation, mother_name, mother_occupation, permanent_address, current_address, blood_group, section) VALUES (416, 469, '2221416', 'ENR-2221416', 'Ishita', 'Gupta', '2003-02-18', 'Male', '9876500416', 'Pathshala Hostel Block D, Room 462', 1, 1, 8, '2022', 'student416.personal@gmail.com', '2221416.cse@pathshala.edu.in', '9123400416', 'Harish Gupta', 'Homemaker', 'Geeta Gupta', 'Private Service', '12, Marine Drive, Mumbai, Maharashtra', 'Pathshala Hostel Block D, Room 462', 'O-', 'B');
INSERT INTO users (id, role_id, username, email, password_hash, is_active) VALUES (470, 4, 'student417', '2221417.ece@pathshala.edu.in', '$2b$12$cmgDkq6jIKqKJhfp5NtXte6qOIpuYQVyNo0JGROE.lE83pi2rEZWm', 1);
INSERT INTO student_profiles (id, user_id, roll_no, enrollment_no, first_name, last_name, dob, gender, phone, address, dept_id, course_id, current_semester, batch, personal_email, pathshala_email, alternative_phone, father_name, father_occupation, mother_name, mother_occupation, permanent_address, current_address, blood_group, section) VALUES (417, 470, '2221417', 'ENR-2221417', 'Sai', 'Kumar', '2004-06-15', 'Female', '9876500417', 'Pathshala Hostel Block C, Room 181', 2, 2, 1, '2025', 'student417.personal@gmail.com', '2221417.ece@pathshala.edu.in', '9123400417', 'Harish Kumar', 'Teacher', 'Geeta Kumar', 'Private Service', 'Kadam Kuan, Patna, Bihar', 'Pathshala Hostel Block C, Room 181', 'O-', 'A');
INSERT INTO users (id, role_id, username, email, password_hash, is_active) VALUES (471, 4, 'student418', '2221418.ece@pathshala.edu.in', '$2b$12$cmgDkq6jIKqKJhfp5NtXte6qOIpuYQVyNo0JGROE.lE83pi2rEZWm', 1);
INSERT INTO student_profiles (id, user_id, roll_no, enrollment_no, first_name, last_name, dob, gender, phone, address, dept_id, course_id, current_semester, batch, personal_email, pathshala_email, alternative_phone, father_name, father_occupation, mother_name, mother_occupation, permanent_address, current_address, blood_group, section) VALUES (418, 471, '2221418', 'ENR-2221418', 'Divya', 'Chawla', '2003-01-15', 'Male', '9876500418', 'Pathshala Hostel Block C, Room 143', 2, 2, 1, '2025', 'student418.personal@gmail.com', '2221418.ece@pathshala.edu.in', '9123400418', 'Vinod Chawla', 'Farmer', 'Kavita Chawla', 'Consultant', '45, Park Street, Kolkata, West Bengal', 'Pathshala Hostel Block C, Room 143', 'AB+', 'B');
INSERT INTO users (id, role_id, username, email, password_hash, is_active) VALUES (472, 4, 'student419', '2221419.ece@pathshala.edu.in', '$2b$12$cmgDkq6jIKqKJhfp5NtXte6qOIpuYQVyNo0JGROE.lE83pi2rEZWm', 1);
INSERT INTO student_profiles (id, user_id, roll_no, enrollment_no, first_name, last_name, dob, gender, phone, address, dept_id, course_id, current_semester, batch, personal_email, pathshala_email, alternative_phone, father_name, father_occupation, mother_name, mother_occupation, permanent_address, current_address, blood_group, section) VALUES (419, 472, '2221419', 'ENR-2221419', 'Divya', 'Patel', '2003-11-09', 'Female', '9876500419', 'Pathshala Hostel Block C, Room 127', 2, 2, 2, '2025', 'student419.personal@gmail.com', '2221419.ece@pathshala.edu.in', '9123400419', 'Manoj Patel', 'Farmer', 'Rekha Patel', 'Doctor', '45, Park Street, Kolkata, West Bengal', 'Pathshala Hostel Block C, Room 127', 'A+', 'A');
INSERT INTO users (id, role_id, username, email, password_hash, is_active) VALUES (473, 4, 'student420', '2221420.ece@pathshala.edu.in', '$2b$12$cmgDkq6jIKqKJhfp5NtXte6qOIpuYQVyNo0JGROE.lE83pi2rEZWm', 1);
INSERT INTO student_profiles (id, user_id, roll_no, enrollment_no, first_name, last_name, dob, gender, phone, address, dept_id, course_id, current_semester, batch, personal_email, pathshala_email, alternative_phone, father_name, father_occupation, mother_name, mother_occupation, permanent_address, current_address, blood_group, section) VALUES (420, 473, '2221420', 'ENR-2221420', 'Vihaan', 'Sen', '2002-12-17', 'Male', '9876500420', 'Pathshala Hostel Block B, Room 263', 2, 2, 2, '2025', 'student420.personal@gmail.com', '2221420.ece@pathshala.edu.in', '9123400420', 'Manoj Sen', 'Manager', 'Lata Sen', 'Government Service', '12, Marine Drive, Mumbai, Maharashtra', 'Pathshala Hostel Block B, Room 263', 'B+', 'B');
INSERT INTO users (id, role_id, username, email, password_hash, is_active) VALUES (474, 4, 'student421', '2221421.ece@pathshala.edu.in', '$2b$12$cmgDkq6jIKqKJhfp5NtXte6qOIpuYQVyNo0JGROE.lE83pi2rEZWm', 1);
INSERT INTO student_profiles (id, user_id, roll_no, enrollment_no, first_name, last_name, dob, gender, phone, address, dept_id, course_id, current_semester, batch, personal_email, pathshala_email, alternative_phone, father_name, father_occupation, mother_name, mother_occupation, permanent_address, current_address, blood_group, section) VALUES (421, 474, '2221421', 'ENR-2221421', 'Shaurya', 'Kumar', '2003-03-27', 'Male', '9876500421', 'Pathshala Hostel Block D, Room 217', 2, 2, 3, '2024', 'student421.personal@gmail.com', '2221421.ece@pathshala.edu.in', '9123400421', 'Satish Kumar', 'Business Owner', 'Kiran Kumar', 'Government Service', 'Mall Road, Shimla, Himachal Pradesh', 'Pathshala Hostel Block D, Room 217', 'O+', 'A');
INSERT INTO users (id, role_id, username, email, password_hash, is_active) VALUES (475, 4, 'student422', '2221422.ece@pathshala.edu.in', '$2b$12$cmgDkq6jIKqKJhfp5NtXte6qOIpuYQVyNo0JGROE.lE83pi2rEZWm', 1);
INSERT INTO student_profiles (id, user_id, roll_no, enrollment_no, first_name, last_name, dob, gender, phone, address, dept_id, course_id, current_semester, batch, personal_email, pathshala_email, alternative_phone, father_name, father_occupation, mother_name, mother_occupation, permanent_address, current_address, blood_group, section) VALUES (422, 475, '2221422', 'ENR-2221422', 'Anvi', 'Patil', '2002-05-27', 'Female', '9876500422', 'Pathshala Hostel Block D, Room 131', 2, 2, 3, '2024', 'student422.personal@gmail.com', '2221422.ece@pathshala.edu.in', '9123400422', 'Sunil Patil', 'Teacher', 'Pushpa Patil', 'Teacher', 'Mall Road, Shimla, Himachal Pradesh', 'Pathshala Hostel Block D, Room 131', 'AB+', 'B');
INSERT INTO users (id, role_id, username, email, password_hash, is_active) VALUES (476, 4, 'student423', '2221423.ece@pathshala.edu.in', '$2b$12$cmgDkq6jIKqKJhfp5NtXte6qOIpuYQVyNo0JGROE.lE83pi2rEZWm', 1);
INSERT INTO student_profiles (id, user_id, roll_no, enrollment_no, first_name, last_name, dob, gender, phone, address, dept_id, course_id, current_semester, batch, personal_email, pathshala_email, alternative_phone, father_name, father_occupation, mother_name, mother_occupation, permanent_address, current_address, blood_group, section) VALUES (423, 476, '2221423', 'ENR-2221423', 'Amit', 'Das', '2002-05-20', 'Male', '9876500423', 'Pathshala Hostel Block B, Room 224', 2, 2, 4, '2024', 'student423.personal@gmail.com', '2221423.ece@pathshala.edu.in', '9123400423', 'Ramesh Das', 'Teacher', 'Kavita Das', 'Government Service', 'Civil Lines, Jaipur, Rajasthan', 'Pathshala Hostel Block B, Room 224', 'A+', 'A');
INSERT INTO users (id, role_id, username, email, password_hash, is_active) VALUES (477, 4, 'student424', '2221424.ece@pathshala.edu.in', '$2b$12$cmgDkq6jIKqKJhfp5NtXte6qOIpuYQVyNo0JGROE.lE83pi2rEZWm', 1);
INSERT INTO student_profiles (id, user_id, roll_no, enrollment_no, first_name, last_name, dob, gender, phone, address, dept_id, course_id, current_semester, batch, personal_email, pathshala_email, alternative_phone, father_name, father_occupation, mother_name, mother_occupation, permanent_address, current_address, blood_group, section) VALUES (424, 477, '2221424', 'ENR-2221424', 'Aayush', 'Patel', '2002-09-29', 'Female', '9876500424', 'Pathshala Hostel Block B, Room 436', 2, 2, 4, '2024', 'student424.personal@gmail.com', '2221424.ece@pathshala.edu.in', '9123400424', 'Mahesh Patel', 'Farmer', 'Rekha Patel', 'Doctor', '12, Marine Drive, Mumbai, Maharashtra', 'Pathshala Hostel Block B, Room 436', 'O+', 'B');
INSERT INTO users (id, role_id, username, email, password_hash, is_active) VALUES (478, 4, 'student425', '2221425.ece@pathshala.edu.in', '$2b$12$cmgDkq6jIKqKJhfp5NtXte6qOIpuYQVyNo0JGROE.lE83pi2rEZWm', 1);
INSERT INTO student_profiles (id, user_id, roll_no, enrollment_no, first_name, last_name, dob, gender, phone, address, dept_id, course_id, current_semester, batch, personal_email, pathshala_email, alternative_phone, father_name, father_occupation, mother_name, mother_occupation, permanent_address, current_address, blood_group, section) VALUES (425, 478, '2221425', 'ENR-2221425', 'Shaurya', 'Iyer', '2003-09-03', 'Female', '9876500425', 'Pathshala Hostel Block B, Room 290', 2, 2, 5, '2023', 'student425.personal@gmail.com', '2221425.ece@pathshala.edu.in', '9123400425', 'Mahesh Iyer', 'Consultant', 'Pooja Iyer', 'Business Owner', 'Salt Lake, Sector V, Kolkata', 'Pathshala Hostel Block B, Room 290', 'B-', 'A');
INSERT INTO users (id, role_id, username, email, password_hash, is_active) VALUES (479, 4, 'student426', '2221426.ece@pathshala.edu.in', '$2b$12$cmgDkq6jIKqKJhfp5NtXte6qOIpuYQVyNo0JGROE.lE83pi2rEZWm', 1);
INSERT INTO student_profiles (id, user_id, roll_no, enrollment_no, first_name, last_name, dob, gender, phone, address, dept_id, course_id, current_semester, batch, personal_email, pathshala_email, alternative_phone, father_name, father_occupation, mother_name, mother_occupation, permanent_address, current_address, blood_group, section) VALUES (426, 479, '2221426', 'ENR-2221426', 'Rohan', 'Rao', '2004-04-21', 'Female', '9876500426', 'Pathshala Hostel Block D, Room 324', 2, 2, 5, '2023', 'student426.personal@gmail.com', '2221426.ece@pathshala.edu.in', '9123400426', 'Anil Rao', 'Consultant', 'Geeta Rao', 'Business Owner', '78, Anna Salai, Chennai, Tamil Nadu', 'Pathshala Hostel Block D, Room 324', 'O+', 'B');
INSERT INTO users (id, role_id, username, email, password_hash, is_active) VALUES (480, 4, 'student427', '2221427.ece@pathshala.edu.in', '$2b$12$cmgDkq6jIKqKJhfp5NtXte6qOIpuYQVyNo0JGROE.lE83pi2rEZWm', 1);
INSERT INTO student_profiles (id, user_id, roll_no, enrollment_no, first_name, last_name, dob, gender, phone, address, dept_id, course_id, current_semester, batch, personal_email, pathshala_email, alternative_phone, father_name, father_occupation, mother_name, mother_occupation, permanent_address, current_address, blood_group, section) VALUES (427, 480, '2221427', 'ENR-2221427', 'Ira', 'Chawla', '2003-12-29', 'Female', '9876500427', 'Pathshala Hostel Block D, Room 478', 2, 2, 6, '2023', 'student427.personal@gmail.com', '2221427.ece@pathshala.edu.in', '9123400427', 'Alok Chawla', 'Government Service', 'Kavita Chawla', 'Manager', 'Kadam Kuan, Patna, Bihar', 'Pathshala Hostel Block D, Room 478', 'A-', 'A');
INSERT INTO users (id, role_id, username, email, password_hash, is_active) VALUES (481, 4, 'student428', '2221428.ece@pathshala.edu.in', '$2b$12$cmgDkq6jIKqKJhfp5NtXte6qOIpuYQVyNo0JGROE.lE83pi2rEZWm', 1);
INSERT INTO student_profiles (id, user_id, roll_no, enrollment_no, first_name, last_name, dob, gender, phone, address, dept_id, course_id, current_semester, batch, personal_email, pathshala_email, alternative_phone, father_name, father_occupation, mother_name, mother_occupation, permanent_address, current_address, blood_group, section) VALUES (428, 481, '2221428', 'ENR-2221428', 'Sai', 'Desai', '2004-09-04', 'Male', '9876500428', 'Pathshala Hostel Block D, Room 338', 2, 2, 6, '2023', 'student428.personal@gmail.com', '2221428.ece@pathshala.edu.in', '9123400428', 'Sunil Desai', 'Homemaker', 'Pushpa Desai', 'Retired', 'Salt Lake, Sector V, Kolkata', 'Pathshala Hostel Block D, Room 338', 'O-', 'B');
INSERT INTO users (id, role_id, username, email, password_hash, is_active) VALUES (482, 4, 'student429', '2221429.ece@pathshala.edu.in', '$2b$12$cmgDkq6jIKqKJhfp5NtXte6qOIpuYQVyNo0JGROE.lE83pi2rEZWm', 1);
INSERT INTO student_profiles (id, user_id, roll_no, enrollment_no, first_name, last_name, dob, gender, phone, address, dept_id, course_id, current_semester, batch, personal_email, pathshala_email, alternative_phone, father_name, father_occupation, mother_name, mother_occupation, permanent_address, current_address, blood_group, section) VALUES (429, 482, '2221429', 'ENR-2221429', 'Ananya', 'Patil', '2002-07-27', 'Female', '9876500429', 'Pathshala Hostel Block C, Room 126', 2, 2, 7, '2022', 'student429.personal@gmail.com', '2221429.ece@pathshala.edu.in', '9123400429', 'Satish Patil', 'Retired', 'Pushpa Patil', 'Farmer', '99, Gachibowli, Hyderabad, Telangana', 'Pathshala Hostel Block C, Room 126', 'AB+', 'A');
INSERT INTO users (id, role_id, username, email, password_hash, is_active) VALUES (483, 4, 'student430', '2221430.ece@pathshala.edu.in', '$2b$12$cmgDkq6jIKqKJhfp5NtXte6qOIpuYQVyNo0JGROE.lE83pi2rEZWm', 1);
INSERT INTO student_profiles (id, user_id, roll_no, enrollment_no, first_name, last_name, dob, gender, phone, address, dept_id, course_id, current_semester, batch, personal_email, pathshala_email, alternative_phone, father_name, father_occupation, mother_name, mother_occupation, permanent_address, current_address, blood_group, section) VALUES (430, 483, '2221430', 'ENR-2221430', 'Rajesh', 'Choudhury', '2002-08-26', 'Female', '9876500430', 'Pathshala Hostel Block C, Room 124', 2, 2, 7, '2022', 'student430.personal@gmail.com', '2221430.ece@pathshala.edu.in', '9123400430', 'Mahesh Choudhury', 'Government Service', 'Asha Choudhury', 'Private Service', '45, Park Street, Kolkata, West Bengal', 'Pathshala Hostel Block C, Room 124', 'AB-', 'B');
INSERT INTO users (id, role_id, username, email, password_hash, is_active) VALUES (484, 4, 'student431', '2221431.ece@pathshala.edu.in', '$2b$12$cmgDkq6jIKqKJhfp5NtXte6qOIpuYQVyNo0JGROE.lE83pi2rEZWm', 1);
INSERT INTO student_profiles (id, user_id, roll_no, enrollment_no, first_name, last_name, dob, gender, phone, address, dept_id, course_id, current_semester, batch, personal_email, pathshala_email, alternative_phone, father_name, father_occupation, mother_name, mother_occupation, permanent_address, current_address, blood_group, section) VALUES (431, 484, '2221431', 'ENR-2221431', 'Krishna', 'Nair', '2002-10-07', 'Female', '9876500431', 'Pathshala Hostel Block B, Room 426', 2, 2, 8, '2022', 'student431.personal@gmail.com', '2221431.ece@pathshala.edu.in', '9123400431', 'Harish Nair', 'Manager', 'Shanti Nair', 'Retired', 'Sector 15, Noida, Uttar Pradesh', 'Pathshala Hostel Block B, Room 426', 'AB+', 'A');
INSERT INTO users (id, role_id, username, email, password_hash, is_active) VALUES (485, 4, 'student432', '2221432.ece@pathshala.edu.in', '$2b$12$cmgDkq6jIKqKJhfp5NtXte6qOIpuYQVyNo0JGROE.lE83pi2rEZWm', 1);
INSERT INTO student_profiles (id, user_id, roll_no, enrollment_no, first_name, last_name, dob, gender, phone, address, dept_id, course_id, current_semester, batch, personal_email, pathshala_email, alternative_phone, father_name, father_occupation, mother_name, mother_occupation, permanent_address, current_address, blood_group, section) VALUES (432, 485, '2221432', 'ENR-2221432', 'Priya', 'Pillai', '2002-11-21', 'Female', '9876500432', 'Pathshala Hostel Block C, Room 122', 2, 2, 8, '2022', 'student432.personal@gmail.com', '2221432.ece@pathshala.edu.in', '9123400432', 'Pradeep Pillai', 'Consultant', 'Kavita Pillai', 'Consultant', 'Kadam Kuan, Patna, Bihar', 'Pathshala Hostel Block C, Room 122', 'B+', 'B');
INSERT INTO users (id, role_id, username, email, password_hash, is_active) VALUES (486, 4, 'student433', '2221433.mec@pathshala.edu.in', '$2b$12$cmgDkq6jIKqKJhfp5NtXte6qOIpuYQVyNo0JGROE.lE83pi2rEZWm', 1);
INSERT INTO student_profiles (id, user_id, roll_no, enrollment_no, first_name, last_name, dob, gender, phone, address, dept_id, course_id, current_semester, batch, personal_email, pathshala_email, alternative_phone, father_name, father_occupation, mother_name, mother_occupation, permanent_address, current_address, blood_group, section) VALUES (433, 486, '2221433', 'ENR-2221433', 'Rajesh', 'Bose', '2003-02-15', 'Male', '9876500433', 'Pathshala Hostel Block C, Room 158', 3, 3, 1, '2025', 'student433.personal@gmail.com', '2221433.mec@pathshala.edu.in', '9123400433', 'Alok Bose', 'Teacher', 'Shanti Bose', 'Teacher', '99, Gachibowli, Hyderabad, Telangana', 'Pathshala Hostel Block C, Room 158', 'B+', 'A');
INSERT INTO users (id, role_id, username, email, password_hash, is_active) VALUES (487, 4, 'student434', '2221434.mec@pathshala.edu.in', '$2b$12$cmgDkq6jIKqKJhfp5NtXte6qOIpuYQVyNo0JGROE.lE83pi2rEZWm', 1);
INSERT INTO student_profiles (id, user_id, roll_no, enrollment_no, first_name, last_name, dob, gender, phone, address, dept_id, course_id, current_semester, batch, personal_email, pathshala_email, alternative_phone, father_name, father_occupation, mother_name, mother_occupation, permanent_address, current_address, blood_group, section) VALUES (434, 487, '2221434', 'ENR-2221434', 'Ananya', 'Gupta', '2002-01-31', 'Female', '9876500434', 'Pathshala Hostel Block D, Room 283', 3, 3, 1, '2025', 'student434.personal@gmail.com', '2221434.mec@pathshala.edu.in', '9123400434', 'Manoj Gupta', 'Consultant', 'Shanti Gupta', 'Retired', '45, Park Street, Kolkata, West Bengal', 'Pathshala Hostel Block D, Room 283', 'AB+', 'B');
INSERT INTO users (id, role_id, username, email, password_hash, is_active) VALUES (488, 4, 'student435', '2221435.mec@pathshala.edu.in', '$2b$12$cmgDkq6jIKqKJhfp5NtXte6qOIpuYQVyNo0JGROE.lE83pi2rEZWm', 1);
INSERT INTO student_profiles (id, user_id, roll_no, enrollment_no, first_name, last_name, dob, gender, phone, address, dept_id, course_id, current_semester, batch, personal_email, pathshala_email, alternative_phone, father_name, father_occupation, mother_name, mother_occupation, permanent_address, current_address, blood_group, section) VALUES (435, 488, '2221435', 'ENR-2221435', 'Sai', 'Choudhury', '2003-03-23', 'Female', '9876500435', 'Pathshala Hostel Block D, Room 468', 3, 3, 2, '2025', 'student435.personal@gmail.com', '2221435.mec@pathshala.edu.in', '9123400435', 'Dinesh Choudhury', 'Business Owner', 'Anita Choudhury', 'Business Owner', 'Sector 15, Noida, Uttar Pradesh', 'Pathshala Hostel Block D, Room 468', 'AB-', 'A');
INSERT INTO users (id, role_id, username, email, password_hash, is_active) VALUES (489, 4, 'student436', '2221436.mec@pathshala.edu.in', '$2b$12$cmgDkq6jIKqKJhfp5NtXte6qOIpuYQVyNo0JGROE.lE83pi2rEZWm', 1);
INSERT INTO student_profiles (id, user_id, roll_no, enrollment_no, first_name, last_name, dob, gender, phone, address, dept_id, course_id, current_semester, batch, personal_email, pathshala_email, alternative_phone, father_name, father_occupation, mother_name, mother_occupation, permanent_address, current_address, blood_group, section) VALUES (436, 489, '2221436', 'ENR-2221436', 'Aayush', 'Bose', '2003-12-30', 'Male', '9876500436', 'Pathshala Hostel Block A, Room 482', 3, 3, 2, '2025', 'student436.personal@gmail.com', '2221436.mec@pathshala.edu.in', '9123400436', 'Satish Bose', 'Engineer', 'Aarti Bose', 'Doctor', '45, Park Street, Kolkata, West Bengal', 'Pathshala Hostel Block A, Room 482', 'O+', 'B');
INSERT INTO users (id, role_id, username, email, password_hash, is_active) VALUES (490, 4, 'student437', '2221437.mec@pathshala.edu.in', '$2b$12$cmgDkq6jIKqKJhfp5NtXte6qOIpuYQVyNo0JGROE.lE83pi2rEZWm', 1);
INSERT INTO student_profiles (id, user_id, roll_no, enrollment_no, first_name, last_name, dob, gender, phone, address, dept_id, course_id, current_semester, batch, personal_email, pathshala_email, alternative_phone, father_name, father_occupation, mother_name, mother_occupation, permanent_address, current_address, blood_group, section) VALUES (437, 490, '2221437', 'ENR-2221437', 'Rohan', 'Gupta', '2002-07-01', 'Male', '9876500437', 'Pathshala Hostel Block A, Room 303', 3, 3, 3, '2024', 'student437.personal@gmail.com', '2221437.mec@pathshala.edu.in', '9123400437', 'Sanjay Gupta', 'Retired', 'Pushpa Gupta', 'Retired', '12, Marine Drive, Mumbai, Maharashtra', 'Pathshala Hostel Block A, Room 303', 'B-', 'A');
INSERT INTO users (id, role_id, username, email, password_hash, is_active) VALUES (491, 4, 'student438', '2221438.mec@pathshala.edu.in', '$2b$12$cmgDkq6jIKqKJhfp5NtXte6qOIpuYQVyNo0JGROE.lE83pi2rEZWm', 1);
INSERT INTO student_profiles (id, user_id, roll_no, enrollment_no, first_name, last_name, dob, gender, phone, address, dept_id, course_id, current_semester, batch, personal_email, pathshala_email, alternative_phone, father_name, father_occupation, mother_name, mother_occupation, permanent_address, current_address, blood_group, section) VALUES (438, 491, '2221438', 'ENR-2221438', 'Aayush', 'Verma', '2002-06-09', 'Male', '9876500438', 'Pathshala Hostel Block D, Room 335', 3, 3, 3, '2024', 'student438.personal@gmail.com', '2221438.mec@pathshala.edu.in', '9123400438', 'Sanjay Verma', 'Business Owner', 'Shanti Verma', 'Engineer', 'Mall Road, Shimla, Himachal Pradesh', 'Pathshala Hostel Block D, Room 335', 'A+', 'B');
INSERT INTO users (id, role_id, username, email, password_hash, is_active) VALUES (492, 4, 'student439', '2221439.mec@pathshala.edu.in', '$2b$12$cmgDkq6jIKqKJhfp5NtXte6qOIpuYQVyNo0JGROE.lE83pi2rEZWm', 1);
INSERT INTO student_profiles (id, user_id, roll_no, enrollment_no, first_name, last_name, dob, gender, phone, address, dept_id, course_id, current_semester, batch, personal_email, pathshala_email, alternative_phone, father_name, father_occupation, mother_name, mother_occupation, permanent_address, current_address, blood_group, section) VALUES (439, 492, '2221439', 'ENR-2221439', 'Akash', 'Kapoor', '2003-07-20', 'Male', '9876500439', 'Pathshala Hostel Block C, Room 450', 3, 3, 4, '2024', 'student439.personal@gmail.com', '2221439.mec@pathshala.edu.in', '9123400439', 'Anil Kapoor', 'Engineer', 'Seema Kapoor', 'Private Service', '45, Park Street, Kolkata, West Bengal', 'Pathshala Hostel Block C, Room 450', 'AB-', 'A');
INSERT INTO users (id, role_id, username, email, password_hash, is_active) VALUES (493, 4, 'student440', '2221440.mec@pathshala.edu.in', '$2b$12$cmgDkq6jIKqKJhfp5NtXte6qOIpuYQVyNo0JGROE.lE83pi2rEZWm', 1);
INSERT INTO student_profiles (id, user_id, roll_no, enrollment_no, first_name, last_name, dob, gender, phone, address, dept_id, course_id, current_semester, batch, personal_email, pathshala_email, alternative_phone, father_name, father_occupation, mother_name, mother_occupation, permanent_address, current_address, blood_group, section) VALUES (440, 493, '2221440', 'ENR-2221440', 'Ishan', 'Chawla', '2002-10-08', 'Female', '9876500440', 'Pathshala Hostel Block D, Room 233', 3, 3, 4, '2024', 'student440.personal@gmail.com', '2221440.mec@pathshala.edu.in', '9123400440', 'Sunil Chawla', 'Doctor', 'Pushpa Chawla', 'Private Service', '78, Anna Salai, Chennai, Tamil Nadu', 'Pathshala Hostel Block D, Room 233', 'AB-', 'B');
INSERT INTO users (id, role_id, username, email, password_hash, is_active) VALUES (494, 4, 'student441', '2221441.mec@pathshala.edu.in', '$2b$12$cmgDkq6jIKqKJhfp5NtXte6qOIpuYQVyNo0JGROE.lE83pi2rEZWm', 1);
INSERT INTO student_profiles (id, user_id, roll_no, enrollment_no, first_name, last_name, dob, gender, phone, address, dept_id, course_id, current_semester, batch, personal_email, pathshala_email, alternative_phone, father_name, father_occupation, mother_name, mother_occupation, permanent_address, current_address, blood_group, section) VALUES (441, 494, '2221441', 'ENR-2221441', 'Ramesh', 'Bhat', '2003-05-30', 'Male', '9876500441', 'Pathshala Hostel Block A, Room 354', 3, 3, 5, '2023', 'student441.personal@gmail.com', '2221441.mec@pathshala.edu.in', '9123400441', 'Ashok Bhat', 'Government Service', 'Rekha Bhat', 'Government Service', '99, Gachibowli, Hyderabad, Telangana', 'Pathshala Hostel Block A, Room 354', 'A-', 'A');
INSERT INTO users (id, role_id, username, email, password_hash, is_active) VALUES (495, 4, 'student442', '2221442.mec@pathshala.edu.in', '$2b$12$cmgDkq6jIKqKJhfp5NtXte6qOIpuYQVyNo0JGROE.lE83pi2rEZWm', 1);
INSERT INTO student_profiles (id, user_id, roll_no, enrollment_no, first_name, last_name, dob, gender, phone, address, dept_id, course_id, current_semester, batch, personal_email, pathshala_email, alternative_phone, father_name, father_occupation, mother_name, mother_occupation, permanent_address, current_address, blood_group, section) VALUES (442, 495, '2221442', 'ENR-2221442', 'Divya', 'Singh', '2004-08-31', 'Male', '9876500442', 'Pathshala Hostel Block C, Room 103', 3, 3, 5, '2023', 'student442.personal@gmail.com', '2221442.mec@pathshala.edu.in', '9123400442', 'Pradeep Singh', 'Government Service', 'Sunita Singh', 'Government Service', 'Kadam Kuan, Patna, Bihar', 'Pathshala Hostel Block C, Room 103', 'A+', 'B');
INSERT INTO users (id, role_id, username, email, password_hash, is_active) VALUES (496, 4, 'student443', '2221443.mec@pathshala.edu.in', '$2b$12$cmgDkq6jIKqKJhfp5NtXte6qOIpuYQVyNo0JGROE.lE83pi2rEZWm', 1);
INSERT INTO student_profiles (id, user_id, roll_no, enrollment_no, first_name, last_name, dob, gender, phone, address, dept_id, course_id, current_semester, batch, personal_email, pathshala_email, alternative_phone, father_name, father_occupation, mother_name, mother_occupation, permanent_address, current_address, blood_group, section) VALUES (443, 496, '2221443', 'ENR-2221443', 'Rohan', 'Sen', '2004-02-26', 'Male', '9876500443', 'Pathshala Hostel Block C, Room 480', 3, 3, 6, '2023', 'student443.personal@gmail.com', '2221443.mec@pathshala.edu.in', '9123400443', 'Ramesh Sen', 'Retired', 'Kavita Sen', 'Manager', 'Salt Lake, Sector V, Kolkata', 'Pathshala Hostel Block C, Room 480', 'AB-', 'A');
INSERT INTO users (id, role_id, username, email, password_hash, is_active) VALUES (497, 4, 'student444', '2221444.mec@pathshala.edu.in', '$2b$12$cmgDkq6jIKqKJhfp5NtXte6qOIpuYQVyNo0JGROE.lE83pi2rEZWm', 1);
INSERT INTO student_profiles (id, user_id, roll_no, enrollment_no, first_name, last_name, dob, gender, phone, address, dept_id, course_id, current_semester, batch, personal_email, pathshala_email, alternative_phone, father_name, father_occupation, mother_name, mother_occupation, permanent_address, current_address, blood_group, section) VALUES (444, 497, '2221444', 'ENR-2221444', 'Sunil', 'Mehta', '2002-01-06', 'Male', '9876500444', 'Pathshala Hostel Block B, Room 315', 3, 3, 6, '2023', 'student444.personal@gmail.com', '2221444.mec@pathshala.edu.in', '9123400444', 'Deepak Mehta', 'Retired', 'Pushpa Mehta', 'Clerk', 'Mall Road, Shimla, Himachal Pradesh', 'Pathshala Hostel Block B, Room 315', 'AB+', 'B');
INSERT INTO users (id, role_id, username, email, password_hash, is_active) VALUES (498, 4, 'student445', '2221445.mec@pathshala.edu.in', '$2b$12$cmgDkq6jIKqKJhfp5NtXte6qOIpuYQVyNo0JGROE.lE83pi2rEZWm', 1);
INSERT INTO student_profiles (id, user_id, roll_no, enrollment_no, first_name, last_name, dob, gender, phone, address, dept_id, course_id, current_semester, batch, personal_email, pathshala_email, alternative_phone, father_name, father_occupation, mother_name, mother_occupation, permanent_address, current_address, blood_group, section) VALUES (445, 498, '2221445', 'ENR-2221445', 'Aarav', 'Singh', '2003-04-18', 'Female', '9876500445', 'Pathshala Hostel Block C, Room 137', 3, 3, 7, '2022', 'student445.personal@gmail.com', '2221445.mec@pathshala.edu.in', '9123400445', 'Vinod Singh', 'Private Service', 'Aarti Singh', 'Retired', 'Civil Lines, Jaipur, Rajasthan', 'Pathshala Hostel Block C, Room 137', 'O+', 'A');
INSERT INTO users (id, role_id, username, email, password_hash, is_active) VALUES (499, 4, 'student446', '2221446.mec@pathshala.edu.in', '$2b$12$cmgDkq6jIKqKJhfp5NtXte6qOIpuYQVyNo0JGROE.lE83pi2rEZWm', 1);
INSERT INTO student_profiles (id, user_id, roll_no, enrollment_no, first_name, last_name, dob, gender, phone, address, dept_id, course_id, current_semester, batch, personal_email, pathshala_email, alternative_phone, father_name, father_occupation, mother_name, mother_occupation, permanent_address, current_address, blood_group, section) VALUES (446, 499, '2221446', 'ENR-2221446', 'Ramesh', 'Bose', '2004-07-04', 'Female', '9876500446', 'Pathshala Hostel Block D, Room 302', 3, 3, 7, '2022', 'student446.personal@gmail.com', '2221446.mec@pathshala.edu.in', '9123400446', 'Pradeep Bose', 'Manager', 'Geeta Bose', 'Farmer', '99, Gachibowli, Hyderabad, Telangana', 'Pathshala Hostel Block D, Room 302', 'AB+', 'B');
INSERT INTO users (id, role_id, username, email, password_hash, is_active) VALUES (500, 4, 'student447', '2221447.mec@pathshala.edu.in', '$2b$12$cmgDkq6jIKqKJhfp5NtXte6qOIpuYQVyNo0JGROE.lE83pi2rEZWm', 1);
INSERT INTO student_profiles (id, user_id, roll_no, enrollment_no, first_name, last_name, dob, gender, phone, address, dept_id, course_id, current_semester, batch, personal_email, pathshala_email, alternative_phone, father_name, father_occupation, mother_name, mother_occupation, permanent_address, current_address, blood_group, section) VALUES (447, 500, '2221447', 'ENR-2221447', 'Nikhil', 'Reddy', '2003-09-30', 'Female', '9876500447', 'Pathshala Hostel Block B, Room 190', 3, 3, 8, '2022', 'student447.personal@gmail.com', '2221447.mec@pathshala.edu.in', '9123400447', 'Satish Reddy', 'Consultant', 'Kavita Reddy', 'Clerk', '45, Park Street, Kolkata, West Bengal', 'Pathshala Hostel Block B, Room 190', 'B+', 'A');
INSERT INTO users (id, role_id, username, email, password_hash, is_active) VALUES (501, 4, 'student448', '2221448.mec@pathshala.edu.in', '$2b$12$cmgDkq6jIKqKJhfp5NtXte6qOIpuYQVyNo0JGROE.lE83pi2rEZWm', 1);
INSERT INTO student_profiles (id, user_id, roll_no, enrollment_no, first_name, last_name, dob, gender, phone, address, dept_id, course_id, current_semester, batch, personal_email, pathshala_email, alternative_phone, father_name, father_occupation, mother_name, mother_occupation, permanent_address, current_address, blood_group, section) VALUES (448, 501, '2221448', 'ENR-2221448', 'Divya', 'Kumar', '2002-09-05', 'Female', '9876500448', 'Pathshala Hostel Block A, Room 273', 3, 3, 8, '2022', 'student448.personal@gmail.com', '2221448.mec@pathshala.edu.in', '9123400448', 'Anil Kumar', 'Manager', 'Shanti Kumar', 'Engineer', 'Civil Lines, Jaipur, Rajasthan', 'Pathshala Hostel Block A, Room 273', 'O-', 'B');
INSERT INTO users (id, role_id, username, email, password_hash, is_active) VALUES (502, 4, 'student449', '2221449.civ@pathshala.edu.in', '$2b$12$cmgDkq6jIKqKJhfp5NtXte6qOIpuYQVyNo0JGROE.lE83pi2rEZWm', 1);
INSERT INTO student_profiles (id, user_id, roll_no, enrollment_no, first_name, last_name, dob, gender, phone, address, dept_id, course_id, current_semester, batch, personal_email, pathshala_email, alternative_phone, father_name, father_occupation, mother_name, mother_occupation, permanent_address, current_address, blood_group, section) VALUES (449, 502, '2221449', 'ENR-2221449', 'Myra', 'Sharma', '2003-06-17', 'Female', '9876500449', 'Pathshala Hostel Block D, Room 471', 4, 4, 1, '2025', 'student449.personal@gmail.com', '2221449.civ@pathshala.edu.in', '9123400449', 'Satish Sharma', 'Government Service', 'Kavita Sharma', 'Homemaker', '78, Anna Salai, Chennai, Tamil Nadu', 'Pathshala Hostel Block D, Room 471', 'A+', 'A');
INSERT INTO users (id, role_id, username, email, password_hash, is_active) VALUES (503, 4, 'student450', '2221450.civ@pathshala.edu.in', '$2b$12$cmgDkq6jIKqKJhfp5NtXte6qOIpuYQVyNo0JGROE.lE83pi2rEZWm', 1);
INSERT INTO student_profiles (id, user_id, roll_no, enrollment_no, first_name, last_name, dob, gender, phone, address, dept_id, course_id, current_semester, batch, personal_email, pathshala_email, alternative_phone, father_name, father_occupation, mother_name, mother_occupation, permanent_address, current_address, blood_group, section) VALUES (450, 503, '2221450', 'ENR-2221450', 'Priyesh', 'Patel', '2003-01-13', 'Female', '9876500450', 'Pathshala Hostel Block C, Room 459', 4, 4, 1, '2025', 'student450.personal@gmail.com', '2221450.civ@pathshala.edu.in', '9123400450', 'Ashok Patel', 'Clerk', 'Sunita Patel', 'Private Service', 'Mall Road, Shimla, Himachal Pradesh', 'Pathshala Hostel Block C, Room 459', 'A-', 'B');
INSERT INTO users (id, role_id, username, email, password_hash, is_active) VALUES (504, 4, 'student451', '2221451.civ@pathshala.edu.in', '$2b$12$cmgDkq6jIKqKJhfp5NtXte6qOIpuYQVyNo0JGROE.lE83pi2rEZWm', 1);
INSERT INTO student_profiles (id, user_id, roll_no, enrollment_no, first_name, last_name, dob, gender, phone, address, dept_id, course_id, current_semester, batch, personal_email, pathshala_email, alternative_phone, father_name, father_occupation, mother_name, mother_occupation, permanent_address, current_address, blood_group, section) VALUES (451, 504, '2221451', 'ENR-2221451', 'Arjun', 'Nair', '2002-12-30', 'Female', '9876500451', 'Pathshala Hostel Block C, Room 237', 4, 4, 2, '2025', 'student451.personal@gmail.com', '2221451.civ@pathshala.edu.in', '9123400451', 'Rajesh Nair', 'Retired', 'Anita Nair', 'Farmer', 'Civil Lines, Jaipur, Rajasthan', 'Pathshala Hostel Block C, Room 237', 'O-', 'A');
INSERT INTO users (id, role_id, username, email, password_hash, is_active) VALUES (505, 4, 'student452', '2221452.civ@pathshala.edu.in', '$2b$12$cmgDkq6jIKqKJhfp5NtXte6qOIpuYQVyNo0JGROE.lE83pi2rEZWm', 1);
INSERT INTO student_profiles (id, user_id, roll_no, enrollment_no, first_name, last_name, dob, gender, phone, address, dept_id, course_id, current_semester, batch, personal_email, pathshala_email, alternative_phone, father_name, father_occupation, mother_name, mother_occupation, permanent_address, current_address, blood_group, section) VALUES (452, 505, '2221452', 'ENR-2221452', 'Jyoti', 'Kapoor', '2003-02-09', 'Male', '9876500452', 'Pathshala Hostel Block A, Room 473', 4, 4, 2, '2025', 'student452.personal@gmail.com', '2221452.civ@pathshala.edu.in', '9123400452', 'Ashok Kapoor', 'Doctor', 'Geeta Kapoor', 'Teacher', 'Kadam Kuan, Patna, Bihar', 'Pathshala Hostel Block A, Room 473', 'O-', 'B');
INSERT INTO users (id, role_id, username, email, password_hash, is_active) VALUES (506, 4, 'student453', '2221453.civ@pathshala.edu.in', '$2b$12$cmgDkq6jIKqKJhfp5NtXte6qOIpuYQVyNo0JGROE.lE83pi2rEZWm', 1);
INSERT INTO student_profiles (id, user_id, roll_no, enrollment_no, first_name, last_name, dob, gender, phone, address, dept_id, course_id, current_semester, batch, personal_email, pathshala_email, alternative_phone, father_name, father_occupation, mother_name, mother_occupation, permanent_address, current_address, blood_group, section) VALUES (453, 506, '2221453', 'ENR-2221453', 'Ishita', 'Rao', '2003-07-02', 'Male', '9876500453', 'Pathshala Hostel Block C, Room 249', 4, 4, 3, '2024', 'student453.personal@gmail.com', '2221453.civ@pathshala.edu.in', '9123400453', 'Ashok Rao', 'Engineer', 'Shanti Rao', 'Private Service', 'Mall Road, Shimla, Himachal Pradesh', 'Pathshala Hostel Block C, Room 249', 'O+', 'A');
INSERT INTO users (id, role_id, username, email, password_hash, is_active) VALUES (507, 4, 'student454', '2221454.civ@pathshala.edu.in', '$2b$12$cmgDkq6jIKqKJhfp5NtXte6qOIpuYQVyNo0JGROE.lE83pi2rEZWm', 1);
INSERT INTO student_profiles (id, user_id, roll_no, enrollment_no, first_name, last_name, dob, gender, phone, address, dept_id, course_id, current_semester, batch, personal_email, pathshala_email, alternative_phone, father_name, father_occupation, mother_name, mother_occupation, permanent_address, current_address, blood_group, section) VALUES (454, 507, '2221454', 'ENR-2221454', 'Nikhil', 'Mehta', '2002-12-29', 'Female', '9876500454', 'Pathshala Hostel Block D, Room 271', 4, 4, 3, '2024', 'student454.personal@gmail.com', '2221454.civ@pathshala.edu.in', '9123400454', 'Vijay Mehta', 'Government Service', 'Pooja Mehta', 'Farmer', '99, Gachibowli, Hyderabad, Telangana', 'Pathshala Hostel Block D, Room 271', 'A-', 'B');
INSERT INTO users (id, role_id, username, email, password_hash, is_active) VALUES (508, 4, 'student455', '2221455.civ@pathshala.edu.in', '$2b$12$cmgDkq6jIKqKJhfp5NtXte6qOIpuYQVyNo0JGROE.lE83pi2rEZWm', 1);
INSERT INTO student_profiles (id, user_id, roll_no, enrollment_no, first_name, last_name, dob, gender, phone, address, dept_id, course_id, current_semester, batch, personal_email, pathshala_email, alternative_phone, father_name, father_occupation, mother_name, mother_occupation, permanent_address, current_address, blood_group, section) VALUES (455, 508, '2221455', 'ENR-2221455', 'Rahul', 'Sen', '2003-11-22', 'Male', '9876500455', 'Pathshala Hostel Block C, Room 439', 4, 4, 4, '2024', 'student455.personal@gmail.com', '2221455.civ@pathshala.edu.in', '9123400455', 'Deepak Sen', 'Consultant', 'Geeta Sen', 'Clerk', '99, Gachibowli, Hyderabad, Telangana', 'Pathshala Hostel Block C, Room 439', 'AB+', 'A');
INSERT INTO users (id, role_id, username, email, password_hash, is_active) VALUES (509, 4, 'student456', '2221456.civ@pathshala.edu.in', '$2b$12$cmgDkq6jIKqKJhfp5NtXte6qOIpuYQVyNo0JGROE.lE83pi2rEZWm', 1);
INSERT INTO student_profiles (id, user_id, roll_no, enrollment_no, first_name, last_name, dob, gender, phone, address, dept_id, course_id, current_semester, batch, personal_email, pathshala_email, alternative_phone, father_name, father_occupation, mother_name, mother_occupation, permanent_address, current_address, blood_group, section) VALUES (456, 509, '2221456', 'ENR-2221456', 'Rajesh', 'Kapoor', '2004-03-09', 'Female', '9876500456', 'Pathshala Hostel Block D, Room 391', 4, 4, 4, '2024', 'student456.personal@gmail.com', '2221456.civ@pathshala.edu.in', '9123400456', 'Satish Kapoor', 'Manager', 'Rekha Kapoor', 'Manager', '99, Gachibowli, Hyderabad, Telangana', 'Pathshala Hostel Block D, Room 391', 'O+', 'B');
INSERT INTO users (id, role_id, username, email, password_hash, is_active) VALUES (510, 4, 'student457', '2221457.civ@pathshala.edu.in', '$2b$12$cmgDkq6jIKqKJhfp5NtXte6qOIpuYQVyNo0JGROE.lE83pi2rEZWm', 1);
INSERT INTO student_profiles (id, user_id, roll_no, enrollment_no, first_name, last_name, dob, gender, phone, address, dept_id, course_id, current_semester, batch, personal_email, pathshala_email, alternative_phone, father_name, father_occupation, mother_name, mother_occupation, permanent_address, current_address, blood_group, section) VALUES (457, 510, '2221457', 'ENR-2221457', 'Harsh', 'Rao', '2004-03-12', 'Male', '9876500457', 'Pathshala Hostel Block D, Room 370', 4, 4, 5, '2023', 'student457.personal@gmail.com', '2221457.civ@pathshala.edu.in', '9123400457', 'Rajesh Rao', 'Retired', 'Meena Rao', 'Business Owner', 'Salt Lake, Sector V, Kolkata', 'Pathshala Hostel Block D, Room 370', 'B-', 'A');
INSERT INTO users (id, role_id, username, email, password_hash, is_active) VALUES (511, 4, 'student458', '2221458.civ@pathshala.edu.in', '$2b$12$cmgDkq6jIKqKJhfp5NtXte6qOIpuYQVyNo0JGROE.lE83pi2rEZWm', 1);
INSERT INTO student_profiles (id, user_id, roll_no, enrollment_no, first_name, last_name, dob, gender, phone, address, dept_id, course_id, current_semester, batch, personal_email, pathshala_email, alternative_phone, father_name, father_occupation, mother_name, mother_occupation, permanent_address, current_address, blood_group, section) VALUES (458, 511, '2221458', 'ENR-2221458', 'Atharva', 'Chawla', '2003-01-25', 'Female', '9876500458', 'Pathshala Hostel Block D, Room 115', 4, 4, 5, '2023', 'student458.personal@gmail.com', '2221458.civ@pathshala.edu.in', '9123400458', 'Satish Chawla', 'Manager', 'Sunita Chawla', 'Consultant', '99, Gachibowli, Hyderabad, Telangana', 'Pathshala Hostel Block D, Room 115', 'A-', 'B');
INSERT INTO users (id, role_id, username, email, password_hash, is_active) VALUES (512, 4, 'student459', '2221459.civ@pathshala.edu.in', '$2b$12$cmgDkq6jIKqKJhfp5NtXte6qOIpuYQVyNo0JGROE.lE83pi2rEZWm', 1);
INSERT INTO student_profiles (id, user_id, roll_no, enrollment_no, first_name, last_name, dob, gender, phone, address, dept_id, course_id, current_semester, batch, personal_email, pathshala_email, alternative_phone, father_name, father_occupation, mother_name, mother_occupation, permanent_address, current_address, blood_group, section) VALUES (459, 512, '2221459', 'ENR-2221459', 'Atharva', 'Chawla', '2004-03-08', 'Male', '9876500459', 'Pathshala Hostel Block C, Room 156', 4, 4, 6, '2023', 'student459.personal@gmail.com', '2221459.civ@pathshala.edu.in', '9123400459', 'Mahesh Chawla', 'Business Owner', 'Asha Chawla', 'Teacher', '45, Park Street, Kolkata, West Bengal', 'Pathshala Hostel Block C, Room 156', 'B+', 'A');
INSERT INTO users (id, role_id, username, email, password_hash, is_active) VALUES (513, 4, 'student460', '2221460.civ@pathshala.edu.in', '$2b$12$cmgDkq6jIKqKJhfp5NtXte6qOIpuYQVyNo0JGROE.lE83pi2rEZWm', 1);
INSERT INTO student_profiles (id, user_id, roll_no, enrollment_no, first_name, last_name, dob, gender, phone, address, dept_id, course_id, current_semester, batch, personal_email, pathshala_email, alternative_phone, father_name, father_occupation, mother_name, mother_occupation, permanent_address, current_address, blood_group, section) VALUES (460, 513, '2221460', 'ENR-2221460', 'Neha', 'Bhat', '2004-02-26', 'Male', '9876500460', 'Pathshala Hostel Block B, Room 340', 4, 4, 6, '2023', 'student460.personal@gmail.com', '2221460.civ@pathshala.edu.in', '9123400460', 'Sunil Bhat', 'Business Owner', 'Pushpa Bhat', 'Business Owner', '45, Park Street, Kolkata, West Bengal', 'Pathshala Hostel Block B, Room 340', 'B-', 'B');
INSERT INTO users (id, role_id, username, email, password_hash, is_active) VALUES (514, 4, 'student461', '2221461.civ@pathshala.edu.in', '$2b$12$cmgDkq6jIKqKJhfp5NtXte6qOIpuYQVyNo0JGROE.lE83pi2rEZWm', 1);
INSERT INTO student_profiles (id, user_id, roll_no, enrollment_no, first_name, last_name, dob, gender, phone, address, dept_id, course_id, current_semester, batch, personal_email, pathshala_email, alternative_phone, father_name, father_occupation, mother_name, mother_occupation, permanent_address, current_address, blood_group, section) VALUES (461, 514, '2221461', 'ENR-2221461', 'Divya', 'Bose', '2002-09-24', 'Female', '9876500461', 'Pathshala Hostel Block B, Room 455', 4, 4, 7, '2022', 'student461.personal@gmail.com', '2221461.civ@pathshala.edu.in', '9123400461', 'Ashok Bose', 'Consultant', 'Rekha Bose', 'Clerk', '123, MG Road, Sector 4, Bangalore, Karnataka', 'Pathshala Hostel Block B, Room 455', 'AB+', 'A');
INSERT INTO users (id, role_id, username, email, password_hash, is_active) VALUES (515, 4, 'student462', '2221462.civ@pathshala.edu.in', '$2b$12$cmgDkq6jIKqKJhfp5NtXte6qOIpuYQVyNo0JGROE.lE83pi2rEZWm', 1);
INSERT INTO student_profiles (id, user_id, roll_no, enrollment_no, first_name, last_name, dob, gender, phone, address, dept_id, course_id, current_semester, batch, personal_email, pathshala_email, alternative_phone, father_name, father_occupation, mother_name, mother_occupation, permanent_address, current_address, blood_group, section) VALUES (462, 515, '2221462', 'ENR-2221462', 'Ananya', 'Rao', '2002-02-22', 'Female', '9876500462', 'Pathshala Hostel Block C, Room 400', 4, 4, 7, '2022', 'student462.personal@gmail.com', '2221462.civ@pathshala.edu.in', '9123400462', 'Deepak Rao', 'Government Service', 'Asha Rao', 'Clerk', '99, Gachibowli, Hyderabad, Telangana', 'Pathshala Hostel Block C, Room 400', 'O+', 'B');
INSERT INTO users (id, role_id, username, email, password_hash, is_active) VALUES (516, 4, 'student463', '2221463.civ@pathshala.edu.in', '$2b$12$cmgDkq6jIKqKJhfp5NtXte6qOIpuYQVyNo0JGROE.lE83pi2rEZWm', 1);
INSERT INTO student_profiles (id, user_id, roll_no, enrollment_no, first_name, last_name, dob, gender, phone, address, dept_id, course_id, current_semester, batch, personal_email, pathshala_email, alternative_phone, father_name, father_occupation, mother_name, mother_occupation, permanent_address, current_address, blood_group, section) VALUES (463, 516, '2221463', 'ENR-2221463', 'Vivaan', 'Chawla', '2004-05-15', 'Male', '9876500463', 'Pathshala Hostel Block A, Room 166', 4, 4, 8, '2022', 'student463.personal@gmail.com', '2221463.civ@pathshala.edu.in', '9123400463', 'Manoj Chawla', 'Manager', 'Lata Chawla', 'Consultant', '99, Gachibowli, Hyderabad, Telangana', 'Pathshala Hostel Block A, Room 166', 'AB+', 'A');
INSERT INTO users (id, role_id, username, email, password_hash, is_active) VALUES (517, 4, 'student464', '2221464.civ@pathshala.edu.in', '$2b$12$cmgDkq6jIKqKJhfp5NtXte6qOIpuYQVyNo0JGROE.lE83pi2rEZWm', 1);
INSERT INTO student_profiles (id, user_id, roll_no, enrollment_no, first_name, last_name, dob, gender, phone, address, dept_id, course_id, current_semester, batch, personal_email, pathshala_email, alternative_phone, father_name, father_occupation, mother_name, mother_occupation, permanent_address, current_address, blood_group, section) VALUES (464, 517, '2221464', 'ENR-2221464', 'Ishita', 'Verma', '2004-04-16', 'Male', '9876500464', 'Pathshala Hostel Block D, Room 425', 4, 4, 8, '2022', 'student464.personal@gmail.com', '2221464.civ@pathshala.edu.in', '9123400464', 'Rajesh Verma', 'Doctor', 'Lata Verma', 'Government Service', '123, MG Road, Sector 4, Bangalore, Karnataka', 'Pathshala Hostel Block D, Room 425', 'AB+', 'B');
INSERT INTO users (id, role_id, username, email, password_hash, is_active) VALUES (518, 4, 'student465', '2221465.bba@pathshala.edu.in', '$2b$12$cmgDkq6jIKqKJhfp5NtXte6qOIpuYQVyNo0JGROE.lE83pi2rEZWm', 1);
INSERT INTO student_profiles (id, user_id, roll_no, enrollment_no, first_name, last_name, dob, gender, phone, address, dept_id, course_id, current_semester, batch, personal_email, pathshala_email, alternative_phone, father_name, father_occupation, mother_name, mother_occupation, permanent_address, current_address, blood_group, section) VALUES (465, 518, '2221465', 'ENR-2221465', 'Amit', 'Joshi', '2003-09-14', 'Female', '9876500465', 'Pathshala Hostel Block D, Room 181', 5, 5, 1, '2025', 'student465.personal@gmail.com', '2221465.bba@pathshala.edu.in', '9123400465', 'Deepak Joshi', 'Retired', 'Asha Joshi', 'Business Owner', 'Mall Road, Shimla, Himachal Pradesh', 'Pathshala Hostel Block D, Room 181', 'A-', 'A');
INSERT INTO users (id, role_id, username, email, password_hash, is_active) VALUES (519, 4, 'student466', '2221466.bba@pathshala.edu.in', '$2b$12$cmgDkq6jIKqKJhfp5NtXte6qOIpuYQVyNo0JGROE.lE83pi2rEZWm', 1);
INSERT INTO student_profiles (id, user_id, roll_no, enrollment_no, first_name, last_name, dob, gender, phone, address, dept_id, course_id, current_semester, batch, personal_email, pathshala_email, alternative_phone, father_name, father_occupation, mother_name, mother_occupation, permanent_address, current_address, blood_group, section) VALUES (466, 519, '2221466', 'ENR-2221466', 'Arnav', 'Sen', '2002-01-05', 'Female', '9876500466', 'Pathshala Hostel Block B, Room 361', 5, 5, 1, '2025', 'student466.personal@gmail.com', '2221466.bba@pathshala.edu.in', '9123400466', 'Alok Sen', 'Engineer', 'Pooja Sen', 'Manager', 'Kadam Kuan, Patna, Bihar', 'Pathshala Hostel Block B, Room 361', 'O-', 'B');
INSERT INTO users (id, role_id, username, email, password_hash, is_active) VALUES (520, 4, 'student467', '2221467.bba@pathshala.edu.in', '$2b$12$cmgDkq6jIKqKJhfp5NtXte6qOIpuYQVyNo0JGROE.lE83pi2rEZWm', 1);
INSERT INTO student_profiles (id, user_id, roll_no, enrollment_no, first_name, last_name, dob, gender, phone, address, dept_id, course_id, current_semester, batch, personal_email, pathshala_email, alternative_phone, father_name, father_occupation, mother_name, mother_occupation, permanent_address, current_address, blood_group, section) VALUES (467, 520, '2221467', 'ENR-2221467', 'Divya', 'Singh', '2002-11-09', 'Male', '9876500467', 'Pathshala Hostel Block B, Room 204', 5, 5, 2, '2025', 'student467.personal@gmail.com', '2221467.bba@pathshala.edu.in', '9123400467', 'Suresh Singh', 'Retired', 'Pooja Singh', 'Homemaker', 'Kadam Kuan, Patna, Bihar', 'Pathshala Hostel Block B, Room 204', 'AB+', 'A');
INSERT INTO users (id, role_id, username, email, password_hash, is_active) VALUES (521, 4, 'student468', '2221468.bba@pathshala.edu.in', '$2b$12$cmgDkq6jIKqKJhfp5NtXte6qOIpuYQVyNo0JGROE.lE83pi2rEZWm', 1);
INSERT INTO student_profiles (id, user_id, roll_no, enrollment_no, first_name, last_name, dob, gender, phone, address, dept_id, course_id, current_semester, batch, personal_email, pathshala_email, alternative_phone, father_name, father_occupation, mother_name, mother_occupation, permanent_address, current_address, blood_group, section) VALUES (468, 521, '2221468', 'ENR-2221468', 'Nikhil', 'Iyer', '2002-08-06', 'Male', '9876500468', 'Pathshala Hostel Block B, Room 210', 5, 5, 2, '2025', 'student468.personal@gmail.com', '2221468.bba@pathshala.edu.in', '9123400468', 'Deepak Iyer', 'Retired', 'Meena Iyer', 'Teacher', '123, MG Road, Sector 4, Bangalore, Karnataka', 'Pathshala Hostel Block B, Room 210', 'B+', 'B');
INSERT INTO users (id, role_id, username, email, password_hash, is_active) VALUES (522, 4, 'student469', '2221469.bba@pathshala.edu.in', '$2b$12$cmgDkq6jIKqKJhfp5NtXte6qOIpuYQVyNo0JGROE.lE83pi2rEZWm', 1);
INSERT INTO student_profiles (id, user_id, roll_no, enrollment_no, first_name, last_name, dob, gender, phone, address, dept_id, course_id, current_semester, batch, personal_email, pathshala_email, alternative_phone, father_name, father_occupation, mother_name, mother_occupation, permanent_address, current_address, blood_group, section) VALUES (469, 522, '2221469', 'ENR-2221469', 'Harsh', 'Sen', '2002-06-28', 'Male', '9876500469', 'Pathshala Hostel Block D, Room 104', 5, 5, 3, '2024', 'student469.personal@gmail.com', '2221469.bba@pathshala.edu.in', '9123400469', 'Pradeep Sen', 'Retired', 'Kavita Sen', 'Private Service', 'Salt Lake, Sector V, Kolkata', 'Pathshala Hostel Block D, Room 104', 'B+', 'A');
INSERT INTO users (id, role_id, username, email, password_hash, is_active) VALUES (523, 4, 'student470', '2221470.bba@pathshala.edu.in', '$2b$12$cmgDkq6jIKqKJhfp5NtXte6qOIpuYQVyNo0JGROE.lE83pi2rEZWm', 1);
INSERT INTO student_profiles (id, user_id, roll_no, enrollment_no, first_name, last_name, dob, gender, phone, address, dept_id, course_id, current_semester, batch, personal_email, pathshala_email, alternative_phone, father_name, father_occupation, mother_name, mother_occupation, permanent_address, current_address, blood_group, section) VALUES (470, 523, '2221470', 'ENR-2221470', 'Myra', 'Gupta', '2003-05-04', 'Female', '9876500470', 'Pathshala Hostel Block C, Room 354', 5, 5, 3, '2024', 'student470.personal@gmail.com', '2221470.bba@pathshala.edu.in', '9123400470', 'Deepak Gupta', 'Farmer', 'Lata Gupta', 'Engineer', 'Kadam Kuan, Patna, Bihar', 'Pathshala Hostel Block C, Room 354', 'B+', 'B');
INSERT INTO users (id, role_id, username, email, password_hash, is_active) VALUES (524, 4, 'student471', '2221471.bba@pathshala.edu.in', '$2b$12$cmgDkq6jIKqKJhfp5NtXte6qOIpuYQVyNo0JGROE.lE83pi2rEZWm', 1);
INSERT INTO student_profiles (id, user_id, roll_no, enrollment_no, first_name, last_name, dob, gender, phone, address, dept_id, course_id, current_semester, batch, personal_email, pathshala_email, alternative_phone, father_name, father_occupation, mother_name, mother_occupation, permanent_address, current_address, blood_group, section) VALUES (471, 524, '2221471', 'ENR-2221471', 'Myra', 'Roy', '2003-08-29', 'Female', '9876500471', 'Pathshala Hostel Block A, Room 391', 5, 5, 4, '2024', 'student471.personal@gmail.com', '2221471.bba@pathshala.edu.in', '9123400471', 'Sanjay Roy', 'Homemaker', 'Asha Roy', 'Homemaker', '99, Gachibowli, Hyderabad, Telangana', 'Pathshala Hostel Block A, Room 391', 'A-', 'A');
INSERT INTO users (id, role_id, username, email, password_hash, is_active) VALUES (525, 4, 'student472', '2221472.bba@pathshala.edu.in', '$2b$12$cmgDkq6jIKqKJhfp5NtXte6qOIpuYQVyNo0JGROE.lE83pi2rEZWm', 1);
INSERT INTO student_profiles (id, user_id, roll_no, enrollment_no, first_name, last_name, dob, gender, phone, address, dept_id, course_id, current_semester, batch, personal_email, pathshala_email, alternative_phone, father_name, father_occupation, mother_name, mother_occupation, permanent_address, current_address, blood_group, section) VALUES (472, 525, '2221472', 'ENR-2221472', 'Jyoti', 'Singh', '2002-11-21', 'Male', '9876500472', 'Pathshala Hostel Block B, Room 489', 5, 5, 4, '2024', 'student472.personal@gmail.com', '2221472.bba@pathshala.edu.in', '9123400472', 'Sunil Singh', 'Doctor', 'Kavita Singh', 'Doctor', '123, MG Road, Sector 4, Bangalore, Karnataka', 'Pathshala Hostel Block B, Room 489', 'AB-', 'B');
INSERT INTO users (id, role_id, username, email, password_hash, is_active) VALUES (526, 4, 'student473', '2221473.bba@pathshala.edu.in', '$2b$12$cmgDkq6jIKqKJhfp5NtXte6qOIpuYQVyNo0JGROE.lE83pi2rEZWm', 1);
INSERT INTO student_profiles (id, user_id, roll_no, enrollment_no, first_name, last_name, dob, gender, phone, address, dept_id, course_id, current_semester, batch, personal_email, pathshala_email, alternative_phone, father_name, father_occupation, mother_name, mother_occupation, permanent_address, current_address, blood_group, section) VALUES (473, 526, '2221473', 'ENR-2221473', 'Vihaan', 'Patel', '2003-03-19', 'Male', '9876500473', 'Pathshala Hostel Block A, Room 330', 5, 5, 5, '2023', 'student473.personal@gmail.com', '2221473.bba@pathshala.edu.in', '9123400473', 'Dinesh Patel', 'Farmer', 'Sunita Patel', 'Teacher', '12, Marine Drive, Mumbai, Maharashtra', 'Pathshala Hostel Block A, Room 330', 'A-', 'A');
INSERT INTO users (id, role_id, username, email, password_hash, is_active) VALUES (527, 4, 'student474', '2221474.bba@pathshala.edu.in', '$2b$12$cmgDkq6jIKqKJhfp5NtXte6qOIpuYQVyNo0JGROE.lE83pi2rEZWm', 1);
INSERT INTO student_profiles (id, user_id, roll_no, enrollment_no, first_name, last_name, dob, gender, phone, address, dept_id, course_id, current_semester, batch, personal_email, pathshala_email, alternative_phone, father_name, father_occupation, mother_name, mother_occupation, permanent_address, current_address, blood_group, section) VALUES (474, 527, '2221474', 'ENR-2221474', 'Jyoti', 'Sen', '2004-09-05', 'Female', '9876500474', 'Pathshala Hostel Block B, Room 443', 5, 5, 5, '2023', 'student474.personal@gmail.com', '2221474.bba@pathshala.edu.in', '9123400474', 'Pradeep Sen', 'Teacher', 'Aarti Sen', 'Government Service', 'Mall Road, Shimla, Himachal Pradesh', 'Pathshala Hostel Block B, Room 443', 'A+', 'B');
INSERT INTO users (id, role_id, username, email, password_hash, is_active) VALUES (528, 4, 'student475', '2221475.bba@pathshala.edu.in', '$2b$12$cmgDkq6jIKqKJhfp5NtXte6qOIpuYQVyNo0JGROE.lE83pi2rEZWm', 1);
INSERT INTO student_profiles (id, user_id, roll_no, enrollment_no, first_name, last_name, dob, gender, phone, address, dept_id, course_id, current_semester, batch, personal_email, pathshala_email, alternative_phone, father_name, father_occupation, mother_name, mother_occupation, permanent_address, current_address, blood_group, section) VALUES (475, 528, '2221475', 'ENR-2221475', 'Khushi', 'Desai', '2003-03-11', 'Female', '9876500475', 'Pathshala Hostel Block A, Room 301', 5, 5, 6, '2023', 'student475.personal@gmail.com', '2221475.bba@pathshala.edu.in', '9123400475', 'Suresh Desai', 'Teacher', 'Sunita Desai', 'Business Owner', '45, Park Street, Kolkata, West Bengal', 'Pathshala Hostel Block A, Room 301', 'O+', 'A');
INSERT INTO users (id, role_id, username, email, password_hash, is_active) VALUES (529, 4, 'student476', '2221476.bba@pathshala.edu.in', '$2b$12$cmgDkq6jIKqKJhfp5NtXte6qOIpuYQVyNo0JGROE.lE83pi2rEZWm', 1);
INSERT INTO student_profiles (id, user_id, roll_no, enrollment_no, first_name, last_name, dob, gender, phone, address, dept_id, course_id, current_semester, batch, personal_email, pathshala_email, alternative_phone, father_name, father_occupation, mother_name, mother_occupation, permanent_address, current_address, blood_group, section) VALUES (476, 529, '2221476', 'ENR-2221476', 'Priya', 'Patel', '2003-01-28', 'Female', '9876500476', 'Pathshala Hostel Block C, Room 213', 5, 5, 6, '2023', 'student476.personal@gmail.com', '2221476.bba@pathshala.edu.in', '9123400476', 'Vinod Patel', 'Government Service', 'Geeta Patel', 'Manager', '45, Park Street, Kolkata, West Bengal', 'Pathshala Hostel Block C, Room 213', 'AB+', 'B');
INSERT INTO users (id, role_id, username, email, password_hash, is_active) VALUES (530, 4, 'student477', '2221477.bba@pathshala.edu.in', '$2b$12$cmgDkq6jIKqKJhfp5NtXte6qOIpuYQVyNo0JGROE.lE83pi2rEZWm', 1);
INSERT INTO student_profiles (id, user_id, roll_no, enrollment_no, first_name, last_name, dob, gender, phone, address, dept_id, course_id, current_semester, batch, personal_email, pathshala_email, alternative_phone, father_name, father_occupation, mother_name, mother_occupation, permanent_address, current_address, blood_group, section) VALUES (477, 530, '2221477', 'ENR-2221477', 'Ira', 'Nair', '2002-06-24', 'Male', '9876500477', 'Pathshala Hostel Block A, Room 223', 5, 5, 7, '2022', 'student477.personal@gmail.com', '2221477.bba@pathshala.edu.in', '9123400477', 'Manoj Nair', 'Farmer', 'Shanti Nair', 'Homemaker', 'Mall Road, Shimla, Himachal Pradesh', 'Pathshala Hostel Block A, Room 223', 'O+', 'A');
INSERT INTO users (id, role_id, username, email, password_hash, is_active) VALUES (531, 4, 'student478', '2221478.bba@pathshala.edu.in', '$2b$12$cmgDkq6jIKqKJhfp5NtXte6qOIpuYQVyNo0JGROE.lE83pi2rEZWm', 1);
INSERT INTO student_profiles (id, user_id, roll_no, enrollment_no, first_name, last_name, dob, gender, phone, address, dept_id, course_id, current_semester, batch, personal_email, pathshala_email, alternative_phone, father_name, father_occupation, mother_name, mother_occupation, permanent_address, current_address, blood_group, section) VALUES (478, 531, '2221478', 'ENR-2221478', 'Ananya', 'Joshi', '2003-06-26', 'Male', '9876500478', 'Pathshala Hostel Block B, Room 344', 5, 5, 7, '2022', 'student478.personal@gmail.com', '2221478.bba@pathshala.edu.in', '9123400478', 'Mahesh Joshi', 'Farmer', 'Sunita Joshi', 'Teacher', 'Sector 15, Noida, Uttar Pradesh', 'Pathshala Hostel Block B, Room 344', 'B+', 'B');
INSERT INTO users (id, role_id, username, email, password_hash, is_active) VALUES (532, 4, 'student479', '2221479.bba@pathshala.edu.in', '$2b$12$cmgDkq6jIKqKJhfp5NtXte6qOIpuYQVyNo0JGROE.lE83pi2rEZWm', 1);
INSERT INTO student_profiles (id, user_id, roll_no, enrollment_no, first_name, last_name, dob, gender, phone, address, dept_id, course_id, current_semester, batch, personal_email, pathshala_email, alternative_phone, father_name, father_occupation, mother_name, mother_occupation, permanent_address, current_address, blood_group, section) VALUES (479, 532, '2221479', 'ENR-2221479', 'Divya', 'Reddy', '2004-09-04', 'Male', '9876500479', 'Pathshala Hostel Block A, Room 428', 5, 5, 8, '2022', 'student479.personal@gmail.com', '2221479.bba@pathshala.edu.in', '9123400479', 'Ramesh Reddy', 'Homemaker', 'Kiran Reddy', 'Farmer', '45, Park Street, Kolkata, West Bengal', 'Pathshala Hostel Block A, Room 428', 'B-', 'A');
INSERT INTO users (id, role_id, username, email, password_hash, is_active) VALUES (533, 4, 'student480', '2221480.bba@pathshala.edu.in', '$2b$12$cmgDkq6jIKqKJhfp5NtXte6qOIpuYQVyNo0JGROE.lE83pi2rEZWm', 1);
INSERT INTO student_profiles (id, user_id, roll_no, enrollment_no, first_name, last_name, dob, gender, phone, address, dept_id, course_id, current_semester, batch, personal_email, pathshala_email, alternative_phone, father_name, father_occupation, mother_name, mother_occupation, permanent_address, current_address, blood_group, section) VALUES (480, 533, '2221480', 'ENR-2221480', 'Priya', 'Patel', '2004-01-19', 'Male', '9876500480', 'Pathshala Hostel Block A, Room 207', 5, 5, 8, '2022', 'student480.personal@gmail.com', '2221480.bba@pathshala.edu.in', '9123400480', 'Deepak Patel', 'Clerk', 'Shanti Patel', 'Business Owner', '123, MG Road, Sector 4, Bangalore, Karnataka', 'Pathshala Hostel Block A, Room 207', 'AB-', 'B');
INSERT INTO users (id, role_id, username, email, password_hash, is_active) VALUES (534, 4, 'student481', '2221481.cse@pathshala.edu.in', '$2b$12$cmgDkq6jIKqKJhfp5NtXte6qOIpuYQVyNo0JGROE.lE83pi2rEZWm', 1);
INSERT INTO student_profiles (id, user_id, roll_no, enrollment_no, first_name, last_name, dob, gender, phone, address, dept_id, course_id, current_semester, batch, personal_email, pathshala_email, alternative_phone, father_name, father_occupation, mother_name, mother_occupation, permanent_address, current_address, blood_group, section) VALUES (481, 534, '2221481', 'ENR-2221481', 'Priya', 'Patel', '2002-11-10', 'Male', '9876500481', 'Pathshala Hostel Block C, Room 418', 1, 1, 1, '2025', 'student481.personal@gmail.com', '2221481.cse@pathshala.edu.in', '9123400481', 'Satish Patel', 'Engineer', 'Lata Patel', 'Doctor', '123, MG Road, Sector 4, Bangalore, Karnataka', 'Pathshala Hostel Block C, Room 418', 'A-', 'A');
INSERT INTO users (id, role_id, username, email, password_hash, is_active) VALUES (535, 4, 'student482', '2221482.cse@pathshala.edu.in', '$2b$12$cmgDkq6jIKqKJhfp5NtXte6qOIpuYQVyNo0JGROE.lE83pi2rEZWm', 1);
INSERT INTO student_profiles (id, user_id, roll_no, enrollment_no, first_name, last_name, dob, gender, phone, address, dept_id, course_id, current_semester, batch, personal_email, pathshala_email, alternative_phone, father_name, father_occupation, mother_name, mother_occupation, permanent_address, current_address, blood_group, section) VALUES (482, 535, '2221482', 'ENR-2221482', 'Sai', 'Chawla', '2004-06-16', 'Female', '9876500482', 'Pathshala Hostel Block C, Room 185', 1, 1, 1, '2025', 'student482.personal@gmail.com', '2221482.cse@pathshala.edu.in', '9123400482', 'Vijay Chawla', 'Private Service', 'Asha Chawla', 'Farmer', 'Salt Lake, Sector V, Kolkata', 'Pathshala Hostel Block C, Room 185', 'O+', 'B');
INSERT INTO users (id, role_id, username, email, password_hash, is_active) VALUES (536, 4, 'student483', '2221483.cse@pathshala.edu.in', '$2b$12$cmgDkq6jIKqKJhfp5NtXte6qOIpuYQVyNo0JGROE.lE83pi2rEZWm', 1);
INSERT INTO student_profiles (id, user_id, roll_no, enrollment_no, first_name, last_name, dob, gender, phone, address, dept_id, course_id, current_semester, batch, personal_email, pathshala_email, alternative_phone, father_name, father_occupation, mother_name, mother_occupation, permanent_address, current_address, blood_group, section) VALUES (483, 536, '2221483', 'ENR-2221483', 'Khushi', 'Shah', '2004-02-20', 'Female', '9876500483', 'Pathshala Hostel Block D, Room 331', 1, 1, 2, '2025', 'student483.personal@gmail.com', '2221483.cse@pathshala.edu.in', '9123400483', 'Alok Shah', 'Retired', 'Asha Shah', 'Retired', 'Sector 15, Noida, Uttar Pradesh', 'Pathshala Hostel Block D, Room 331', 'O+', 'A');
INSERT INTO users (id, role_id, username, email, password_hash, is_active) VALUES (537, 4, 'student484', '2221484.cse@pathshala.edu.in', '$2b$12$cmgDkq6jIKqKJhfp5NtXte6qOIpuYQVyNo0JGROE.lE83pi2rEZWm', 1);
INSERT INTO student_profiles (id, user_id, roll_no, enrollment_no, first_name, last_name, dob, gender, phone, address, dept_id, course_id, current_semester, batch, personal_email, pathshala_email, alternative_phone, father_name, father_occupation, mother_name, mother_occupation, permanent_address, current_address, blood_group, section) VALUES (484, 537, '2221484', 'ENR-2221484', 'Vihaan', 'Desai', '2003-07-11', 'Female', '9876500484', 'Pathshala Hostel Block C, Room 409', 1, 1, 2, '2025', 'student484.personal@gmail.com', '2221484.cse@pathshala.edu.in', '9123400484', 'Manoj Desai', 'Government Service', 'Kavita Desai', 'Consultant', '123, MG Road, Sector 4, Bangalore, Karnataka', 'Pathshala Hostel Block C, Room 409', 'AB+', 'B');
INSERT INTO users (id, role_id, username, email, password_hash, is_active) VALUES (538, 4, 'student485', '2221485.cse@pathshala.edu.in', '$2b$12$cmgDkq6jIKqKJhfp5NtXte6qOIpuYQVyNo0JGROE.lE83pi2rEZWm', 1);
INSERT INTO student_profiles (id, user_id, roll_no, enrollment_no, first_name, last_name, dob, gender, phone, address, dept_id, course_id, current_semester, batch, personal_email, pathshala_email, alternative_phone, father_name, father_occupation, mother_name, mother_occupation, permanent_address, current_address, blood_group, section) VALUES (485, 538, '2221485', 'ENR-2221485', 'Ananya', 'Bose', '2004-06-09', 'Male', '9876500485', 'Pathshala Hostel Block A, Room 384', 1, 1, 3, '2024', 'student485.personal@gmail.com', '2221485.cse@pathshala.edu.in', '9123400485', 'Sanjay Bose', 'Engineer', 'Meena Bose', 'Engineer', 'Civil Lines, Jaipur, Rajasthan', 'Pathshala Hostel Block A, Room 384', 'O-', 'A');
INSERT INTO users (id, role_id, username, email, password_hash, is_active) VALUES (539, 4, 'student486', '2221486.cse@pathshala.edu.in', '$2b$12$cmgDkq6jIKqKJhfp5NtXte6qOIpuYQVyNo0JGROE.lE83pi2rEZWm', 1);
INSERT INTO student_profiles (id, user_id, roll_no, enrollment_no, first_name, last_name, dob, gender, phone, address, dept_id, course_id, current_semester, batch, personal_email, pathshala_email, alternative_phone, father_name, father_occupation, mother_name, mother_occupation, permanent_address, current_address, blood_group, section) VALUES (486, 539, '2221486', 'ENR-2221486', 'Aaradhya', 'Das', '2002-11-11', 'Male', '9876500486', 'Pathshala Hostel Block D, Room 155', 1, 1, 3, '2024', 'student486.personal@gmail.com', '2221486.cse@pathshala.edu.in', '9123400486', 'Sanjay Das', 'Teacher', 'Asha Das', 'Teacher', '45, Park Street, Kolkata, West Bengal', 'Pathshala Hostel Block D, Room 155', 'B+', 'B');
INSERT INTO users (id, role_id, username, email, password_hash, is_active) VALUES (540, 4, 'student487', '2221487.cse@pathshala.edu.in', '$2b$12$cmgDkq6jIKqKJhfp5NtXte6qOIpuYQVyNo0JGROE.lE83pi2rEZWm', 1);
INSERT INTO student_profiles (id, user_id, roll_no, enrollment_no, first_name, last_name, dob, gender, phone, address, dept_id, course_id, current_semester, batch, personal_email, pathshala_email, alternative_phone, father_name, father_occupation, mother_name, mother_occupation, permanent_address, current_address, blood_group, section) VALUES (487, 540, '2221487', 'ENR-2221487', 'Aaradhya', 'Malhotra', '2003-11-24', 'Male', '9876500487', 'Pathshala Hostel Block B, Room 331', 1, 1, 4, '2024', 'student487.personal@gmail.com', '2221487.cse@pathshala.edu.in', '9123400487', 'Alok Malhotra', 'Engineer', 'Rekha Malhotra', 'Business Owner', 'Kadam Kuan, Patna, Bihar', 'Pathshala Hostel Block B, Room 331', 'A+', 'A');
INSERT INTO users (id, role_id, username, email, password_hash, is_active) VALUES (541, 4, 'student488', '2221488.cse@pathshala.edu.in', '$2b$12$cmgDkq6jIKqKJhfp5NtXte6qOIpuYQVyNo0JGROE.lE83pi2rEZWm', 1);
INSERT INTO student_profiles (id, user_id, roll_no, enrollment_no, first_name, last_name, dob, gender, phone, address, dept_id, course_id, current_semester, batch, personal_email, pathshala_email, alternative_phone, father_name, father_occupation, mother_name, mother_occupation, permanent_address, current_address, blood_group, section) VALUES (488, 541, '2221488', 'ENR-2221488', 'Aditya', 'Desai', '2002-05-30', 'Male', '9876500488', 'Pathshala Hostel Block C, Room 187', 1, 1, 4, '2024', 'student488.personal@gmail.com', '2221488.cse@pathshala.edu.in', '9123400488', 'Suresh Desai', 'Teacher', 'Seema Desai', 'Teacher', 'Sector 15, Noida, Uttar Pradesh', 'Pathshala Hostel Block C, Room 187', 'A+', 'B');
INSERT INTO users (id, role_id, username, email, password_hash, is_active) VALUES (542, 4, 'student489', '2221489.cse@pathshala.edu.in', '$2b$12$cmgDkq6jIKqKJhfp5NtXte6qOIpuYQVyNo0JGROE.lE83pi2rEZWm', 1);
INSERT INTO student_profiles (id, user_id, roll_no, enrollment_no, first_name, last_name, dob, gender, phone, address, dept_id, course_id, current_semester, batch, personal_email, pathshala_email, alternative_phone, father_name, father_occupation, mother_name, mother_occupation, permanent_address, current_address, blood_group, section) VALUES (489, 542, '2221489', 'ENR-2221489', 'Myra', 'Reddy', '2002-02-05', 'Female', '9876500489', 'Pathshala Hostel Block C, Room 470', 1, 1, 5, '2023', 'student489.personal@gmail.com', '2221489.cse@pathshala.edu.in', '9123400489', 'Suresh Reddy', 'Retired', 'Aarti Reddy', 'Teacher', '99, Gachibowli, Hyderabad, Telangana', 'Pathshala Hostel Block C, Room 470', 'A+', 'A');
INSERT INTO users (id, role_id, username, email, password_hash, is_active) VALUES (543, 4, 'student490', '2221490.cse@pathshala.edu.in', '$2b$12$cmgDkq6jIKqKJhfp5NtXte6qOIpuYQVyNo0JGROE.lE83pi2rEZWm', 1);
INSERT INTO student_profiles (id, user_id, roll_no, enrollment_no, first_name, last_name, dob, gender, phone, address, dept_id, course_id, current_semester, batch, personal_email, pathshala_email, alternative_phone, father_name, father_occupation, mother_name, mother_occupation, permanent_address, current_address, blood_group, section) VALUES (490, 543, '2221490', 'ENR-2221490', 'Karan', 'Joshi', '2004-07-11', 'Female', '9876500490', 'Pathshala Hostel Block D, Room 429', 1, 1, 5, '2023', 'student490.personal@gmail.com', '2221490.cse@pathshala.edu.in', '9123400490', 'Alok Joshi', 'Doctor', 'Kiran Joshi', 'Clerk', '99, Gachibowli, Hyderabad, Telangana', 'Pathshala Hostel Block D, Room 429', 'A-', 'B');
INSERT INTO users (id, role_id, username, email, password_hash, is_active) VALUES (544, 4, 'student491', '2221491.cse@pathshala.edu.in', '$2b$12$cmgDkq6jIKqKJhfp5NtXte6qOIpuYQVyNo0JGROE.lE83pi2rEZWm', 1);
INSERT INTO student_profiles (id, user_id, roll_no, enrollment_no, first_name, last_name, dob, gender, phone, address, dept_id, course_id, current_semester, batch, personal_email, pathshala_email, alternative_phone, father_name, father_occupation, mother_name, mother_occupation, permanent_address, current_address, blood_group, section) VALUES (491, 544, '2221491', 'ENR-2221491', 'Priya', 'Mehta', '2002-05-06', 'Female', '9876500491', 'Pathshala Hostel Block B, Room 189', 1, 1, 6, '2023', 'student491.personal@gmail.com', '2221491.cse@pathshala.edu.in', '9123400491', 'Suresh Mehta', 'Private Service', 'Kavita Mehta', 'Teacher', 'Kadam Kuan, Patna, Bihar', 'Pathshala Hostel Block B, Room 189', 'O-', 'A');
INSERT INTO users (id, role_id, username, email, password_hash, is_active) VALUES (545, 4, 'student492', '2221492.cse@pathshala.edu.in', '$2b$12$cmgDkq6jIKqKJhfp5NtXte6qOIpuYQVyNo0JGROE.lE83pi2rEZWm', 1);
INSERT INTO student_profiles (id, user_id, roll_no, enrollment_no, first_name, last_name, dob, gender, phone, address, dept_id, course_id, current_semester, batch, personal_email, pathshala_email, alternative_phone, father_name, father_occupation, mother_name, mother_occupation, permanent_address, current_address, blood_group, section) VALUES (492, 545, '2221492', 'ENR-2221492', 'Karan', 'Patil', '2002-05-07', 'Female', '9876500492', 'Pathshala Hostel Block B, Room 450', 1, 1, 6, '2023', 'student492.personal@gmail.com', '2221492.cse@pathshala.edu.in', '9123400492', 'Alok Patil', 'Engineer', 'Aarti Patil', 'Private Service', '78, Anna Salai, Chennai, Tamil Nadu', 'Pathshala Hostel Block B, Room 450', 'AB+', 'B');
INSERT INTO users (id, role_id, username, email, password_hash, is_active) VALUES (546, 4, 'student493', '2221493.cse@pathshala.edu.in', '$2b$12$cmgDkq6jIKqKJhfp5NtXte6qOIpuYQVyNo0JGROE.lE83pi2rEZWm', 1);
INSERT INTO student_profiles (id, user_id, roll_no, enrollment_no, first_name, last_name, dob, gender, phone, address, dept_id, course_id, current_semester, batch, personal_email, pathshala_email, alternative_phone, father_name, father_occupation, mother_name, mother_occupation, permanent_address, current_address, blood_group, section) VALUES (493, 546, '2221493', 'ENR-2221493', 'Abhishek', 'Joshi', '2004-01-19', 'Female', '9876500493', 'Pathshala Hostel Block C, Room 321', 1, 1, 7, '2022', 'student493.personal@gmail.com', '2221493.cse@pathshala.edu.in', '9123400493', 'Ashok Joshi', 'Clerk', 'Shanti Joshi', 'Business Owner', '45, Park Street, Kolkata, West Bengal', 'Pathshala Hostel Block C, Room 321', 'A-', 'A');
INSERT INTO users (id, role_id, username, email, password_hash, is_active) VALUES (547, 4, 'student494', '2221494.cse@pathshala.edu.in', '$2b$12$cmgDkq6jIKqKJhfp5NtXte6qOIpuYQVyNo0JGROE.lE83pi2rEZWm', 1);
INSERT INTO student_profiles (id, user_id, roll_no, enrollment_no, first_name, last_name, dob, gender, phone, address, dept_id, course_id, current_semester, batch, personal_email, pathshala_email, alternative_phone, father_name, father_occupation, mother_name, mother_occupation, permanent_address, current_address, blood_group, section) VALUES (494, 547, '2221494', 'ENR-2221494', 'Suresh', 'Kapoor', '2003-03-18', 'Female', '9876500494', 'Pathshala Hostel Block A, Room 143', 1, 1, 7, '2022', 'student494.personal@gmail.com', '2221494.cse@pathshala.edu.in', '9123400494', 'Sanjay Kapoor', 'Doctor', 'Anita Kapoor', 'Homemaker', 'Civil Lines, Jaipur, Rajasthan', 'Pathshala Hostel Block A, Room 143', 'A-', 'B');
INSERT INTO users (id, role_id, username, email, password_hash, is_active) VALUES (548, 4, 'student495', '2221495.cse@pathshala.edu.in', '$2b$12$cmgDkq6jIKqKJhfp5NtXte6qOIpuYQVyNo0JGROE.lE83pi2rEZWm', 1);
INSERT INTO student_profiles (id, user_id, roll_no, enrollment_no, first_name, last_name, dob, gender, phone, address, dept_id, course_id, current_semester, batch, personal_email, pathshala_email, alternative_phone, father_name, father_occupation, mother_name, mother_occupation, permanent_address, current_address, blood_group, section) VALUES (495, 548, '2221495', 'ENR-2221495', 'Sunil', 'Singh', '2002-02-12', 'Female', '9876500495', 'Pathshala Hostel Block C, Room 198', 1, 1, 8, '2022', 'student495.personal@gmail.com', '2221495.cse@pathshala.edu.in', '9123400495', 'Ashok Singh', 'Consultant', 'Anita Singh', 'Government Service', 'Sector 15, Noida, Uttar Pradesh', 'Pathshala Hostel Block C, Room 198', 'B+', 'A');
INSERT INTO users (id, role_id, username, email, password_hash, is_active) VALUES (549, 4, 'student496', '2221496.cse@pathshala.edu.in', '$2b$12$cmgDkq6jIKqKJhfp5NtXte6qOIpuYQVyNo0JGROE.lE83pi2rEZWm', 1);
INSERT INTO student_profiles (id, user_id, roll_no, enrollment_no, first_name, last_name, dob, gender, phone, address, dept_id, course_id, current_semester, batch, personal_email, pathshala_email, alternative_phone, father_name, father_occupation, mother_name, mother_occupation, permanent_address, current_address, blood_group, section) VALUES (496, 549, '2221496', 'ENR-2221496', 'Vihaan', 'Singh', '2004-02-28', 'Female', '9876500496', 'Pathshala Hostel Block B, Room 403', 1, 1, 8, '2022', 'student496.personal@gmail.com', '2221496.cse@pathshala.edu.in', '9123400496', 'Ramesh Singh', 'Homemaker', 'Kavita Singh', 'Homemaker', '12, Marine Drive, Mumbai, Maharashtra', 'Pathshala Hostel Block B, Room 403', 'B+', 'B');
INSERT INTO users (id, role_id, username, email, password_hash, is_active) VALUES (550, 4, 'student497', '2221497.ece@pathshala.edu.in', '$2b$12$cmgDkq6jIKqKJhfp5NtXte6qOIpuYQVyNo0JGROE.lE83pi2rEZWm', 1);
INSERT INTO student_profiles (id, user_id, roll_no, enrollment_no, first_name, last_name, dob, gender, phone, address, dept_id, course_id, current_semester, batch, personal_email, pathshala_email, alternative_phone, father_name, father_occupation, mother_name, mother_occupation, permanent_address, current_address, blood_group, section) VALUES (497, 550, '2221497', 'ENR-2221497', 'Krishna', 'Desai', '2003-06-19', 'Male', '9876500497', 'Pathshala Hostel Block C, Room 453', 2, 2, 1, '2025', 'student497.personal@gmail.com', '2221497.ece@pathshala.edu.in', '9123400497', 'Deepak Desai', 'Clerk', 'Kavita Desai', 'Manager', 'Mall Road, Shimla, Himachal Pradesh', 'Pathshala Hostel Block C, Room 453', 'A-', 'A');
INSERT INTO users (id, role_id, username, email, password_hash, is_active) VALUES (551, 4, 'student498', '2221498.ece@pathshala.edu.in', '$2b$12$cmgDkq6jIKqKJhfp5NtXte6qOIpuYQVyNo0JGROE.lE83pi2rEZWm', 1);
INSERT INTO student_profiles (id, user_id, roll_no, enrollment_no, first_name, last_name, dob, gender, phone, address, dept_id, course_id, current_semester, batch, personal_email, pathshala_email, alternative_phone, father_name, father_occupation, mother_name, mother_occupation, permanent_address, current_address, blood_group, section) VALUES (498, 551, '2221498', 'ENR-2221498', 'Krishna', 'Roy', '2002-12-25', 'Female', '9876500498', 'Pathshala Hostel Block D, Room 122', 2, 2, 1, '2025', 'student498.personal@gmail.com', '2221498.ece@pathshala.edu.in', '9123400498', 'Ramesh Roy', 'Government Service', 'Geeta Roy', 'Retired', '12, Marine Drive, Mumbai, Maharashtra', 'Pathshala Hostel Block D, Room 122', 'AB-', 'B');
INSERT INTO users (id, role_id, username, email, password_hash, is_active) VALUES (552, 4, 'student499', '2221499.ece@pathshala.edu.in', '$2b$12$cmgDkq6jIKqKJhfp5NtXte6qOIpuYQVyNo0JGROE.lE83pi2rEZWm', 1);
INSERT INTO student_profiles (id, user_id, roll_no, enrollment_no, first_name, last_name, dob, gender, phone, address, dept_id, course_id, current_semester, batch, personal_email, pathshala_email, alternative_phone, father_name, father_occupation, mother_name, mother_occupation, permanent_address, current_address, blood_group, section) VALUES (499, 552, '2221499', 'ENR-2221499', 'Harsh', 'Desai', '2003-10-19', 'Female', '9876500499', 'Pathshala Hostel Block C, Room 134', 2, 2, 2, '2025', 'student499.personal@gmail.com', '2221499.ece@pathshala.edu.in', '9123400499', 'Anil Desai', 'Farmer', 'Kiran Desai', 'Teacher', '99, Gachibowli, Hyderabad, Telangana', 'Pathshala Hostel Block C, Room 134', 'A-', 'A');
INSERT INTO users (id, role_id, username, email, password_hash, is_active) VALUES (553, 4, 'student500', '2221500.ece@pathshala.edu.in', '$2b$12$cmgDkq6jIKqKJhfp5NtXte6qOIpuYQVyNo0JGROE.lE83pi2rEZWm', 1);
INSERT INTO student_profiles (id, user_id, roll_no, enrollment_no, first_name, last_name, dob, gender, phone, address, dept_id, course_id, current_semester, batch, personal_email, pathshala_email, alternative_phone, father_name, father_occupation, mother_name, mother_occupation, permanent_address, current_address, blood_group, section) VALUES (500, 553, '2221500', 'ENR-2221500', 'Atharva', 'Iyer', '2004-09-09', 'Male', '9876500500', 'Pathshala Hostel Block C, Room 397', 2, 2, 2, '2025', 'student500.personal@gmail.com', '2221500.ece@pathshala.edu.in', '9123400500', 'Mahesh Iyer', 'Consultant', 'Aarti Iyer', 'Business Owner', '12, Marine Drive, Mumbai, Maharashtra', 'Pathshala Hostel Block C, Room 397', 'A-', 'B');
INSERT INTO fee_structures (id, course_id, academic_year, total_amount) VALUES (1, 1, '2023-24', 103018);
INSERT INTO fee_structures (id, course_id, academic_year, total_amount) VALUES (2, 2, '2023-24', 77663);
INSERT INTO fee_structures (id, course_id, academic_year, total_amount) VALUES (3, 3, '2023-24', 99039);
INSERT INTO fee_structures (id, course_id, academic_year, total_amount) VALUES (4, 4, '2023-24', 88471);
INSERT INTO fee_structures (id, course_id, academic_year, total_amount) VALUES (5, 5, '2023-24', 117401);
INSERT INTO fee_payments (student_id, fee_structure_id, amount_paid, payment_date, payment_method, status) VALUES (112, 2, 67403, '2024-03-11', 'UPI / NetBanking', 'Completed');
INSERT INTO fee_payments (student_id, fee_structure_id, amount_paid, payment_date, payment_method, status) VALUES (34, 3, 71359, '2024-01-09', 'Credit Card', 'Completed');
INSERT INTO fee_payments (student_id, fee_structure_id, amount_paid, payment_date, payment_method, status) VALUES (129, 4, 56431, '2024-04-30', 'Debit Card', 'Pending');
INSERT INTO fee_payments (student_id, fee_structure_id, amount_paid, payment_date, payment_method, status) VALUES (468, 5, 58285, '2024-05-23', 'Debit Card', 'Completed');
INSERT INTO fee_payments (student_id, fee_structure_id, amount_paid, payment_date, payment_method, status) VALUES (53, 4, 59584, '2024-03-01', 'UPI / NetBanking', 'Completed');
INSERT INTO fee_payments (student_id, fee_structure_id, amount_paid, payment_date, payment_method, status) VALUES (265, 2, 51743, '2024-05-22', 'Debit Card', 'Completed');
INSERT INTO fee_payments (student_id, fee_structure_id, amount_paid, payment_date, payment_method, status) VALUES (350, 2, 60898, '2024-03-22', 'Debit Card', 'Pending');
INSERT INTO fee_payments (student_id, fee_structure_id, amount_paid, payment_date, payment_method, status) VALUES (180, 2, 65263, '2024-05-25', 'Debit Card', 'Pending');
INSERT INTO fee_payments (student_id, fee_structure_id, amount_paid, payment_date, payment_method, status) VALUES (229, 5, 57555, '2024-05-06', 'Debit Card', 'Pending');
INSERT INTO fee_payments (student_id, fee_structure_id, amount_paid, payment_date, payment_method, status) VALUES (444, 3, 74688, '2024-01-08', 'UPI / NetBanking', 'Completed');
INSERT INTO fee_payments (student_id, fee_structure_id, amount_paid, payment_date, payment_method, status) VALUES (84, 1, 70821, '2024-01-02', 'Debit Card', 'Completed');
INSERT INTO fee_payments (student_id, fee_structure_id, amount_paid, payment_date, payment_method, status) VALUES (496, 1, 73724, '2024-05-14', 'UPI / NetBanking', 'Completed');
INSERT INTO fee_payments (student_id, fee_structure_id, amount_paid, payment_date, payment_method, status) VALUES (358, 3, 73541, '2024-02-18', 'Debit Card', 'Pending');
INSERT INTO fee_payments (student_id, fee_structure_id, amount_paid, payment_date, payment_method, status) VALUES (340, 2, 52464, '2024-04-08', 'Debit Card', 'Pending');
INSERT INTO fee_payments (student_id, fee_structure_id, amount_paid, payment_date, payment_method, status) VALUES (339, 2, 60092, '2024-05-17', 'Credit Card', 'Pending');
INSERT INTO fee_payments (student_id, fee_structure_id, amount_paid, payment_date, payment_method, status) VALUES (292, 4, 51333, '2024-01-16', 'Credit Card', 'Completed');
INSERT INTO fee_payments (student_id, fee_structure_id, amount_paid, payment_date, payment_method, status) VALUES (444, 3, 69837, '2024-04-28', 'Credit Card', 'Completed');
INSERT INTO fee_payments (student_id, fee_structure_id, amount_paid, payment_date, payment_method, status) VALUES (73, 5, 72199, '2024-04-20', 'UPI / NetBanking', 'Pending');
INSERT INTO fee_payments (student_id, fee_structure_id, amount_paid, payment_date, payment_method, status) VALUES (147, 5, 59403, '2024-03-22', 'Debit Card', 'Completed');
INSERT INTO fee_payments (student_id, fee_structure_id, amount_paid, payment_date, payment_method, status) VALUES (105, 2, 68275, '2024-03-10', 'Credit Card', 'Pending');
INSERT INTO fee_payments (student_id, fee_structure_id, amount_paid, payment_date, payment_method, status) VALUES (47, 3, 67528, '2024-01-08', 'Credit Card', 'Pending');
INSERT INTO fee_payments (student_id, fee_structure_id, amount_paid, payment_date, payment_method, status) VALUES (261, 2, 57481, '2024-05-17', 'Credit Card', 'Completed');
INSERT INTO fee_payments (student_id, fee_structure_id, amount_paid, payment_date, payment_method, status) VALUES (344, 2, 67313, '2024-04-22', 'UPI / NetBanking', 'Pending');
INSERT INTO fee_payments (student_id, fee_structure_id, amount_paid, payment_date, payment_method, status) VALUES (323, 1, 53297, '2024-03-06', 'Credit Card', 'Completed');
INSERT INTO fee_payments (student_id, fee_structure_id, amount_paid, payment_date, payment_method, status) VALUES (457, 4, 58070, '2024-05-21', 'Credit Card', 'Completed');
INSERT INTO fee_payments (student_id, fee_structure_id, amount_paid, payment_date, payment_method, status) VALUES (405, 1, 73648, '2024-04-04', 'Credit Card', 'Pending');
INSERT INTO fee_payments (student_id, fee_structure_id, amount_paid, payment_date, payment_method, status) VALUES (196, 3, 65590, '2024-01-12', 'UPI / NetBanking', 'Completed');
INSERT INTO fee_payments (student_id, fee_structure_id, amount_paid, payment_date, payment_method, status) VALUES (346, 2, 56247, '2024-03-23', 'Debit Card', 'Completed');
INSERT INTO fee_payments (student_id, fee_structure_id, amount_paid, payment_date, payment_method, status) VALUES (346, 2, 63562, '2024-01-21', 'Credit Card', 'Completed');
INSERT INTO fee_payments (student_id, fee_structure_id, amount_paid, payment_date, payment_method, status) VALUES (343, 2, 73916, '2024-02-28', 'UPI / NetBanking', 'Pending');
INSERT INTO fee_payments (student_id, fee_structure_id, amount_paid, payment_date, payment_method, status) VALUES (234, 5, 62468, '2024-04-04', 'Credit Card', 'Completed');
INSERT INTO fee_payments (student_id, fee_structure_id, amount_paid, payment_date, payment_method, status) VALUES (104, 2, 63942, '2024-01-11', 'UPI / NetBanking', 'Pending');
INSERT INTO fee_payments (student_id, fee_structure_id, amount_paid, payment_date, payment_method, status) VALUES (346, 2, 51646, '2024-02-05', 'Credit Card', 'Completed');
INSERT INTO fee_payments (student_id, fee_structure_id, amount_paid, payment_date, payment_method, status) VALUES (123, 3, 71908, '2024-02-02', 'Credit Card', 'Pending');
INSERT INTO fee_payments (student_id, fee_structure_id, amount_paid, payment_date, payment_method, status) VALUES (499, 2, 59543, '2024-02-09', 'Credit Card', 'Pending');
INSERT INTO fee_payments (student_id, fee_structure_id, amount_paid, payment_date, payment_method, status) VALUES (395, 5, 60807, '2024-01-16', 'UPI / NetBanking', 'Pending');
INSERT INTO fee_payments (student_id, fee_structure_id, amount_paid, payment_date, payment_method, status) VALUES (296, 4, 50506, '2024-03-23', 'Credit Card', 'Completed');
INSERT INTO fee_payments (student_id, fee_structure_id, amount_paid, payment_date, payment_method, status) VALUES (331, 1, 60354, '2024-02-08', 'UPI / NetBanking', 'Pending');
INSERT INTO fee_payments (student_id, fee_structure_id, amount_paid, payment_date, payment_method, status) VALUES (154, 5, 72113, '2024-04-21', 'UPI / NetBanking', 'Pending');
INSERT INTO fee_payments (student_id, fee_structure_id, amount_paid, payment_date, payment_method, status) VALUES (190, 2, 55710, '2024-01-13', 'Debit Card', 'Completed');
INSERT INTO fee_payments (student_id, fee_structure_id, amount_paid, payment_date, payment_method, status) VALUES (23, 2, 62555, '2024-04-27', 'Debit Card', 'Pending');
INSERT INTO fee_payments (student_id, fee_structure_id, amount_paid, payment_date, payment_method, status) VALUES (7, 1, 52956, '2024-04-26', 'Credit Card', 'Completed');
INSERT INTO fee_payments (student_id, fee_structure_id, amount_paid, payment_date, payment_method, status) VALUES (444, 3, 66002, '2024-01-30', 'Debit Card', 'Pending');
INSERT INTO fee_payments (student_id, fee_structure_id, amount_paid, payment_date, payment_method, status) VALUES (269, 2, 67175, '2024-03-15', 'Credit Card', 'Pending');
INSERT INTO fee_payments (student_id, fee_structure_id, amount_paid, payment_date, payment_method, status) VALUES (93, 1, 54482, '2024-01-27', 'UPI / NetBanking', 'Pending');
INSERT INTO fee_payments (student_id, fee_structure_id, amount_paid, payment_date, payment_method, status) VALUES (399, 5, 59509, '2024-04-30', 'Debit Card', 'Completed');
INSERT INTO fee_payments (student_id, fee_structure_id, amount_paid, payment_date, payment_method, status) VALUES (409, 1, 68768, '2024-02-04', 'UPI / NetBanking', 'Pending');
INSERT INTO fee_payments (student_id, fee_structure_id, amount_paid, payment_date, payment_method, status) VALUES (376, 4, 59533, '2024-04-19', 'Credit Card', 'Completed');
INSERT INTO fee_payments (student_id, fee_structure_id, amount_paid, payment_date, payment_method, status) VALUES (256, 1, 55828, '2024-02-01', 'Debit Card', 'Completed');
INSERT INTO fee_payments (student_id, fee_structure_id, amount_paid, payment_date, payment_method, status) VALUES (317, 5, 53998, '2024-04-10', 'Debit Card', 'Completed');
INSERT INTO fee_payments (student_id, fee_structure_id, amount_paid, payment_date, payment_method, status) VALUES (267, 2, 50571, '2024-01-30', 'Debit Card', 'Pending');
INSERT INTO fee_payments (student_id, fee_structure_id, amount_paid, payment_date, payment_method, status) VALUES (227, 5, 54028, '2024-03-10', 'Credit Card', 'Pending');
INSERT INTO fee_payments (student_id, fee_structure_id, amount_paid, payment_date, payment_method, status) VALUES (127, 3, 61652, '2024-03-22', 'Credit Card', 'Completed');
INSERT INTO fee_payments (student_id, fee_structure_id, amount_paid, payment_date, payment_method, status) VALUES (371, 4, 70800, '2024-02-19', 'Debit Card', 'Completed');
INSERT INTO fee_payments (student_id, fee_structure_id, amount_paid, payment_date, payment_method, status) VALUES (492, 1, 73138, '2024-01-28', 'Debit Card', 'Pending');
INSERT INTO fee_payments (student_id, fee_structure_id, amount_paid, payment_date, payment_method, status) VALUES (157, 5, 65833, '2024-05-08', 'Credit Card', 'Completed');
INSERT INTO fee_payments (student_id, fee_structure_id, amount_paid, payment_date, payment_method, status) VALUES (377, 4, 69001, '2024-04-24', 'UPI / NetBanking', 'Completed');
INSERT INTO fee_payments (student_id, fee_structure_id, amount_paid, payment_date, payment_method, status) VALUES (498, 2, 56038, '2024-04-01', 'UPI / NetBanking', 'Pending');
INSERT INTO fee_payments (student_id, fee_structure_id, amount_paid, payment_date, payment_method, status) VALUES (460, 4, 57646, '2024-05-27', 'UPI / NetBanking', 'Completed');
INSERT INTO fee_payments (student_id, fee_structure_id, amount_paid, payment_date, payment_method, status) VALUES (32, 2, 52975, '2024-01-14', 'Debit Card', 'Pending');
INSERT INTO fee_payments (student_id, fee_structure_id, amount_paid, payment_date, payment_method, status) VALUES (188, 2, 67457, '2024-03-07', 'Debit Card', 'Completed');
INSERT INTO fee_payments (student_id, fee_structure_id, amount_paid, payment_date, payment_method, status) VALUES (271, 2, 65990, '2024-01-10', 'Debit Card', 'Pending');
INSERT INTO fee_payments (student_id, fee_structure_id, amount_paid, payment_date, payment_method, status) VALUES (386, 5, 57344, '2024-01-02', 'Debit Card', 'Completed');
INSERT INTO fee_payments (student_id, fee_structure_id, amount_paid, payment_date, payment_method, status) VALUES (56, 4, 51833, '2024-03-11', 'Credit Card', 'Completed');
INSERT INTO fee_payments (student_id, fee_structure_id, amount_paid, payment_date, payment_method, status) VALUES (15, 1, 68553, '2024-05-29', 'Credit Card', 'Completed');
INSERT INTO fee_payments (student_id, fee_structure_id, amount_paid, payment_date, payment_method, status) VALUES (494, 1, 56296, '2024-05-22', 'Debit Card', 'Pending');
INSERT INTO fee_payments (student_id, fee_structure_id, amount_paid, payment_date, payment_method, status) VALUES (40, 3, 64524, '2024-04-19', 'UPI / NetBanking', 'Completed');
INSERT INTO fee_payments (student_id, fee_structure_id, amount_paid, payment_date, payment_method, status) VALUES (185, 2, 65686, '2024-05-21', 'Debit Card', 'Pending');
INSERT INTO fee_payments (student_id, fee_structure_id, amount_paid, payment_date, payment_method, status) VALUES (433, 3, 53219, '2024-05-25', 'Debit Card', 'Pending');
INSERT INTO fee_payments (student_id, fee_structure_id, amount_paid, payment_date, payment_method, status) VALUES (428, 2, 67496, '2024-04-13', 'Debit Card', 'Completed');
INSERT INTO fee_payments (student_id, fee_structure_id, amount_paid, payment_date, payment_method, status) VALUES (40, 3, 74344, '2024-05-21', 'Debit Card', 'Completed');
INSERT INTO fee_payments (student_id, fee_structure_id, amount_paid, payment_date, payment_method, status) VALUES (16, 1, 74611, '2024-02-16', 'Debit Card', 'Completed');
INSERT INTO fee_payments (student_id, fee_structure_id, amount_paid, payment_date, payment_method, status) VALUES (460, 4, 54570, '2024-03-15', 'UPI / NetBanking', 'Completed');
INSERT INTO fee_payments (student_id, fee_structure_id, amount_paid, payment_date, payment_method, status) VALUES (339, 2, 63942, '2024-04-21', 'Debit Card', 'Pending');
INSERT INTO fee_payments (student_id, fee_structure_id, amount_paid, payment_date, payment_method, status) VALUES (348, 2, 62128, '2024-04-23', 'Debit Card', 'Completed');
INSERT INTO fee_payments (student_id, fee_structure_id, amount_paid, payment_date, payment_method, status) VALUES (270, 2, 51086, '2024-05-11', 'UPI / NetBanking', 'Completed');
INSERT INTO fee_payments (student_id, fee_structure_id, amount_paid, payment_date, payment_method, status) VALUES (479, 5, 69022, '2024-02-03', 'Debit Card', 'Pending');
INSERT INTO fee_payments (student_id, fee_structure_id, amount_paid, payment_date, payment_method, status) VALUES (326, 1, 60689, '2024-01-08', 'UPI / NetBanking', 'Pending');
INSERT INTO fee_payments (student_id, fee_structure_id, amount_paid, payment_date, payment_method, status) VALUES (17, 2, 72324, '2024-02-04', 'Debit Card', 'Completed');
INSERT INTO fee_payments (student_id, fee_structure_id, amount_paid, payment_date, payment_method, status) VALUES (319, 5, 69867, '2024-02-18', 'UPI / NetBanking', 'Pending');
INSERT INTO fee_payments (student_id, fee_structure_id, amount_paid, payment_date, payment_method, status) VALUES (478, 5, 64150, '2024-01-21', 'Debit Card', 'Completed');
INSERT INTO fee_payments (student_id, fee_structure_id, amount_paid, payment_date, payment_method, status) VALUES (403, 1, 64339, '2024-05-20', 'Credit Card', 'Pending');
INSERT INTO fee_payments (student_id, fee_structure_id, amount_paid, payment_date, payment_method, status) VALUES (234, 5, 65443, '2024-01-08', 'Credit Card', 'Completed');
INSERT INTO fee_payments (student_id, fee_structure_id, amount_paid, payment_date, payment_method, status) VALUES (47, 3, 52379, '2024-03-06', 'UPI / NetBanking', 'Pending');
INSERT INTO fee_payments (student_id, fee_structure_id, amount_paid, payment_date, payment_method, status) VALUES (383, 4, 68063, '2024-04-23', 'Debit Card', 'Completed');
INSERT INTO fee_payments (student_id, fee_structure_id, amount_paid, payment_date, payment_method, status) VALUES (244, 1, 58887, '2024-03-25', 'Credit Card', 'Completed');
INSERT INTO fee_payments (student_id, fee_structure_id, amount_paid, payment_date, payment_method, status) VALUES (271, 2, 74579, '2024-03-16', 'Credit Card', 'Pending');
INSERT INTO fee_payments (student_id, fee_structure_id, amount_paid, payment_date, payment_method, status) VALUES (160, 5, 73044, '2024-05-16', 'Debit Card', 'Pending');
INSERT INTO fee_payments (student_id, fee_structure_id, amount_paid, payment_date, payment_method, status) VALUES (90, 1, 58200, '2024-04-06', 'Debit Card', 'Completed');
INSERT INTO fee_payments (student_id, fee_structure_id, amount_paid, payment_date, payment_method, status) VALUES (175, 1, 58988, '2024-01-29', 'UPI / NetBanking', 'Pending');
INSERT INTO fee_payments (student_id, fee_structure_id, amount_paid, payment_date, payment_method, status) VALUES (308, 5, 58892, '2024-02-03', 'Credit Card', 'Pending');
INSERT INTO fee_payments (student_id, fee_structure_id, amount_paid, payment_date, payment_method, status) VALUES (380, 4, 55886, '2024-05-09', 'Debit Card', 'Completed');
INSERT INTO fee_payments (student_id, fee_structure_id, amount_paid, payment_date, payment_method, status) VALUES (237, 5, 53297, '2024-05-23', 'UPI / NetBanking', 'Completed');
INSERT INTO fee_payments (student_id, fee_structure_id, amount_paid, payment_date, payment_method, status) VALUES (91, 1, 63664, '2024-01-24', 'Credit Card', 'Completed');
INSERT INTO fee_payments (student_id, fee_structure_id, amount_paid, payment_date, payment_method, status) VALUES (3, 1, 67660, '2024-05-03', 'Credit Card', 'Pending');
INSERT INTO fee_payments (student_id, fee_structure_id, amount_paid, payment_date, payment_method, status) VALUES (40, 3, 70272, '2024-05-14', 'Debit Card', 'Completed');
INSERT INTO fee_payments (student_id, fee_structure_id, amount_paid, payment_date, payment_method, status) VALUES (349, 2, 56292, '2024-05-16', 'Credit Card', 'Pending');
INSERT INTO fee_payments (student_id, fee_structure_id, amount_paid, payment_date, payment_method, status) VALUES (115, 3, 63742, '2024-01-07', 'Credit Card', 'Completed');
INSERT INTO fee_payments (student_id, fee_structure_id, amount_paid, payment_date, payment_method, status) VALUES (442, 3, 71559, '2024-03-30', 'UPI / NetBanking', 'Pending');
INSERT INTO fee_payments (student_id, fee_structure_id, amount_paid, payment_date, payment_method, status) VALUES (167, 1, 51277, '2024-03-01', 'Credit Card', 'Pending');
INSERT INTO fee_payments (student_id, fee_structure_id, amount_paid, payment_date, payment_method, status) VALUES (287, 3, 68891, '2024-02-19', 'Credit Card', 'Completed');
INSERT INTO fee_payments (student_id, fee_structure_id, amount_paid, payment_date, payment_method, status) VALUES (176, 1, 66150, '2024-03-31', 'UPI / NetBanking', 'Pending');
INSERT INTO fee_payments (student_id, fee_structure_id, amount_paid, payment_date, payment_method, status) VALUES (366, 3, 55959, '2024-02-28', 'Credit Card', 'Completed');
INSERT INTO fee_payments (student_id, fee_structure_id, amount_paid, payment_date, payment_method, status) VALUES (201, 3, 74849, '2024-05-08', 'UPI / NetBanking', 'Completed');
INSERT INTO fee_payments (student_id, fee_structure_id, amount_paid, payment_date, payment_method, status) VALUES (385, 5, 54409, '2024-05-21', 'Debit Card', 'Completed');
INSERT INTO fee_payments (student_id, fee_structure_id, amount_paid, payment_date, payment_method, status) VALUES (84, 1, 52494, '2024-02-01', 'UPI / NetBanking', 'Completed');
INSERT INTO fee_payments (student_id, fee_structure_id, amount_paid, payment_date, payment_method, status) VALUES (439, 3, 54652, '2024-05-18', 'Debit Card', 'Pending');
INSERT INTO fee_payments (student_id, fee_structure_id, amount_paid, payment_date, payment_method, status) VALUES (447, 3, 74286, '2024-02-23', 'Debit Card', 'Completed');
INSERT INTO fee_payments (student_id, fee_structure_id, amount_paid, payment_date, payment_method, status) VALUES (153, 5, 63255, '2024-05-22', 'UPI / NetBanking', 'Pending');
INSERT INTO fee_payments (student_id, fee_structure_id, amount_paid, payment_date, payment_method, status) VALUES (481, 1, 62037, '2024-05-26', 'UPI / NetBanking', 'Pending');
INSERT INTO fee_payments (student_id, fee_structure_id, amount_paid, payment_date, payment_method, status) VALUES (287, 3, 69534, '2024-05-17', 'Credit Card', 'Completed');
INSERT INTO fee_payments (student_id, fee_structure_id, amount_paid, payment_date, payment_method, status) VALUES (207, 3, 60658, '2024-02-21', 'UPI / NetBanking', 'Pending');
INSERT INTO fee_payments (student_id, fee_structure_id, amount_paid, payment_date, payment_method, status) VALUES (497, 2, 72665, '2024-03-26', 'Credit Card', 'Completed');
INSERT INTO fee_payments (student_id, fee_structure_id, amount_paid, payment_date, payment_method, status) VALUES (46, 3, 73962, '2024-05-25', 'Debit Card', 'Completed');
INSERT INTO fee_payments (student_id, fee_structure_id, amount_paid, payment_date, payment_method, status) VALUES (330, 1, 74543, '2024-03-22', 'Credit Card', 'Pending');
INSERT INTO fee_payments (student_id, fee_structure_id, amount_paid, payment_date, payment_method, status) VALUES (225, 5, 60450, '2024-03-22', 'Credit Card', 'Pending');
INSERT INTO fee_payments (student_id, fee_structure_id, amount_paid, payment_date, payment_method, status) VALUES (433, 3, 65458, '2024-01-20', 'Debit Card', 'Pending');
INSERT INTO fee_payments (student_id, fee_structure_id, amount_paid, payment_date, payment_method, status) VALUES (186, 2, 72455, '2024-03-26', 'Credit Card', 'Pending');
INSERT INTO fee_payments (student_id, fee_structure_id, amount_paid, payment_date, payment_method, status) VALUES (437, 3, 53818, '2024-03-29', 'UPI / NetBanking', 'Pending');
INSERT INTO fee_payments (student_id, fee_structure_id, amount_paid, payment_date, payment_method, status) VALUES (171, 1, 72570, '2024-02-11', 'Credit Card', 'Pending');
INSERT INTO fee_payments (student_id, fee_structure_id, amount_paid, payment_date, payment_method, status) VALUES (337, 2, 64108, '2024-05-21', 'Credit Card', 'Completed');
INSERT INTO fee_payments (student_id, fee_structure_id, amount_paid, payment_date, payment_method, status) VALUES (191, 2, 70851, '2024-03-06', 'UPI / NetBanking', 'Pending');
INSERT INTO fee_payments (student_id, fee_structure_id, amount_paid, payment_date, payment_method, status) VALUES (185, 2, 59231, '2024-05-30', 'UPI / NetBanking', 'Completed');
INSERT INTO fee_payments (student_id, fee_structure_id, amount_paid, payment_date, payment_method, status) VALUES (282, 3, 65500, '2024-02-27', 'UPI / NetBanking', 'Completed');
INSERT INTO fee_payments (student_id, fee_structure_id, amount_paid, payment_date, payment_method, status) VALUES (478, 5, 69449, '2024-01-11', 'UPI / NetBanking', 'Pending');
INSERT INTO fee_payments (student_id, fee_structure_id, amount_paid, payment_date, payment_method, status) VALUES (382, 4, 58455, '2024-01-23', 'Debit Card', 'Pending');
INSERT INTO fee_payments (student_id, fee_structure_id, amount_paid, payment_date, payment_method, status) VALUES (30, 2, 70300, '2024-03-19', 'Debit Card', 'Pending');
INSERT INTO fee_payments (student_id, fee_structure_id, amount_paid, payment_date, payment_method, status) VALUES (390, 5, 72814, '2024-05-27', 'UPI / NetBanking', 'Completed');
INSERT INTO fee_payments (student_id, fee_structure_id, amount_paid, payment_date, payment_method, status) VALUES (191, 2, 54940, '2024-02-27', 'Debit Card', 'Completed');
INSERT INTO fee_payments (student_id, fee_structure_id, amount_paid, payment_date, payment_method, status) VALUES (84, 1, 60796, '2024-04-12', 'Debit Card', 'Pending');
INSERT INTO fee_payments (student_id, fee_structure_id, amount_paid, payment_date, payment_method, status) VALUES (330, 1, 73033, '2024-01-21', 'Credit Card', 'Pending');
INSERT INTO fee_payments (student_id, fee_structure_id, amount_paid, payment_date, payment_method, status) VALUES (485, 1, 62699, '2024-05-29', 'UPI / NetBanking', 'Pending');
INSERT INTO fee_payments (student_id, fee_structure_id, amount_paid, payment_date, payment_method, status) VALUES (240, 5, 69223, '2024-04-12', 'Credit Card', 'Completed');
INSERT INTO fee_payments (student_id, fee_structure_id, amount_paid, payment_date, payment_method, status) VALUES (37, 3, 73574, '2024-03-24', 'Debit Card', 'Completed');
INSERT INTO fee_payments (student_id, fee_structure_id, amount_paid, payment_date, payment_method, status) VALUES (380, 4, 66796, '2024-02-11', 'Debit Card', 'Pending');
INSERT INTO fee_payments (student_id, fee_structure_id, amount_paid, payment_date, payment_method, status) VALUES (117, 3, 63115, '2024-05-21', 'Debit Card', 'Completed');
INSERT INTO fee_payments (student_id, fee_structure_id, amount_paid, payment_date, payment_method, status) VALUES (435, 3, 53299, '2024-04-05', 'Debit Card', 'Pending');
INSERT INTO fee_payments (student_id, fee_structure_id, amount_paid, payment_date, payment_method, status) VALUES (179, 2, 71056, '2024-05-12', 'UPI / NetBanking', 'Completed');
INSERT INTO fee_payments (student_id, fee_structure_id, amount_paid, payment_date, payment_method, status) VALUES (366, 3, 50274, '2024-02-07', 'Credit Card', 'Pending');
INSERT INTO fee_payments (student_id, fee_structure_id, amount_paid, payment_date, payment_method, status) VALUES (165, 1, 64882, '2024-03-06', 'Debit Card', 'Completed');
INSERT INTO fee_payments (student_id, fee_structure_id, amount_paid, payment_date, payment_method, status) VALUES (455, 4, 55379, '2024-05-25', 'Debit Card', 'Completed');
INSERT INTO fee_payments (student_id, fee_structure_id, amount_paid, payment_date, payment_method, status) VALUES (335, 1, 66377, '2024-01-06', 'Credit Card', 'Completed');
INSERT INTO fee_payments (student_id, fee_structure_id, amount_paid, payment_date, payment_method, status) VALUES (129, 4, 58728, '2024-05-06', 'UPI / NetBanking', 'Completed');
INSERT INTO fee_payments (student_id, fee_structure_id, amount_paid, payment_date, payment_method, status) VALUES (14, 1, 74849, '2024-05-16', 'UPI / NetBanking', 'Pending');
INSERT INTO fee_payments (student_id, fee_structure_id, amount_paid, payment_date, payment_method, status) VALUES (487, 1, 50868, '2024-03-31', 'Credit Card', 'Completed');
INSERT INTO fee_payments (student_id, fee_structure_id, amount_paid, payment_date, payment_method, status) VALUES (139, 4, 65164, '2024-02-15', 'Credit Card', 'Pending');
INSERT INTO fee_payments (student_id, fee_structure_id, amount_paid, payment_date, payment_method, status) VALUES (430, 2, 59232, '2024-01-21', 'Debit Card', 'Pending');
INSERT INTO fee_payments (student_id, fee_structure_id, amount_paid, payment_date, payment_method, status) VALUES (357, 3, 61168, '2024-05-09', 'Debit Card', 'Pending');
INSERT INTO fee_payments (student_id, fee_structure_id, amount_paid, payment_date, payment_method, status) VALUES (16, 1, 74218, '2024-04-14', 'Debit Card', 'Pending');
INSERT INTO fee_payments (student_id, fee_structure_id, amount_paid, payment_date, payment_method, status) VALUES (43, 3, 65416, '2024-02-13', 'Credit Card', 'Completed');
INSERT INTO fee_payments (student_id, fee_structure_id, amount_paid, payment_date, payment_method, status) VALUES (114, 3, 64711, '2024-01-28', 'UPI / NetBanking', 'Completed');
INSERT INTO fee_payments (student_id, fee_structure_id, amount_paid, payment_date, payment_method, status) VALUES (218, 4, 69931, '2024-03-30', 'Credit Card', 'Completed');
INSERT INTO fee_payments (student_id, fee_structure_id, amount_paid, payment_date, payment_method, status) VALUES (476, 5, 72991, '2024-02-02', 'Debit Card', 'Completed');
INSERT INTO fee_payments (student_id, fee_structure_id, amount_paid, payment_date, payment_method, status) VALUES (247, 1, 53806, '2024-01-11', 'Credit Card', 'Pending');
INSERT INTO fee_payments (student_id, fee_structure_id, amount_paid, payment_date, payment_method, status) VALUES (26, 2, 73139, '2024-01-19', 'UPI / NetBanking', 'Pending');
INSERT INTO fee_payments (student_id, fee_structure_id, amount_paid, payment_date, payment_method, status) VALUES (135, 4, 74683, '2024-04-06', 'UPI / NetBanking', 'Completed');
INSERT INTO fee_payments (student_id, fee_structure_id, amount_paid, payment_date, payment_method, status) VALUES (484, 1, 62159, '2024-02-18', 'Credit Card', 'Completed');
INSERT INTO fee_payments (student_id, fee_structure_id, amount_paid, payment_date, payment_method, status) VALUES (148, 5, 59971, '2024-03-25', 'Credit Card', 'Completed');
INSERT INTO fee_payments (student_id, fee_structure_id, amount_paid, payment_date, payment_method, status) VALUES (100, 2, 69368, '2024-01-23', 'Debit Card', 'Pending');
INSERT INTO fee_payments (student_id, fee_structure_id, amount_paid, payment_date, payment_method, status) VALUES (343, 2, 62152, '2024-01-21', 'Debit Card', 'Completed');
INSERT INTO fee_payments (student_id, fee_structure_id, amount_paid, payment_date, payment_method, status) VALUES (35, 3, 62476, '2024-05-06', 'Debit Card', 'Pending');
INSERT INTO fee_payments (student_id, fee_structure_id, amount_paid, payment_date, payment_method, status) VALUES (295, 4, 67078, '2024-02-05', 'Credit Card', 'Completed');
INSERT INTO fee_payments (student_id, fee_structure_id, amount_paid, payment_date, payment_method, status) VALUES (413, 1, 56472, '2024-01-08', 'Debit Card', 'Completed');
INSERT INTO fee_payments (student_id, fee_structure_id, amount_paid, payment_date, payment_method, status) VALUES (455, 4, 50597, '2024-04-09', 'UPI / NetBanking', 'Pending');
INSERT INTO fee_payments (student_id, fee_structure_id, amount_paid, payment_date, payment_method, status) VALUES (494, 1, 51316, '2024-04-08', 'Debit Card', 'Completed');
INSERT INTO fee_payments (student_id, fee_structure_id, amount_paid, payment_date, payment_method, status) VALUES (191, 2, 69418, '2024-04-05', 'Credit Card', 'Completed');
INSERT INTO fee_payments (student_id, fee_structure_id, amount_paid, payment_date, payment_method, status) VALUES (324, 1, 56989, '2024-05-27', 'Credit Card', 'Pending');
INSERT INTO fee_payments (student_id, fee_structure_id, amount_paid, payment_date, payment_method, status) VALUES (414, 1, 68670, '2024-03-09', 'Debit Card', 'Pending');
INSERT INTO fee_payments (student_id, fee_structure_id, amount_paid, payment_date, payment_method, status) VALUES (117, 3, 59105, '2024-04-13', 'UPI / NetBanking', 'Pending');
INSERT INTO fee_payments (student_id, fee_structure_id, amount_paid, payment_date, payment_method, status) VALUES (244, 1, 67106, '2024-03-22', 'Credit Card', 'Completed');
INSERT INTO fee_payments (student_id, fee_structure_id, amount_paid, payment_date, payment_method, status) VALUES (52, 4, 53557, '2024-04-28', 'Debit Card', 'Pending');
INSERT INTO fee_payments (student_id, fee_structure_id, amount_paid, payment_date, payment_method, status) VALUES (292, 4, 59738, '2024-02-13', 'Credit Card', 'Completed');
INSERT INTO fee_payments (student_id, fee_structure_id, amount_paid, payment_date, payment_method, status) VALUES (293, 4, 58949, '2024-03-25', 'Credit Card', 'Pending');
INSERT INTO fee_payments (student_id, fee_structure_id, amount_paid, payment_date, payment_method, status) VALUES (71, 5, 64713, '2024-05-13', 'UPI / NetBanking', 'Pending');
INSERT INTO fee_payments (student_id, fee_structure_id, amount_paid, payment_date, payment_method, status) VALUES (21, 2, 59627, '2024-05-20', 'Debit Card', 'Completed');
INSERT INTO fee_payments (student_id, fee_structure_id, amount_paid, payment_date, payment_method, status) VALUES (382, 4, 62788, '2024-02-03', 'Credit Card', 'Completed');
INSERT INTO fee_payments (student_id, fee_structure_id, amount_paid, payment_date, payment_method, status) VALUES (14, 1, 61942, '2024-05-30', 'Debit Card', 'Completed');
INSERT INTO fee_payments (student_id, fee_structure_id, amount_paid, payment_date, payment_method, status) VALUES (387, 5, 58820, '2024-01-04', 'Debit Card', 'Pending');
INSERT INTO fee_payments (student_id, fee_structure_id, amount_paid, payment_date, payment_method, status) VALUES (496, 1, 65456, '2024-01-20', 'UPI / NetBanking', 'Completed');
INSERT INTO fee_payments (student_id, fee_structure_id, amount_paid, payment_date, payment_method, status) VALUES (487, 1, 73191, '2024-01-25', 'Credit Card', 'Completed');
INSERT INTO fee_payments (student_id, fee_structure_id, amount_paid, payment_date, payment_method, status) VALUES (64, 4, 61377, '2024-01-15', 'UPI / NetBanking', 'Completed');
INSERT INTO fee_payments (student_id, fee_structure_id, amount_paid, payment_date, payment_method, status) VALUES (382, 4, 71369, '2024-03-23', 'Credit Card', 'Completed');
INSERT INTO fee_payments (student_id, fee_structure_id, amount_paid, payment_date, payment_method, status) VALUES (125, 3, 65553, '2024-01-17', 'UPI / NetBanking', 'Pending');
INSERT INTO fee_payments (student_id, fee_structure_id, amount_paid, payment_date, payment_method, status) VALUES (465, 5, 65613, '2024-05-01', 'UPI / NetBanking', 'Completed');
INSERT INTO fee_payments (student_id, fee_structure_id, amount_paid, payment_date, payment_method, status) VALUES (217, 4, 74711, '2024-05-03', 'Credit Card', 'Completed');
INSERT INTO fee_payments (student_id, fee_structure_id, amount_paid, payment_date, payment_method, status) VALUES (65, 5, 69823, '2024-03-09', 'UPI / NetBanking', 'Pending');
INSERT INTO fee_payments (student_id, fee_structure_id, amount_paid, payment_date, payment_method, status) VALUES (94, 1, 70437, '2024-02-14', 'Credit Card', 'Pending');
INSERT INTO fee_payments (student_id, fee_structure_id, amount_paid, payment_date, payment_method, status) VALUES (67, 5, 63605, '2024-01-14', 'UPI / NetBanking', 'Completed');
INSERT INTO fee_payments (student_id, fee_structure_id, amount_paid, payment_date, payment_method, status) VALUES (273, 3, 60211, '2024-05-07', 'Credit Card', 'Pending');
INSERT INTO fee_payments (student_id, fee_structure_id, amount_paid, payment_date, payment_method, status) VALUES (348, 2, 71350, '2024-04-25', 'UPI / NetBanking', 'Completed');
INSERT INTO fee_payments (student_id, fee_structure_id, amount_paid, payment_date, payment_method, status) VALUES (393, 5, 59986, '2024-03-20', 'Credit Card', 'Pending');
INSERT INTO fee_payments (student_id, fee_structure_id, amount_paid, payment_date, payment_method, status) VALUES (329, 1, 59046, '2024-02-09', 'UPI / NetBanking', 'Pending');
INSERT INTO fee_payments (student_id, fee_structure_id, amount_paid, payment_date, payment_method, status) VALUES (288, 3, 69798, '2024-02-02', 'Debit Card', 'Completed');
INSERT INTO fee_payments (student_id, fee_structure_id, amount_paid, payment_date, payment_method, status) VALUES (91, 1, 52361, '2024-01-03', 'Credit Card', 'Pending');
INSERT INTO fee_payments (student_id, fee_structure_id, amount_paid, payment_date, payment_method, status) VALUES (49, 4, 53121, '2024-04-20', 'Credit Card', 'Pending');
INSERT INTO fee_payments (student_id, fee_structure_id, amount_paid, payment_date, payment_method, status) VALUES (494, 1, 66087, '2024-02-04', 'Debit Card', 'Pending');
INSERT INTO fee_payments (student_id, fee_structure_id, amount_paid, payment_date, payment_method, status) VALUES (460, 4, 64272, '2024-02-26', 'Debit Card', 'Pending');
INSERT INTO fee_payments (student_id, fee_structure_id, amount_paid, payment_date, payment_method, status) VALUES (349, 2, 51802, '2024-03-23', 'UPI / NetBanking', 'Completed');
INSERT INTO fee_payments (student_id, fee_structure_id, amount_paid, payment_date, payment_method, status) VALUES (384, 4, 56943, '2024-05-22', 'UPI / NetBanking', 'Pending');
INSERT INTO fee_payments (student_id, fee_structure_id, amount_paid, payment_date, payment_method, status) VALUES (70, 5, 59667, '2024-03-28', 'Debit Card', 'Completed');
INSERT INTO fee_payments (student_id, fee_structure_id, amount_paid, payment_date, payment_method, status) VALUES (305, 5, 55988, '2024-01-05', 'Credit Card', 'Pending');
INSERT INTO fee_payments (student_id, fee_structure_id, amount_paid, payment_date, payment_method, status) VALUES (97, 2, 68095, '2024-02-22', 'UPI / NetBanking', 'Pending');
INSERT INTO fee_payments (student_id, fee_structure_id, amount_paid, payment_date, payment_method, status) VALUES (80, 5, 74590, '2024-04-27', 'UPI / NetBanking', 'Completed');
INSERT INTO fee_payments (student_id, fee_structure_id, amount_paid, payment_date, payment_method, status) VALUES (65, 5, 68762, '2024-02-19', 'Credit Card', 'Pending');
INSERT INTO fee_payments (student_id, fee_structure_id, amount_paid, payment_date, payment_method, status) VALUES (178, 2, 57597, '2024-05-01', 'UPI / NetBanking', 'Pending');
INSERT INTO fee_payments (student_id, fee_structure_id, amount_paid, payment_date, payment_method, status) VALUES (10, 1, 53833, '2024-05-28', 'UPI / NetBanking', 'Pending');
INSERT INTO fee_payments (student_id, fee_structure_id, amount_paid, payment_date, payment_method, status) VALUES (97, 2, 58393, '2024-02-18', 'Credit Card', 'Completed');
INSERT INTO fee_payments (student_id, fee_structure_id, amount_paid, payment_date, payment_method, status) VALUES (389, 5, 64513, '2024-01-07', 'Debit Card', 'Pending');
INSERT INTO fee_payments (student_id, fee_structure_id, amount_paid, payment_date, payment_method, status) VALUES (347, 2, 68582, '2024-04-15', 'UPI / NetBanking', 'Pending');
INSERT INTO fee_payments (student_id, fee_structure_id, amount_paid, payment_date, payment_method, status) VALUES (138, 4, 74064, '2024-03-27', 'UPI / NetBanking', 'Pending');
INSERT INTO fee_payments (student_id, fee_structure_id, amount_paid, payment_date, payment_method, status) VALUES (349, 2, 60597, '2024-02-16', 'Credit Card', 'Pending');
INSERT INTO fee_payments (student_id, fee_structure_id, amount_paid, payment_date, payment_method, status) VALUES (155, 5, 74209, '2024-04-01', 'UPI / NetBanking', 'Completed');
INSERT INTO fee_payments (student_id, fee_structure_id, amount_paid, payment_date, payment_method, status) VALUES (495, 1, 58888, '2024-04-04', 'Credit Card', 'Pending');
INSERT INTO fee_payments (student_id, fee_structure_id, amount_paid, payment_date, payment_method, status) VALUES (20, 2, 50202, '2024-03-31', 'UPI / NetBanking', 'Completed');
INSERT INTO fee_payments (student_id, fee_structure_id, amount_paid, payment_date, payment_method, status) VALUES (101, 2, 62301, '2024-04-27', 'Debit Card', 'Pending');
INSERT INTO fee_payments (student_id, fee_structure_id, amount_paid, payment_date, payment_method, status) VALUES (458, 4, 57362, '2024-02-26', 'Credit Card', 'Pending');
INSERT INTO fee_payments (student_id, fee_structure_id, amount_paid, payment_date, payment_method, status) VALUES (499, 2, 51474, '2024-01-15', 'Debit Card', 'Completed');
INSERT INTO fee_payments (student_id, fee_structure_id, amount_paid, payment_date, payment_method, status) VALUES (239, 5, 62307, '2024-05-28', 'Credit Card', 'Completed');
INSERT INTO fee_payments (student_id, fee_structure_id, amount_paid, payment_date, payment_method, status) VALUES (227, 5, 51376, '2024-03-19', 'UPI / NetBanking', 'Pending');
INSERT INTO fee_payments (student_id, fee_structure_id, amount_paid, payment_date, payment_method, status) VALUES (443, 3, 53146, '2024-05-21', 'Debit Card', 'Pending');
INSERT INTO fee_payments (student_id, fee_structure_id, amount_paid, payment_date, payment_method, status) VALUES (307, 5, 62504, '2024-05-28', 'UPI / NetBanking', 'Completed');
INSERT INTO fee_payments (student_id, fee_structure_id, amount_paid, payment_date, payment_method, status) VALUES (163, 1, 53692, '2024-05-22', 'Credit Card', 'Pending');
INSERT INTO fee_payments (student_id, fee_structure_id, amount_paid, payment_date, payment_method, status) VALUES (138, 4, 72040, '2024-01-26', 'UPI / NetBanking', 'Completed');
INSERT INTO fee_payments (student_id, fee_structure_id, amount_paid, payment_date, payment_method, status) VALUES (287, 3, 61904, '2024-01-10', 'Debit Card', 'Pending');
INSERT INTO fee_payments (student_id, fee_structure_id, amount_paid, payment_date, payment_method, status) VALUES (425, 2, 74871, '2024-01-02', 'Credit Card', 'Pending');
INSERT INTO fee_payments (student_id, fee_structure_id, amount_paid, payment_date, payment_method, status) VALUES (106, 2, 63363, '2024-03-04', 'Debit Card', 'Completed');
INSERT INTO fee_payments (student_id, fee_structure_id, amount_paid, payment_date, payment_method, status) VALUES (400, 5, 73120, '2024-01-02', 'Credit Card', 'Completed');
INSERT INTO fee_payments (student_id, fee_structure_id, amount_paid, payment_date, payment_method, status) VALUES (83, 1, 64237, '2024-04-02', 'UPI / NetBanking', 'Pending');
INSERT INTO fee_payments (student_id, fee_structure_id, amount_paid, payment_date, payment_method, status) VALUES (275, 3, 71734, '2024-03-03', 'UPI / NetBanking', 'Pending');
INSERT INTO fee_payments (student_id, fee_structure_id, amount_paid, payment_date, payment_method, status) VALUES (181, 2, 51583, '2024-02-24', 'Debit Card', 'Pending');
INSERT INTO fee_payments (student_id, fee_structure_id, amount_paid, payment_date, payment_method, status) VALUES (238, 5, 53938, '2024-04-02', 'UPI / NetBanking', 'Pending');
INSERT INTO fee_payments (student_id, fee_structure_id, amount_paid, payment_date, payment_method, status) VALUES (433, 3, 55980, '2024-01-31', 'Debit Card', 'Completed');
INSERT INTO fee_payments (student_id, fee_structure_id, amount_paid, payment_date, payment_method, status) VALUES (461, 4, 59484, '2024-04-13', 'Credit Card', 'Completed');
INSERT INTO fee_payments (student_id, fee_structure_id, amount_paid, payment_date, payment_method, status) VALUES (451, 4, 51414, '2024-01-19', 'Debit Card', 'Pending');
INSERT INTO fee_payments (student_id, fee_structure_id, amount_paid, payment_date, payment_method, status) VALUES (267, 2, 60265, '2024-05-11', 'UPI / NetBanking', 'Completed');
INSERT INTO fee_payments (student_id, fee_structure_id, amount_paid, payment_date, payment_method, status) VALUES (343, 2, 70213, '2024-01-05', 'Credit Card', 'Pending');
INSERT INTO fee_payments (student_id, fee_structure_id, amount_paid, payment_date, payment_method, status) VALUES (462, 4, 72863, '2024-02-05', 'Debit Card', 'Completed');
INSERT INTO fee_payments (student_id, fee_structure_id, amount_paid, payment_date, payment_method, status) VALUES (409, 1, 51369, '2024-02-07', 'Credit Card', 'Pending');
INSERT INTO fee_payments (student_id, fee_structure_id, amount_paid, payment_date, payment_method, status) VALUES (269, 2, 54873, '2024-04-12', 'Debit Card', 'Pending');
INSERT INTO fee_payments (student_id, fee_structure_id, amount_paid, payment_date, payment_method, status) VALUES (308, 5, 73144, '2024-05-05', 'Debit Card', 'Pending');
INSERT INTO fee_payments (student_id, fee_structure_id, amount_paid, payment_date, payment_method, status) VALUES (254, 1, 54111, '2024-05-08', 'Credit Card', 'Pending');
INSERT INTO fee_payments (student_id, fee_structure_id, amount_paid, payment_date, payment_method, status) VALUES (57, 4, 51045, '2024-03-27', 'Debit Card', 'Pending');
INSERT INTO fee_payments (student_id, fee_structure_id, amount_paid, payment_date, payment_method, status) VALUES (42, 3, 61165, '2024-02-16', 'UPI / NetBanking', 'Completed');
INSERT INTO fee_payments (student_id, fee_structure_id, amount_paid, payment_date, payment_method, status) VALUES (132, 4, 63164, '2024-03-30', 'Credit Card', 'Pending');
INSERT INTO fee_payments (student_id, fee_structure_id, amount_paid, payment_date, payment_method, status) VALUES (80, 5, 62774, '2024-04-07', 'Debit Card', 'Completed');
INSERT INTO fee_payments (student_id, fee_structure_id, amount_paid, payment_date, payment_method, status) VALUES (285, 3, 70361, '2024-05-02', 'UPI / NetBanking', 'Pending');
INSERT INTO fee_payments (student_id, fee_structure_id, amount_paid, payment_date, payment_method, status) VALUES (218, 4, 67982, '2024-04-04', 'Debit Card', 'Pending');
INSERT INTO fee_payments (student_id, fee_structure_id, amount_paid, payment_date, payment_method, status) VALUES (236, 5, 59729, '2024-04-18', 'UPI / NetBanking', 'Pending');
INSERT INTO fee_payments (student_id, fee_structure_id, amount_paid, payment_date, payment_method, status) VALUES (22, 2, 64587, '2024-04-05', 'Credit Card', 'Pending');
INSERT INTO fee_payments (student_id, fee_structure_id, amount_paid, payment_date, payment_method, status) VALUES (431, 2, 55385, '2024-01-17', 'Credit Card', 'Completed');
INSERT INTO fee_payments (student_id, fee_structure_id, amount_paid, payment_date, payment_method, status) VALUES (404, 1, 56869, '2024-01-15', 'UPI / NetBanking', 'Pending');
INSERT INTO fee_payments (student_id, fee_structure_id, amount_paid, payment_date, payment_method, status) VALUES (25, 2, 70100, '2024-05-07', 'UPI / NetBanking', 'Completed');
INSERT INTO fee_payments (student_id, fee_structure_id, amount_paid, payment_date, payment_method, status) VALUES (143, 4, 73591, '2024-03-04', 'Debit Card', 'Completed');
INSERT INTO fee_payments (student_id, fee_structure_id, amount_paid, payment_date, payment_method, status) VALUES (344, 2, 60418, '2024-03-12', 'Debit Card', 'Pending');
INSERT INTO fee_payments (student_id, fee_structure_id, amount_paid, payment_date, payment_method, status) VALUES (332, 1, 53232, '2024-01-26', 'Debit Card', 'Pending');
INSERT INTO fee_payments (student_id, fee_structure_id, amount_paid, payment_date, payment_method, status) VALUES (105, 2, 52497, '2024-01-20', 'Credit Card', 'Completed');
INSERT INTO fee_payments (student_id, fee_structure_id, amount_paid, payment_date, payment_method, status) VALUES (310, 5, 68508, '2024-01-07', 'UPI / NetBanking', 'Completed');
INSERT INTO fee_payments (student_id, fee_structure_id, amount_paid, payment_date, payment_method, status) VALUES (202, 3, 56846, '2024-01-10', 'UPI / NetBanking', 'Completed');
INSERT INTO fee_payments (student_id, fee_structure_id, amount_paid, payment_date, payment_method, status) VALUES (74, 5, 65738, '2024-05-26', 'Credit Card', 'Pending');
INSERT INTO fee_payments (student_id, fee_structure_id, amount_paid, payment_date, payment_method, status) VALUES (478, 5, 71122, '2024-01-09', 'UPI / NetBanking', 'Pending');
INSERT INTO fee_payments (student_id, fee_structure_id, amount_paid, payment_date, payment_method, status) VALUES (397, 5, 52055, '2024-01-20', 'Credit Card', 'Pending');
INSERT INTO fee_payments (student_id, fee_structure_id, amount_paid, payment_date, payment_method, status) VALUES (85, 1, 71713, '2024-04-30', 'UPI / NetBanking', 'Completed');
INSERT INTO fee_payments (student_id, fee_structure_id, amount_paid, payment_date, payment_method, status) VALUES (68, 5, 70762, '2024-04-12', 'Debit Card', 'Pending');
INSERT INTO fee_payments (student_id, fee_structure_id, amount_paid, payment_date, payment_method, status) VALUES (352, 2, 68200, '2024-03-22', 'Debit Card', 'Completed');
INSERT INTO fee_payments (student_id, fee_structure_id, amount_paid, payment_date, payment_method, status) VALUES (148, 5, 57554, '2024-03-23', 'Credit Card', 'Pending');
INSERT INTO fee_payments (student_id, fee_structure_id, amount_paid, payment_date, payment_method, status) VALUES (19, 2, 70092, '2024-04-24', 'UPI / NetBanking', 'Completed');
INSERT INTO fee_payments (student_id, fee_structure_id, amount_paid, payment_date, payment_method, status) VALUES (323, 1, 50545, '2024-02-05', 'Credit Card', 'Pending');
INSERT INTO fee_payments (student_id, fee_structure_id, amount_paid, payment_date, payment_method, status) VALUES (230, 5, 72272, '2024-03-16', 'Credit Card', 'Pending');
INSERT INTO fee_payments (student_id, fee_structure_id, amount_paid, payment_date, payment_method, status) VALUES (361, 3, 66253, '2024-04-01', 'Credit Card', 'Completed');
INSERT INTO fee_payments (student_id, fee_structure_id, amount_paid, payment_date, payment_method, status) VALUES (57, 4, 60612, '2024-01-11', 'UPI / NetBanking', 'Completed');
INSERT INTO fee_payments (student_id, fee_structure_id, amount_paid, payment_date, payment_method, status) VALUES (322, 1, 69861, '2024-04-21', 'Debit Card', 'Completed');
INSERT INTO fee_payments (student_id, fee_structure_id, amount_paid, payment_date, payment_method, status) VALUES (333, 1, 62214, '2024-05-08', 'Debit Card', 'Pending');
INSERT INTO fee_payments (student_id, fee_structure_id, amount_paid, payment_date, payment_method, status) VALUES (233, 5, 62770, '2024-01-13', 'Credit Card', 'Pending');
INSERT INTO fee_payments (student_id, fee_structure_id, amount_paid, payment_date, payment_method, status) VALUES (257, 2, 52812, '2024-05-29', 'Credit Card', 'Pending');
INSERT INTO fee_payments (student_id, fee_structure_id, amount_paid, payment_date, payment_method, status) VALUES (127, 3, 63383, '2024-04-26', 'UPI / NetBanking', 'Completed');
INSERT INTO fee_payments (student_id, fee_structure_id, amount_paid, payment_date, payment_method, status) VALUES (353, 3, 69725, '2024-04-21', 'UPI / NetBanking', 'Completed');
INSERT INTO fee_payments (student_id, fee_structure_id, amount_paid, payment_date, payment_method, status) VALUES (472, 5, 58951, '2024-02-23', 'UPI / NetBanking', 'Completed');
INSERT INTO fee_payments (student_id, fee_structure_id, amount_paid, payment_date, payment_method, status) VALUES (145, 5, 61988, '2024-04-10', 'Debit Card', 'Completed');
INSERT INTO fee_payments (student_id, fee_structure_id, amount_paid, payment_date, payment_method, status) VALUES (129, 4, 74867, '2024-02-22', 'UPI / NetBanking', 'Pending');
INSERT INTO fee_payments (student_id, fee_structure_id, amount_paid, payment_date, payment_method, status) VALUES (194, 3, 59454, '2024-03-20', 'UPI / NetBanking', 'Pending');
INSERT INTO fee_payments (student_id, fee_structure_id, amount_paid, payment_date, payment_method, status) VALUES (180, 2, 64446, '2024-02-20', 'UPI / NetBanking', 'Pending');
INSERT INTO fee_payments (student_id, fee_structure_id, amount_paid, payment_date, payment_method, status) VALUES (68, 5, 54598, '2024-05-13', 'UPI / NetBanking', 'Pending');
INSERT INTO fee_payments (student_id, fee_structure_id, amount_paid, payment_date, payment_method, status) VALUES (278, 3, 65914, '2024-03-01', 'Credit Card', 'Completed');
INSERT INTO fee_payments (student_id, fee_structure_id, amount_paid, payment_date, payment_method, status) VALUES (212, 4, 63198, '2024-01-13', 'UPI / NetBanking', 'Completed');
INSERT INTO fee_payments (student_id, fee_structure_id, amount_paid, payment_date, payment_method, status) VALUES (357, 3, 65388, '2024-03-07', 'Debit Card', 'Pending');
INSERT INTO fee_payments (student_id, fee_structure_id, amount_paid, payment_date, payment_method, status) VALUES (39, 3, 69421, '2024-02-22', 'UPI / NetBanking', 'Pending');
INSERT INTO fee_payments (student_id, fee_structure_id, amount_paid, payment_date, payment_method, status) VALUES (40, 3, 59471, '2024-05-04', 'Debit Card', 'Completed');
INSERT INTO fee_payments (student_id, fee_structure_id, amount_paid, payment_date, payment_method, status) VALUES (449, 4, 60795, '2024-03-12', 'Credit Card', 'Completed');
INSERT INTO fee_payments (student_id, fee_structure_id, amount_paid, payment_date, payment_method, status) VALUES (27, 2, 72477, '2024-05-14', 'UPI / NetBanking', 'Completed');
INSERT INTO fee_payments (student_id, fee_structure_id, amount_paid, payment_date, payment_method, status) VALUES (51, 4, 56946, '2024-01-29', 'Credit Card', 'Completed');
INSERT INTO fee_payments (student_id, fee_structure_id, amount_paid, payment_date, payment_method, status) VALUES (387, 5, 71940, '2024-02-20', 'Debit Card', 'Completed');
INSERT INTO fee_payments (student_id, fee_structure_id, amount_paid, payment_date, payment_method, status) VALUES (240, 5, 57676, '2024-02-18', 'UPI / NetBanking', 'Pending');
INSERT INTO fee_payments (student_id, fee_structure_id, amount_paid, payment_date, payment_method, status) VALUES (273, 3, 52664, '2024-04-04', 'Debit Card', 'Pending');
INSERT INTO fee_payments (student_id, fee_structure_id, amount_paid, payment_date, payment_method, status) VALUES (486, 1, 62384, '2024-05-12', 'UPI / NetBanking', 'Completed');
INSERT INTO fee_payments (student_id, fee_structure_id, amount_paid, payment_date, payment_method, status) VALUES (211, 4, 63963, '2024-01-23', 'Credit Card', 'Pending');
INSERT INTO fee_payments (student_id, fee_structure_id, amount_paid, payment_date, payment_method, status) VALUES (387, 5, 69944, '2024-02-23', 'Credit Card', 'Pending');
INSERT INTO fee_payments (student_id, fee_structure_id, amount_paid, payment_date, payment_method, status) VALUES (407, 1, 71920, '2024-01-09', 'Debit Card', 'Pending');
INSERT INTO fee_payments (student_id, fee_structure_id, amount_paid, payment_date, payment_method, status) VALUES (128, 3, 67224, '2024-01-10', 'UPI / NetBanking', 'Completed');
INSERT INTO fee_payments (student_id, fee_structure_id, amount_paid, payment_date, payment_method, status) VALUES (110, 2, 58026, '2024-04-25', 'Debit Card', 'Completed');
INSERT INTO fee_payments (student_id, fee_structure_id, amount_paid, payment_date, payment_method, status) VALUES (9, 1, 67549, '2024-02-10', 'Credit Card', 'Pending');
INSERT INTO library_books (id, title, author, isbn, quantity_available, quantity_total, publication_year) VALUES (1, 'Computer Networks', 'Andrew S. Tanenbaum', 'ISBN-001', 10, 10, 2011);
INSERT INTO library_books (id, title, author, isbn, quantity_available, quantity_total, publication_year) VALUES (2, 'Introduction to Algorithms', 'Thomas H. Cormen', 'ISBN-002', 8, 8, 2022);
INSERT INTO library_books (id, title, author, isbn, quantity_available, quantity_total, publication_year) VALUES (3, 'Database System Concepts', 'Abraham Silberschatz', 'ISBN-003', 15, 15, 2019);
INSERT INTO library_books (id, title, author, isbn, quantity_available, quantity_total, publication_year) VALUES (4, 'Operating System Concepts', 'Peter B. Galvin', 'ISBN-004', 12, 12, 2018);
INSERT INTO library_books (id, title, author, isbn, quantity_available, quantity_total, publication_year) VALUES (5, 'Software Engineering', 'Ian Sommerville', 'ISBN-005', 9, 9, 2015);
INSERT INTO library_books (id, title, author, isbn, quantity_available, quantity_total, publication_year) VALUES (6, 'Artificial Intelligence: A Modern Approach', 'Stuart Russell', 'ISBN-006', 7, 7, 2020);
INSERT INTO library_books (id, title, author, isbn, quantity_available, quantity_total, publication_year) VALUES (7, 'Compilers: Principles, Techniques, Tools', 'Alfred V. Aho', 'ISBN-007', 5, 5, 2006);
INSERT INTO library_books (id, title, author, isbn, quantity_available, quantity_total, publication_year) VALUES (8, 'Computer Architecture', 'John L. Hennessy', 'ISBN-008', 6, 6, 2017);
INSERT INTO library_books (id, title, author, isbn, quantity_available, quantity_total, publication_year) VALUES (9, 'Design Patterns', 'Erich Gamma', 'ISBN-009', 10, 10, 1994);
INSERT INTO library_books (id, title, author, isbn, quantity_available, quantity_total, publication_year) VALUES (10, 'Computer Graphics', 'John F. Hughes', 'ISBN-010', 4, 4, 2013);
INSERT INTO library_books (id, title, author, isbn, quantity_available, quantity_total, publication_year) VALUES (11, 'Theory of Computation', 'Michael Sipser', 'ISBN-011', 8, 8, 2012);
INSERT INTO library_books (id, title, author, isbn, quantity_available, quantity_total, publication_year) VALUES (12, 'Data Communications', 'Behrouz A. Forouzan', 'ISBN-012', 14, 14, 2012);
INSERT INTO library_books (id, title, author, isbn, quantity_available, quantity_total, publication_year) VALUES (13, 'Cryptography & Network Security', 'William Stallings', 'ISBN-013', 11, 11, 2020);
INSERT INTO library_books (id, title, author, isbn, quantity_available, quantity_total, publication_year) VALUES (14, 'Distributed Systems', 'Andrew S. Tanenbaum', 'ISBN-014', 6, 6, 2016);
INSERT INTO library_books (id, title, author, isbn, quantity_available, quantity_total, publication_year) VALUES (15, 'Cloud Computing', 'Rajkumar Buyya', 'ISBN-015', 7, 7, 2010);
INSERT INTO library_books (id, title, author, isbn, quantity_available, quantity_total, publication_year) VALUES (16, 'Digital Design', 'M. Morris Mano', 'ISBN-016', 15, 15, 2017);
INSERT INTO library_books (id, title, author, isbn, quantity_available, quantity_total, publication_year) VALUES (17, 'Machine Learning', 'Tom M. Mitchell', 'ISBN-017', 12, 12, 1997);
INSERT INTO library_books (id, title, author, isbn, quantity_available, quantity_total, publication_year) VALUES (18, 'Pattern Recognition & ML', 'Christopher M. Bishop', 'ISBN-018', 8, 8, 2006);
INSERT INTO library_books (id, title, author, isbn, quantity_available, quantity_total, publication_year) VALUES (19, 'Deep Learning', 'Ian Goodfellow', 'ISBN-019', 10, 10, 2016);
INSERT INTO library_books (id, title, author, isbn, quantity_available, quantity_total, publication_year) VALUES (20, 'Basic Electrical Systems', 'Vincent Del Toro', 'ISBN-020', 10, 10, 2001);
INSERT INTO library_books (id, title, author, isbn, quantity_available, quantity_total, publication_year) VALUES (21, 'Engineering Mathematics I', 'E. Kreyszig', 'ISBN-021', 20, 20, 2015);
INSERT INTO library_books (id, title, author, isbn, quantity_available, quantity_total, publication_year) VALUES (22, 'Applied Physics', 'Arthur Beiser', 'ISBN-022', 15, 15, 2009);
INSERT INTO library_books (id, title, author, isbn, quantity_available, quantity_total, publication_year) VALUES (23, 'Applied Chemistry', 'O. G. Palanna', 'ISBN-023', 15, 15, 2011);
INSERT INTO library_books (id, title, author, isbn, quantity_available, quantity_total, publication_year) VALUES (24, 'Discrete Mathematics', 'Kenneth H. Rosen', 'ISBN-024', 12, 12, 2018);
INSERT INTO library_books (id, title, author, isbn, quantity_available, quantity_total, publication_year) VALUES (25, 'Financial Management', 'Prasanna Chandra', 'ISBN-025', 10, 10, 2017);
INSERT INTO library_books (id, title, author, isbn, quantity_available, quantity_total, publication_year) VALUES (26, 'Principles of Management', 'Harold Koontz', 'ISBN-026', 10, 10, 2015);
INSERT INTO library_books (id, title, author, isbn, quantity_available, quantity_total, publication_year) VALUES (27, 'Organizational Behavior', 'Stephen P. Robbins', 'ISBN-027', 10, 10, 2016);
INSERT INTO library_books (id, title, author, isbn, quantity_available, quantity_total, publication_year) VALUES (28, 'Business Law', 'M.C. Kuchhal', 'ISBN-028', 8, 8, 2018);
INSERT INTO library_books (id, title, author, isbn, quantity_available, quantity_total, publication_year) VALUES (29, 'Fluid Mechanics', 'Frank M. White', 'ISBN-029', 10, 10, 2015);
INSERT INTO library_books (id, title, author, isbn, quantity_available, quantity_total, publication_year) VALUES (30, 'Strength of Materials', 'S. Ramamrutham', 'ISBN-030', 12, 12, 2014);
INSERT INTO book_issuance (student_id, faculty_id, book_id, issue_date, due_date, return_date, status) VALUES (460, NULL, 19, '2024-04-28', '2024-03-28', NULL, 'Issued');
INSERT INTO book_issuance (student_id, faculty_id, book_id, issue_date, due_date, return_date, status) VALUES (127, NULL, 5, '2024-04-22', '2024-04-26', '2024-02-12', 'Returned');
INSERT INTO book_issuance (student_id, faculty_id, book_id, issue_date, due_date, return_date, status) VALUES (15, NULL, 21, '2024-02-06', '2024-04-15', '2024-04-07', 'Returned');
INSERT INTO book_issuance (student_id, faculty_id, book_id, issue_date, due_date, return_date, status) VALUES (430, NULL, 21, '2024-02-06', '2024-04-17', '2024-05-11', 'Returned');
INSERT INTO book_issuance (student_id, faculty_id, book_id, issue_date, due_date, return_date, status) VALUES (369, NULL, 30, '2024-04-22', '2024-03-18', NULL, 'Issued');
INSERT INTO book_issuance (student_id, faculty_id, book_id, issue_date, due_date, return_date, status) VALUES (284, NULL, 2, '2024-04-26', '2024-02-18', NULL, 'Overdue');
INSERT INTO book_issuance (student_id, faculty_id, book_id, issue_date, due_date, return_date, status) VALUES (370, NULL, 15, '2024-03-31', '2024-03-17', NULL, 'Issued');
INSERT INTO book_issuance (student_id, faculty_id, book_id, issue_date, due_date, return_date, status) VALUES (49, NULL, 16, '2024-02-16', '2024-05-21', NULL, 'Issued');
INSERT INTO book_issuance (student_id, faculty_id, book_id, issue_date, due_date, return_date, status) VALUES (71, NULL, 3, '2024-03-22', '2024-03-12', NULL, 'Overdue');
INSERT INTO book_issuance (student_id, faculty_id, book_id, issue_date, due_date, return_date, status) VALUES (243, NULL, 27, '2024-05-10', '2024-05-09', NULL, 'Overdue');
INSERT INTO book_issuance (student_id, faculty_id, book_id, issue_date, due_date, return_date, status) VALUES (NULL, 46, 10, '2024-04-30', '2024-03-05', '2024-05-05', 'Returned');
INSERT INTO book_issuance (student_id, faculty_id, book_id, issue_date, due_date, return_date, status) VALUES (253, NULL, 11, '2024-03-22', '2024-05-03', '2024-02-29', 'Returned');
INSERT INTO book_issuance (student_id, faculty_id, book_id, issue_date, due_date, return_date, status) VALUES (156, NULL, 29, '2024-04-13', '2024-02-24', NULL, 'Issued');
INSERT INTO book_issuance (student_id, faculty_id, book_id, issue_date, due_date, return_date, status) VALUES (NULL, 49, 13, '2024-02-24', '2024-05-09', NULL, 'Overdue');
INSERT INTO book_issuance (student_id, faculty_id, book_id, issue_date, due_date, return_date, status) VALUES (436, NULL, 8, '2024-03-27', '2024-04-22', NULL, 'Overdue');
INSERT INTO book_issuance (student_id, faculty_id, book_id, issue_date, due_date, return_date, status) VALUES (NULL, 3, 24, '2024-03-20', '2024-04-21', '2024-03-11', 'Returned');
INSERT INTO book_issuance (student_id, faculty_id, book_id, issue_date, due_date, return_date, status) VALUES (257, NULL, 2, '2024-04-10', '2024-03-11', '2024-02-23', 'Returned');
INSERT INTO book_issuance (student_id, faculty_id, book_id, issue_date, due_date, return_date, status) VALUES (276, NULL, 12, '2024-04-17', '2024-04-16', NULL, 'Issued');
INSERT INTO book_issuance (student_id, faculty_id, book_id, issue_date, due_date, return_date, status) VALUES (254, NULL, 1, '2024-02-26', '2024-04-07', NULL, 'Issued');
INSERT INTO book_issuance (student_id, faculty_id, book_id, issue_date, due_date, return_date, status) VALUES (NULL, 28, 16, '2024-04-06', '2024-04-24', NULL, 'Overdue');
INSERT INTO book_issuance (student_id, faculty_id, book_id, issue_date, due_date, return_date, status) VALUES (173, NULL, 17, '2024-04-22', '2024-04-08', NULL, 'Overdue');
INSERT INTO book_issuance (student_id, faculty_id, book_id, issue_date, due_date, return_date, status) VALUES (251, NULL, 12, '2024-05-11', '2024-05-05', NULL, 'Overdue');
INSERT INTO book_issuance (student_id, faculty_id, book_id, issue_date, due_date, return_date, status) VALUES (252, NULL, 16, '2024-04-08', '2024-03-01', '2024-05-07', 'Returned');
INSERT INTO book_issuance (student_id, faculty_id, book_id, issue_date, due_date, return_date, status) VALUES (38, NULL, 5, '2024-03-27', '2024-04-02', NULL, 'Overdue');
INSERT INTO book_issuance (student_id, faculty_id, book_id, issue_date, due_date, return_date, status) VALUES (493, NULL, 19, '2024-04-09', '2024-04-27', NULL, 'Overdue');
INSERT INTO book_issuance (student_id, faculty_id, book_id, issue_date, due_date, return_date, status) VALUES (347, NULL, 21, '2024-03-31', '2024-02-20', NULL, 'Overdue');
INSERT INTO book_issuance (student_id, faculty_id, book_id, issue_date, due_date, return_date, status) VALUES (318, NULL, 19, '2024-05-11', '2024-03-30', NULL, 'Overdue');
INSERT INTO book_issuance (student_id, faculty_id, book_id, issue_date, due_date, return_date, status) VALUES (83, NULL, 9, '2024-05-10', '2024-05-02', NULL, 'Overdue');
INSERT INTO book_issuance (student_id, faculty_id, book_id, issue_date, due_date, return_date, status) VALUES (429, NULL, 3, '2024-02-25', '2024-05-22', '2024-02-14', 'Returned');
INSERT INTO book_issuance (student_id, faculty_id, book_id, issue_date, due_date, return_date, status) VALUES (225, NULL, 14, '2024-03-07', '2024-05-14', NULL, 'Overdue');
INSERT INTO book_issuance (student_id, faculty_id, book_id, issue_date, due_date, return_date, status) VALUES (NULL, 49, 14, '2024-04-18', '2024-04-22', '2024-02-22', 'Returned');
INSERT INTO book_issuance (student_id, faculty_id, book_id, issue_date, due_date, return_date, status) VALUES (NULL, 48, 5, '2024-03-19', '2024-05-12', NULL, 'Overdue');
INSERT INTO book_issuance (student_id, faculty_id, book_id, issue_date, due_date, return_date, status) VALUES (322, NULL, 5, '2024-04-02', '2024-05-13', '2024-04-21', 'Returned');
INSERT INTO book_issuance (student_id, faculty_id, book_id, issue_date, due_date, return_date, status) VALUES (141, NULL, 14, '2024-03-09', '2024-03-04', NULL, 'Overdue');
INSERT INTO book_issuance (student_id, faculty_id, book_id, issue_date, due_date, return_date, status) VALUES (NULL, 38, 21, '2024-04-24', '2024-03-15', NULL, 'Issued');
INSERT INTO book_issuance (student_id, faculty_id, book_id, issue_date, due_date, return_date, status) VALUES (173, NULL, 10, '2024-04-19', '2024-03-09', NULL, 'Issued');
INSERT INTO book_issuance (student_id, faculty_id, book_id, issue_date, due_date, return_date, status) VALUES (263, NULL, 5, '2024-03-24', '2024-04-28', NULL, 'Overdue');
INSERT INTO book_issuance (student_id, faculty_id, book_id, issue_date, due_date, return_date, status) VALUES (230, NULL, 3, '2024-02-20', '2024-05-01', NULL, 'Issued');
INSERT INTO book_issuance (student_id, faculty_id, book_id, issue_date, due_date, return_date, status) VALUES (NULL, 46, 19, '2024-02-21', '2024-03-14', '2024-04-16', 'Returned');
INSERT INTO book_issuance (student_id, faculty_id, book_id, issue_date, due_date, return_date, status) VALUES (NULL, 22, 17, '2024-02-18', '2024-05-19', NULL, 'Issued');
INSERT INTO book_issuance (student_id, faculty_id, book_id, issue_date, due_date, return_date, status) VALUES (NULL, 6, 18, '2024-02-16', '2024-03-17', '2024-02-11', 'Returned');
INSERT INTO book_issuance (student_id, faculty_id, book_id, issue_date, due_date, return_date, status) VALUES (225, NULL, 4, '2024-02-23', '2024-03-28', '2024-04-04', 'Returned');
INSERT INTO book_issuance (student_id, faculty_id, book_id, issue_date, due_date, return_date, status) VALUES (NULL, 12, 24, '2024-04-05', '2024-04-21', '2024-04-16', 'Returned');
INSERT INTO book_issuance (student_id, faculty_id, book_id, issue_date, due_date, return_date, status) VALUES (240, NULL, 15, '2024-04-22', '2024-05-05', '2024-03-22', 'Returned');
INSERT INTO book_issuance (student_id, faculty_id, book_id, issue_date, due_date, return_date, status) VALUES (25, NULL, 30, '2024-04-03', '2024-03-01', NULL, 'Issued');
INSERT INTO book_issuance (student_id, faculty_id, book_id, issue_date, due_date, return_date, status) VALUES (388, NULL, 21, '2024-02-14', '2024-04-18', NULL, 'Overdue');
INSERT INTO book_issuance (student_id, faculty_id, book_id, issue_date, due_date, return_date, status) VALUES (479, NULL, 15, '2024-03-29', '2024-04-02', NULL, 'Overdue');
INSERT INTO book_issuance (student_id, faculty_id, book_id, issue_date, due_date, return_date, status) VALUES (477, NULL, 4, '2024-04-14', '2024-03-31', NULL, 'Issued');
INSERT INTO book_issuance (student_id, faculty_id, book_id, issue_date, due_date, return_date, status) VALUES (252, NULL, 21, '2024-04-15', '2024-05-17', '2024-03-13', 'Returned');
INSERT INTO book_issuance (student_id, faculty_id, book_id, issue_date, due_date, return_date, status) VALUES (313, NULL, 30, '2024-02-15', '2024-03-02', NULL, 'Issued');
INSERT INTO book_issuance (student_id, faculty_id, book_id, issue_date, due_date, return_date, status) VALUES (473, NULL, 10, '2024-04-14', '2024-04-09', '2024-02-22', 'Returned');
INSERT INTO book_issuance (student_id, faculty_id, book_id, issue_date, due_date, return_date, status) VALUES (260, NULL, 29, '2024-04-11', '2024-05-02', '2024-05-05', 'Returned');
INSERT INTO book_issuance (student_id, faculty_id, book_id, issue_date, due_date, return_date, status) VALUES (412, NULL, 18, '2024-03-07', '2024-05-12', '2024-02-17', 'Returned');
INSERT INTO book_issuance (student_id, faculty_id, book_id, issue_date, due_date, return_date, status) VALUES (NULL, 36, 11, '2024-04-28', '2024-03-10', NULL, 'Overdue');
INSERT INTO book_issuance (student_id, faculty_id, book_id, issue_date, due_date, return_date, status) VALUES (135, NULL, 19, '2024-02-25', '2024-03-13', NULL, 'Overdue');
INSERT INTO book_issuance (student_id, faculty_id, book_id, issue_date, due_date, return_date, status) VALUES (238, NULL, 1, '2024-05-09', '2024-04-10', NULL, 'Overdue');
INSERT INTO book_issuance (student_id, faculty_id, book_id, issue_date, due_date, return_date, status) VALUES (250, NULL, 26, '2024-04-03', '2024-03-25', NULL, 'Issued');
INSERT INTO book_issuance (student_id, faculty_id, book_id, issue_date, due_date, return_date, status) VALUES (6, NULL, 21, '2024-04-14', '2024-05-22', NULL, 'Issued');
INSERT INTO book_issuance (student_id, faculty_id, book_id, issue_date, due_date, return_date, status) VALUES (300, NULL, 30, '2024-04-22', '2024-05-05', NULL, 'Overdue');
INSERT INTO book_issuance (student_id, faculty_id, book_id, issue_date, due_date, return_date, status) VALUES (NULL, 24, 8, '2024-02-07', '2024-04-19', '2024-03-04', 'Returned');
INSERT INTO book_issuance (student_id, faculty_id, book_id, issue_date, due_date, return_date, status) VALUES (NULL, 18, 11, '2024-03-11', '2024-05-15', NULL, 'Issued');
INSERT INTO book_issuance (student_id, faculty_id, book_id, issue_date, due_date, return_date, status) VALUES (NULL, 23, 6, '2024-04-13', '2024-03-22', NULL, 'Overdue');
INSERT INTO book_issuance (student_id, faculty_id, book_id, issue_date, due_date, return_date, status) VALUES (207, NULL, 28, '2024-03-01', '2024-04-01', NULL, 'Issued');
INSERT INTO book_issuance (student_id, faculty_id, book_id, issue_date, due_date, return_date, status) VALUES (423, NULL, 10, '2024-02-04', '2024-05-25', NULL, 'Issued');
INSERT INTO book_issuance (student_id, faculty_id, book_id, issue_date, due_date, return_date, status) VALUES (458, NULL, 1, '2024-02-11', '2024-04-12', NULL, 'Overdue');
INSERT INTO book_issuance (student_id, faculty_id, book_id, issue_date, due_date, return_date, status) VALUES (360, NULL, 15, '2024-02-01', '2024-03-02', NULL, 'Issued');
INSERT INTO book_issuance (student_id, faculty_id, book_id, issue_date, due_date, return_date, status) VALUES (499, NULL, 16, '2024-05-09', '2024-04-12', '2024-02-26', 'Returned');
INSERT INTO book_issuance (student_id, faculty_id, book_id, issue_date, due_date, return_date, status) VALUES (430, NULL, 2, '2024-02-20', '2024-04-22', NULL, 'Overdue');
INSERT INTO book_issuance (student_id, faculty_id, book_id, issue_date, due_date, return_date, status) VALUES (345, NULL, 28, '2024-04-11', '2024-05-06', NULL, 'Issued');
INSERT INTO book_issuance (student_id, faculty_id, book_id, issue_date, due_date, return_date, status) VALUES (407, NULL, 27, '2024-04-04', '2024-03-03', '2024-02-12', 'Returned');
INSERT INTO book_issuance (student_id, faculty_id, book_id, issue_date, due_date, return_date, status) VALUES (226, NULL, 23, '2024-02-20', '2024-03-27', NULL, 'Issued');
INSERT INTO book_issuance (student_id, faculty_id, book_id, issue_date, due_date, return_date, status) VALUES (10, NULL, 29, '2024-04-29', '2024-05-08', NULL, 'Issued');
INSERT INTO book_issuance (student_id, faculty_id, book_id, issue_date, due_date, return_date, status) VALUES (410, NULL, 3, '2024-02-20', '2024-02-28', '2024-04-20', 'Returned');
INSERT INTO book_issuance (student_id, faculty_id, book_id, issue_date, due_date, return_date, status) VALUES (9, NULL, 4, '2024-03-09', '2024-04-29', NULL, 'Overdue');
INSERT INTO book_issuance (student_id, faculty_id, book_id, issue_date, due_date, return_date, status) VALUES (371, NULL, 1, '2024-03-11', '2024-05-07', '2024-03-03', 'Returned');
INSERT INTO book_issuance (student_id, faculty_id, book_id, issue_date, due_date, return_date, status) VALUES (178, NULL, 30, '2024-02-25', '2024-02-24', NULL, 'Overdue');
INSERT INTO book_issuance (student_id, faculty_id, book_id, issue_date, due_date, return_date, status) VALUES (129, NULL, 25, '2024-02-26', '2024-03-05', '2024-03-09', 'Returned');
INSERT INTO book_issuance (student_id, faculty_id, book_id, issue_date, due_date, return_date, status) VALUES (240, NULL, 4, '2024-03-07', '2024-05-11', NULL, 'Issued');
INSERT INTO book_issuance (student_id, faculty_id, book_id, issue_date, due_date, return_date, status) VALUES (484, NULL, 7, '2024-04-17', '2024-05-20', '2024-03-14', 'Returned');
INSERT INTO book_issuance (student_id, faculty_id, book_id, issue_date, due_date, return_date, status) VALUES (107, NULL, 24, '2024-04-07', '2024-05-09', '2024-04-28', 'Returned');
INSERT INTO book_issuance (student_id, faculty_id, book_id, issue_date, due_date, return_date, status) VALUES (469, NULL, 30, '2024-04-30', '2024-05-09', '2024-04-13', 'Returned');
INSERT INTO book_issuance (student_id, faculty_id, book_id, issue_date, due_date, return_date, status) VALUES (416, NULL, 10, '2024-04-08', '2024-02-25', NULL, 'Overdue');
INSERT INTO book_issuance (student_id, faculty_id, book_id, issue_date, due_date, return_date, status) VALUES (126, NULL, 11, '2024-02-28', '2024-02-19', '2024-04-10', 'Returned');
INSERT INTO book_issuance (student_id, faculty_id, book_id, issue_date, due_date, return_date, status) VALUES (145, NULL, 2, '2024-04-19', '2024-04-20', '2024-03-23', 'Returned');
INSERT INTO book_issuance (student_id, faculty_id, book_id, issue_date, due_date, return_date, status) VALUES (344, NULL, 10, '2024-04-25', '2024-03-28', NULL, 'Issued');
INSERT INTO book_issuance (student_id, faculty_id, book_id, issue_date, due_date, return_date, status) VALUES (202, NULL, 21, '2024-05-03', '2024-04-16', '2024-03-08', 'Returned');
INSERT INTO book_issuance (student_id, faculty_id, book_id, issue_date, due_date, return_date, status) VALUES (322, NULL, 29, '2024-03-25', '2024-04-19', NULL, 'Overdue');
INSERT INTO book_issuance (student_id, faculty_id, book_id, issue_date, due_date, return_date, status) VALUES (87, NULL, 1, '2024-03-23', '2024-04-25', NULL, 'Overdue');
INSERT INTO book_issuance (student_id, faculty_id, book_id, issue_date, due_date, return_date, status) VALUES (330, NULL, 13, '2024-04-04', '2024-04-02', NULL, 'Overdue');
INSERT INTO book_issuance (student_id, faculty_id, book_id, issue_date, due_date, return_date, status) VALUES (479, NULL, 24, '2024-03-09', '2024-05-03', '2024-02-23', 'Returned');
INSERT INTO book_issuance (student_id, faculty_id, book_id, issue_date, due_date, return_date, status) VALUES (246, NULL, 30, '2024-04-06', '2024-03-08', '2024-05-19', 'Returned');
INSERT INTO book_issuance (student_id, faculty_id, book_id, issue_date, due_date, return_date, status) VALUES (301, NULL, 30, '2024-03-02', '2024-02-25', '2024-04-23', 'Returned');
INSERT INTO book_issuance (student_id, faculty_id, book_id, issue_date, due_date, return_date, status) VALUES (NULL, 1, 19, '2024-05-08', '2024-03-16', NULL, 'Issued');
INSERT INTO book_issuance (student_id, faculty_id, book_id, issue_date, due_date, return_date, status) VALUES (406, NULL, 14, '2024-02-28', '2024-05-11', NULL, 'Overdue');
INSERT INTO book_issuance (student_id, faculty_id, book_id, issue_date, due_date, return_date, status) VALUES (NULL, 49, 1, '2024-02-25', '2024-03-20', NULL, 'Issued');
INSERT INTO book_issuance (student_id, faculty_id, book_id, issue_date, due_date, return_date, status) VALUES (1, NULL, 25, '2024-04-08', '2024-05-08', '2024-04-08', 'Returned');
INSERT INTO book_issuance (student_id, faculty_id, book_id, issue_date, due_date, return_date, status) VALUES (454, NULL, 13, '2024-03-29', '2024-05-25', NULL, 'Overdue');
INSERT INTO book_issuance (student_id, faculty_id, book_id, issue_date, due_date, return_date, status) VALUES (94, NULL, 9, '2024-03-01', '2024-03-31', NULL, 'Overdue');
INSERT INTO book_issuance (student_id, faculty_id, book_id, issue_date, due_date, return_date, status) VALUES (68, NULL, 17, '2024-03-19', '2024-04-19', NULL, 'Issued');
INSERT INTO book_issuance (student_id, faculty_id, book_id, issue_date, due_date, return_date, status) VALUES (450, NULL, 17, '2024-04-11', '2024-05-02', NULL, 'Overdue');
INSERT INTO exam_schedules (id, subject_id, exam_date, exam_time, duration_minutes, exam_type) VALUES (1, 1, '2023-12-11', '10:00:00', 180, 'Final');
INSERT INTO exam_schedules (id, subject_id, exam_date, exam_time, duration_minutes, exam_type) VALUES (2, 2, '2023-12-12', '10:00:00', 180, 'Final');
INSERT INTO exam_schedules (id, subject_id, exam_date, exam_time, duration_minutes, exam_type) VALUES (3, 3, '2023-12-13', '10:00:00', 180, 'Final');
INSERT INTO exam_schedules (id, subject_id, exam_date, exam_time, duration_minutes, exam_type) VALUES (4, 4, '2023-12-14', '10:00:00', 180, 'Final');
INSERT INTO exam_schedules (id, subject_id, exam_date, exam_time, duration_minutes, exam_type) VALUES (5, 5, '2024-05-12', '10:00:00', 180, 'Final');
INSERT INTO exam_schedules (id, subject_id, exam_date, exam_time, duration_minutes, exam_type) VALUES (6, 6, '2024-05-13', '10:00:00', 180, 'Final');
INSERT INTO exam_schedules (id, subject_id, exam_date, exam_time, duration_minutes, exam_type) VALUES (7, 7, '2024-05-14', '10:00:00', 180, 'Final');
INSERT INTO exam_schedules (id, subject_id, exam_date, exam_time, duration_minutes, exam_type) VALUES (8, 8, '2024-05-15', '10:00:00', 180, 'Final');
INSERT INTO exam_schedules (id, subject_id, exam_date, exam_time, duration_minutes, exam_type) VALUES (9, 33, '2023-12-13', '10:00:00', 180, 'Final');
INSERT INTO exam_schedules (id, subject_id, exam_date, exam_time, duration_minutes, exam_type) VALUES (10, 34, '2023-12-14', '10:00:00', 180, 'Final');
INSERT INTO exam_schedules (id, subject_id, exam_date, exam_time, duration_minutes, exam_type) VALUES (11, 35, '2023-12-10', '10:00:00', 180, 'Final');
INSERT INTO exam_schedules (id, subject_id, exam_date, exam_time, duration_minutes, exam_type) VALUES (12, 36, '2023-12-11', '10:00:00', 180, 'Final');
INSERT INTO exam_schedules (id, subject_id, exam_date, exam_time, duration_minutes, exam_type) VALUES (13, 37, '2024-05-14', '10:00:00', 180, 'Final');
INSERT INTO exam_schedules (id, subject_id, exam_date, exam_time, duration_minutes, exam_type) VALUES (14, 38, '2024-05-15', '10:00:00', 180, 'Final');
INSERT INTO exam_schedules (id, subject_id, exam_date, exam_time, duration_minutes, exam_type) VALUES (15, 39, '2024-05-16', '10:00:00', 180, 'Final');
INSERT INTO exam_schedules (id, subject_id, exam_date, exam_time, duration_minutes, exam_type) VALUES (16, 40, '2024-05-12', '10:00:00', 180, 'Final');
INSERT INTO exam_schedules (id, subject_id, exam_date, exam_time, duration_minutes, exam_type) VALUES (17, 65, '2023-12-10', '10:00:00', 180, 'Final');
INSERT INTO exam_schedules (id, subject_id, exam_date, exam_time, duration_minutes, exam_type) VALUES (18, 66, '2023-12-11', '10:00:00', 180, 'Final');
INSERT INTO exam_schedules (id, subject_id, exam_date, exam_time, duration_minutes, exam_type) VALUES (19, 67, '2023-12-12', '10:00:00', 180, 'Final');
INSERT INTO exam_schedules (id, subject_id, exam_date, exam_time, duration_minutes, exam_type) VALUES (20, 68, '2023-12-13', '10:00:00', 180, 'Final');
INSERT INTO exam_schedules (id, subject_id, exam_date, exam_time, duration_minutes, exam_type) VALUES (21, 69, '2024-05-16', '10:00:00', 180, 'Final');
INSERT INTO exam_schedules (id, subject_id, exam_date, exam_time, duration_minutes, exam_type) VALUES (22, 70, '2024-05-12', '10:00:00', 180, 'Final');
INSERT INTO exam_schedules (id, subject_id, exam_date, exam_time, duration_minutes, exam_type) VALUES (23, 71, '2024-05-13', '10:00:00', 180, 'Final');
INSERT INTO exam_schedules (id, subject_id, exam_date, exam_time, duration_minutes, exam_type) VALUES (24, 72, '2024-05-14', '10:00:00', 180, 'Final');
INSERT INTO exam_schedules (id, subject_id, exam_date, exam_time, duration_minutes, exam_type) VALUES (25, 97, '2023-12-12', '10:00:00', 180, 'Final');
INSERT INTO exam_schedules (id, subject_id, exam_date, exam_time, duration_minutes, exam_type) VALUES (26, 98, '2023-12-13', '10:00:00', 180, 'Final');
INSERT INTO exam_schedules (id, subject_id, exam_date, exam_time, duration_minutes, exam_type) VALUES (27, 99, '2023-12-14', '10:00:00', 180, 'Final');
INSERT INTO exam_schedules (id, subject_id, exam_date, exam_time, duration_minutes, exam_type) VALUES (28, 100, '2023-12-10', '10:00:00', 180, 'Final');
INSERT INTO exam_schedules (id, subject_id, exam_date, exam_time, duration_minutes, exam_type) VALUES (29, 101, '2024-05-13', '10:00:00', 180, 'Final');
INSERT INTO exam_schedules (id, subject_id, exam_date, exam_time, duration_minutes, exam_type) VALUES (30, 102, '2024-05-14', '10:00:00', 180, 'Final');
INSERT INTO exam_schedules (id, subject_id, exam_date, exam_time, duration_minutes, exam_type) VALUES (31, 103, '2024-05-15', '10:00:00', 180, 'Final');
INSERT INTO exam_schedules (id, subject_id, exam_date, exam_time, duration_minutes, exam_type) VALUES (32, 104, '2024-05-16', '10:00:00', 180, 'Final');
INSERT INTO exam_schedules (id, subject_id, exam_date, exam_time, duration_minutes, exam_type) VALUES (33, 129, '2023-12-14', '10:00:00', 180, 'Final');
INSERT INTO exam_schedules (id, subject_id, exam_date, exam_time, duration_minutes, exam_type) VALUES (34, 130, '2023-12-10', '10:00:00', 180, 'Final');
INSERT INTO exam_schedules (id, subject_id, exam_date, exam_time, duration_minutes, exam_type) VALUES (35, 131, '2023-12-11', '10:00:00', 180, 'Final');
INSERT INTO exam_schedules (id, subject_id, exam_date, exam_time, duration_minutes, exam_type) VALUES (36, 132, '2023-12-12', '10:00:00', 180, 'Final');
INSERT INTO exam_schedules (id, subject_id, exam_date, exam_time, duration_minutes, exam_type) VALUES (37, 133, '2024-05-15', '10:00:00', 180, 'Final');
INSERT INTO exam_schedules (id, subject_id, exam_date, exam_time, duration_minutes, exam_type) VALUES (38, 134, '2024-05-16', '10:00:00', 180, 'Final');
INSERT INTO exam_schedules (id, subject_id, exam_date, exam_time, duration_minutes, exam_type) VALUES (39, 135, '2024-05-12', '10:00:00', 180, 'Final');
INSERT INTO exam_schedules (id, subject_id, exam_date, exam_time, duration_minutes, exam_type) VALUES (40, 136, '2024-05-13', '10:00:00', 180, 'Final');
INSERT INTO exam_results (student_id, exam_schedule_id, marks_obtained, max_marks, grade) VALUES (3, 1, 56, 100, 'B');
INSERT INTO exam_results (student_id, exam_schedule_id, marks_obtained, max_marks, grade) VALUES (3, 2, 66, 100, 'B+');
INSERT INTO exam_results (student_id, exam_schedule_id, marks_obtained, max_marks, grade) VALUES (3, 3, 97, 100, 'O');
INSERT INTO exam_results (student_id, exam_schedule_id, marks_obtained, max_marks, grade) VALUES (3, 4, 50, 100, 'B');
INSERT INTO exam_results (student_id, exam_schedule_id, marks_obtained, max_marks, grade) VALUES (4, 1, 92, 100, 'O');
INSERT INTO exam_results (student_id, exam_schedule_id, marks_obtained, max_marks, grade) VALUES (4, 2, 69, 100, 'B+');
INSERT INTO exam_results (student_id, exam_schedule_id, marks_obtained, max_marks, grade) VALUES (4, 3, 93, 100, 'O');
INSERT INTO exam_results (student_id, exam_schedule_id, marks_obtained, max_marks, grade) VALUES (4, 4, 72, 100, 'A');
INSERT INTO exam_results (student_id, exam_schedule_id, marks_obtained, max_marks, grade) VALUES (5, 1, 45, 100, 'C');
INSERT INTO exam_results (student_id, exam_schedule_id, marks_obtained, max_marks, grade) VALUES (5, 2, 68, 100, 'B+');
INSERT INTO exam_results (student_id, exam_schedule_id, marks_obtained, max_marks, grade) VALUES (5, 3, 95, 100, 'O');
INSERT INTO exam_results (student_id, exam_schedule_id, marks_obtained, max_marks, grade) VALUES (5, 4, 76, 100, 'A');
INSERT INTO exam_results (student_id, exam_schedule_id, marks_obtained, max_marks, grade) VALUES (5, 5, 88, 100, 'A+');
INSERT INTO exam_results (student_id, exam_schedule_id, marks_obtained, max_marks, grade) VALUES (5, 6, 50, 100, 'B');
INSERT INTO exam_results (student_id, exam_schedule_id, marks_obtained, max_marks, grade) VALUES (5, 7, 83, 100, 'A+');
INSERT INTO exam_results (student_id, exam_schedule_id, marks_obtained, max_marks, grade) VALUES (5, 8, 56, 100, 'B');
INSERT INTO exam_results (student_id, exam_schedule_id, marks_obtained, max_marks, grade) VALUES (6, 1, 66, 100, 'B+');
INSERT INTO exam_results (student_id, exam_schedule_id, marks_obtained, max_marks, grade) VALUES (6, 2, 68, 100, 'B+');
INSERT INTO exam_results (student_id, exam_schedule_id, marks_obtained, max_marks, grade) VALUES (6, 3, 88, 100, 'A+');
INSERT INTO exam_results (student_id, exam_schedule_id, marks_obtained, max_marks, grade) VALUES (6, 4, 92, 100, 'O');
INSERT INTO exam_results (student_id, exam_schedule_id, marks_obtained, max_marks, grade) VALUES (6, 5, 89, 100, 'O');
INSERT INTO exam_results (student_id, exam_schedule_id, marks_obtained, max_marks, grade) VALUES (6, 6, 90, 100, 'O');
INSERT INTO exam_results (student_id, exam_schedule_id, marks_obtained, max_marks, grade) VALUES (6, 7, 86, 100, 'A+');
INSERT INTO exam_results (student_id, exam_schedule_id, marks_obtained, max_marks, grade) VALUES (6, 8, 86, 100, 'A+');
INSERT INTO exam_results (student_id, exam_schedule_id, marks_obtained, max_marks, grade) VALUES (7, 1, 54, 100, 'B');
INSERT INTO exam_results (student_id, exam_schedule_id, marks_obtained, max_marks, grade) VALUES (7, 2, 90, 100, 'O');
INSERT INTO exam_results (student_id, exam_schedule_id, marks_obtained, max_marks, grade) VALUES (7, 3, 52, 100, 'B');
INSERT INTO exam_results (student_id, exam_schedule_id, marks_obtained, max_marks, grade) VALUES (7, 4, 97, 100, 'O');
INSERT INTO exam_results (student_id, exam_schedule_id, marks_obtained, max_marks, grade) VALUES (7, 5, 61, 100, 'B+');
INSERT INTO exam_results (student_id, exam_schedule_id, marks_obtained, max_marks, grade) VALUES (7, 6, 83, 100, 'A+');
INSERT INTO exam_results (student_id, exam_schedule_id, marks_obtained, max_marks, grade) VALUES (7, 7, 92, 100, 'O');
INSERT INTO exam_results (student_id, exam_schedule_id, marks_obtained, max_marks, grade) VALUES (7, 8, 90, 100, 'O');
INSERT INTO exam_results (student_id, exam_schedule_id, marks_obtained, max_marks, grade) VALUES (8, 1, 98, 100, 'O');
INSERT INTO exam_results (student_id, exam_schedule_id, marks_obtained, max_marks, grade) VALUES (8, 2, 85, 100, 'A+');
INSERT INTO exam_results (student_id, exam_schedule_id, marks_obtained, max_marks, grade) VALUES (8, 3, 46, 100, 'C');
INSERT INTO exam_results (student_id, exam_schedule_id, marks_obtained, max_marks, grade) VALUES (8, 4, 63, 100, 'B+');
INSERT INTO exam_results (student_id, exam_schedule_id, marks_obtained, max_marks, grade) VALUES (8, 5, 83, 100, 'A+');
INSERT INTO exam_results (student_id, exam_schedule_id, marks_obtained, max_marks, grade) VALUES (8, 6, 56, 100, 'B');
INSERT INTO exam_results (student_id, exam_schedule_id, marks_obtained, max_marks, grade) VALUES (8, 7, 72, 100, 'A');
INSERT INTO exam_results (student_id, exam_schedule_id, marks_obtained, max_marks, grade) VALUES (8, 8, 47, 100, 'C');
INSERT INTO exam_results (student_id, exam_schedule_id, marks_obtained, max_marks, grade) VALUES (9, 1, 50, 100, 'B');
INSERT INTO exam_results (student_id, exam_schedule_id, marks_obtained, max_marks, grade) VALUES (9, 2, 93, 100, 'O');
INSERT INTO exam_results (student_id, exam_schedule_id, marks_obtained, max_marks, grade) VALUES (9, 3, 58, 100, 'B');
INSERT INTO exam_results (student_id, exam_schedule_id, marks_obtained, max_marks, grade) VALUES (9, 4, 64, 100, 'B+');
INSERT INTO exam_results (student_id, exam_schedule_id, marks_obtained, max_marks, grade) VALUES (9, 5, 59, 100, 'B');
INSERT INTO exam_results (student_id, exam_schedule_id, marks_obtained, max_marks, grade) VALUES (9, 6, 88, 100, 'A+');
INSERT INTO exam_results (student_id, exam_schedule_id, marks_obtained, max_marks, grade) VALUES (9, 7, 96, 100, 'O');
INSERT INTO exam_results (student_id, exam_schedule_id, marks_obtained, max_marks, grade) VALUES (9, 8, 60, 100, 'B+');
INSERT INTO exam_results (student_id, exam_schedule_id, marks_obtained, max_marks, grade) VALUES (10, 1, 71, 100, 'A');
INSERT INTO exam_results (student_id, exam_schedule_id, marks_obtained, max_marks, grade) VALUES (10, 2, 93, 100, 'O');
INSERT INTO exam_results (student_id, exam_schedule_id, marks_obtained, max_marks, grade) VALUES (10, 3, 62, 100, 'B+');
INSERT INTO exam_results (student_id, exam_schedule_id, marks_obtained, max_marks, grade) VALUES (10, 4, 55, 100, 'B');
INSERT INTO exam_results (student_id, exam_schedule_id, marks_obtained, max_marks, grade) VALUES (10, 5, 48, 100, 'C');
INSERT INTO exam_results (student_id, exam_schedule_id, marks_obtained, max_marks, grade) VALUES (10, 6, 58, 100, 'B');
INSERT INTO exam_results (student_id, exam_schedule_id, marks_obtained, max_marks, grade) VALUES (10, 7, 96, 100, 'O');
INSERT INTO exam_results (student_id, exam_schedule_id, marks_obtained, max_marks, grade) VALUES (10, 8, 77, 100, 'A');
INSERT INTO exam_results (student_id, exam_schedule_id, marks_obtained, max_marks, grade) VALUES (11, 1, 78, 100, 'A');
INSERT INTO exam_results (student_id, exam_schedule_id, marks_obtained, max_marks, grade) VALUES (11, 2, 55, 100, 'B');
INSERT INTO exam_results (student_id, exam_schedule_id, marks_obtained, max_marks, grade) VALUES (11, 3, 51, 100, 'B');
INSERT INTO exam_results (student_id, exam_schedule_id, marks_obtained, max_marks, grade) VALUES (11, 4, 88, 100, 'A+');
INSERT INTO exam_results (student_id, exam_schedule_id, marks_obtained, max_marks, grade) VALUES (11, 5, 79, 100, 'A+');
INSERT INTO exam_results (student_id, exam_schedule_id, marks_obtained, max_marks, grade) VALUES (11, 6, 56, 100, 'B');
INSERT INTO exam_results (student_id, exam_schedule_id, marks_obtained, max_marks, grade) VALUES (11, 7, 89, 100, 'O');
INSERT INTO exam_results (student_id, exam_schedule_id, marks_obtained, max_marks, grade) VALUES (11, 8, 98, 100, 'O');
INSERT INTO exam_results (student_id, exam_schedule_id, marks_obtained, max_marks, grade) VALUES (12, 1, 81, 100, 'A+');
INSERT INTO exam_results (student_id, exam_schedule_id, marks_obtained, max_marks, grade) VALUES (12, 2, 82, 100, 'A+');
INSERT INTO exam_results (student_id, exam_schedule_id, marks_obtained, max_marks, grade) VALUES (12, 3, 70, 100, 'A');
INSERT INTO exam_results (student_id, exam_schedule_id, marks_obtained, max_marks, grade) VALUES (12, 4, 60, 100, 'B+');
INSERT INTO exam_results (student_id, exam_schedule_id, marks_obtained, max_marks, grade) VALUES (12, 5, 75, 100, 'A');
INSERT INTO exam_results (student_id, exam_schedule_id, marks_obtained, max_marks, grade) VALUES (12, 6, 98, 100, 'O');
INSERT INTO exam_results (student_id, exam_schedule_id, marks_obtained, max_marks, grade) VALUES (12, 7, 80, 100, 'A+');
INSERT INTO exam_results (student_id, exam_schedule_id, marks_obtained, max_marks, grade) VALUES (12, 8, 45, 100, 'C');
INSERT INTO exam_results (student_id, exam_schedule_id, marks_obtained, max_marks, grade) VALUES (13, 1, 54, 100, 'B');
INSERT INTO exam_results (student_id, exam_schedule_id, marks_obtained, max_marks, grade) VALUES (13, 2, 77, 100, 'A');
INSERT INTO exam_results (student_id, exam_schedule_id, marks_obtained, max_marks, grade) VALUES (13, 3, 46, 100, 'C');
INSERT INTO exam_results (student_id, exam_schedule_id, marks_obtained, max_marks, grade) VALUES (13, 4, 66, 100, 'B+');
INSERT INTO exam_results (student_id, exam_schedule_id, marks_obtained, max_marks, grade) VALUES (13, 5, 85, 100, 'A+');
INSERT INTO exam_results (student_id, exam_schedule_id, marks_obtained, max_marks, grade) VALUES (13, 6, 47, 100, 'C');
INSERT INTO exam_results (student_id, exam_schedule_id, marks_obtained, max_marks, grade) VALUES (13, 7, 47, 100, 'C');
INSERT INTO exam_results (student_id, exam_schedule_id, marks_obtained, max_marks, grade) VALUES (13, 8, 48, 100, 'C');
INSERT INTO exam_results (student_id, exam_schedule_id, marks_obtained, max_marks, grade) VALUES (14, 1, 75, 100, 'A');
INSERT INTO exam_results (student_id, exam_schedule_id, marks_obtained, max_marks, grade) VALUES (14, 2, 82, 100, 'A+');
INSERT INTO exam_results (student_id, exam_schedule_id, marks_obtained, max_marks, grade) VALUES (14, 3, 87, 100, 'A+');
INSERT INTO exam_results (student_id, exam_schedule_id, marks_obtained, max_marks, grade) VALUES (14, 4, 95, 100, 'O');
INSERT INTO exam_results (student_id, exam_schedule_id, marks_obtained, max_marks, grade) VALUES (14, 5, 67, 100, 'B+');
INSERT INTO exam_results (student_id, exam_schedule_id, marks_obtained, max_marks, grade) VALUES (14, 6, 56, 100, 'B');
INSERT INTO exam_results (student_id, exam_schedule_id, marks_obtained, max_marks, grade) VALUES (14, 7, 58, 100, 'B');
INSERT INTO exam_results (student_id, exam_schedule_id, marks_obtained, max_marks, grade) VALUES (14, 8, 45, 100, 'C');
INSERT INTO exam_results (student_id, exam_schedule_id, marks_obtained, max_marks, grade) VALUES (15, 1, 88, 100, 'A+');
INSERT INTO exam_results (student_id, exam_schedule_id, marks_obtained, max_marks, grade) VALUES (15, 2, 85, 100, 'A+');
INSERT INTO exam_results (student_id, exam_schedule_id, marks_obtained, max_marks, grade) VALUES (15, 3, 75, 100, 'A');
INSERT INTO exam_results (student_id, exam_schedule_id, marks_obtained, max_marks, grade) VALUES (15, 4, 85, 100, 'A+');
INSERT INTO exam_results (student_id, exam_schedule_id, marks_obtained, max_marks, grade) VALUES (15, 5, 87, 100, 'A+');
INSERT INTO exam_results (student_id, exam_schedule_id, marks_obtained, max_marks, grade) VALUES (15, 6, 80, 100, 'A+');
INSERT INTO exam_results (student_id, exam_schedule_id, marks_obtained, max_marks, grade) VALUES (15, 7, 47, 100, 'C');
INSERT INTO exam_results (student_id, exam_schedule_id, marks_obtained, max_marks, grade) VALUES (15, 8, 64, 100, 'B+');
INSERT INTO exam_results (student_id, exam_schedule_id, marks_obtained, max_marks, grade) VALUES (16, 1, 73, 100, 'A');
INSERT INTO exam_results (student_id, exam_schedule_id, marks_obtained, max_marks, grade) VALUES (16, 2, 59, 100, 'B');
INSERT INTO exam_results (student_id, exam_schedule_id, marks_obtained, max_marks, grade) VALUES (16, 3, 54, 100, 'B');
INSERT INTO exam_results (student_id, exam_schedule_id, marks_obtained, max_marks, grade) VALUES (16, 4, 57, 100, 'B');
INSERT INTO exam_results (student_id, exam_schedule_id, marks_obtained, max_marks, grade) VALUES (16, 5, 86, 100, 'A+');
INSERT INTO exam_results (student_id, exam_schedule_id, marks_obtained, max_marks, grade) VALUES (16, 6, 66, 100, 'B+');
INSERT INTO exam_results (student_id, exam_schedule_id, marks_obtained, max_marks, grade) VALUES (16, 7, 94, 100, 'O');
INSERT INTO exam_results (student_id, exam_schedule_id, marks_obtained, max_marks, grade) VALUES (16, 8, 96, 100, 'O');
INSERT INTO exam_results (student_id, exam_schedule_id, marks_obtained, max_marks, grade) VALUES (19, 9, 62, 100, 'B+');
INSERT INTO exam_results (student_id, exam_schedule_id, marks_obtained, max_marks, grade) VALUES (19, 10, 66, 100, 'B+');
INSERT INTO exam_results (student_id, exam_schedule_id, marks_obtained, max_marks, grade) VALUES (19, 11, 51, 100, 'B');
INSERT INTO exam_results (student_id, exam_schedule_id, marks_obtained, max_marks, grade) VALUES (19, 12, 98, 100, 'O');
INSERT INTO exam_results (student_id, exam_schedule_id, marks_obtained, max_marks, grade) VALUES (20, 9, 53, 100, 'B');
INSERT INTO exam_results (student_id, exam_schedule_id, marks_obtained, max_marks, grade) VALUES (20, 10, 64, 100, 'B+');
INSERT INTO exam_results (student_id, exam_schedule_id, marks_obtained, max_marks, grade) VALUES (20, 11, 84, 100, 'A+');
INSERT INTO exam_results (student_id, exam_schedule_id, marks_obtained, max_marks, grade) VALUES (20, 12, 47, 100, 'C');
INSERT INTO exam_results (student_id, exam_schedule_id, marks_obtained, max_marks, grade) VALUES (21, 9, 71, 100, 'A');
INSERT INTO exam_results (student_id, exam_schedule_id, marks_obtained, max_marks, grade) VALUES (21, 10, 88, 100, 'A+');
INSERT INTO exam_results (student_id, exam_schedule_id, marks_obtained, max_marks, grade) VALUES (21, 11, 46, 100, 'C');
INSERT INTO exam_results (student_id, exam_schedule_id, marks_obtained, max_marks, grade) VALUES (21, 12, 95, 100, 'O');
INSERT INTO exam_results (student_id, exam_schedule_id, marks_obtained, max_marks, grade) VALUES (21, 13, 60, 100, 'B+');
INSERT INTO exam_results (student_id, exam_schedule_id, marks_obtained, max_marks, grade) VALUES (21, 14, 54, 100, 'B');
INSERT INTO exam_results (student_id, exam_schedule_id, marks_obtained, max_marks, grade) VALUES (21, 15, 87, 100, 'A+');
INSERT INTO exam_results (student_id, exam_schedule_id, marks_obtained, max_marks, grade) VALUES (21, 16, 56, 100, 'B');
INSERT INTO exam_results (student_id, exam_schedule_id, marks_obtained, max_marks, grade) VALUES (22, 9, 63, 100, 'B+');
INSERT INTO exam_results (student_id, exam_schedule_id, marks_obtained, max_marks, grade) VALUES (22, 10, 46, 100, 'C');
INSERT INTO exam_results (student_id, exam_schedule_id, marks_obtained, max_marks, grade) VALUES (22, 11, 46, 100, 'C');
INSERT INTO exam_results (student_id, exam_schedule_id, marks_obtained, max_marks, grade) VALUES (22, 12, 71, 100, 'A');
INSERT INTO exam_results (student_id, exam_schedule_id, marks_obtained, max_marks, grade) VALUES (22, 13, 70, 100, 'A');
INSERT INTO exam_results (student_id, exam_schedule_id, marks_obtained, max_marks, grade) VALUES (22, 14, 58, 100, 'B');
INSERT INTO exam_results (student_id, exam_schedule_id, marks_obtained, max_marks, grade) VALUES (22, 15, 77, 100, 'A');
INSERT INTO exam_results (student_id, exam_schedule_id, marks_obtained, max_marks, grade) VALUES (22, 16, 95, 100, 'O');
INSERT INTO exam_results (student_id, exam_schedule_id, marks_obtained, max_marks, grade) VALUES (23, 9, 71, 100, 'A');
INSERT INTO exam_results (student_id, exam_schedule_id, marks_obtained, max_marks, grade) VALUES (23, 10, 47, 100, 'C');
INSERT INTO exam_results (student_id, exam_schedule_id, marks_obtained, max_marks, grade) VALUES (23, 11, 76, 100, 'A');
INSERT INTO exam_results (student_id, exam_schedule_id, marks_obtained, max_marks, grade) VALUES (23, 12, 54, 100, 'B');
INSERT INTO exam_results (student_id, exam_schedule_id, marks_obtained, max_marks, grade) VALUES (23, 13, 81, 100, 'A+');
INSERT INTO exam_results (student_id, exam_schedule_id, marks_obtained, max_marks, grade) VALUES (23, 14, 51, 100, 'B');
INSERT INTO exam_results (student_id, exam_schedule_id, marks_obtained, max_marks, grade) VALUES (23, 15, 50, 100, 'B');
INSERT INTO exam_results (student_id, exam_schedule_id, marks_obtained, max_marks, grade) VALUES (23, 16, 82, 100, 'A+');
INSERT INTO exam_results (student_id, exam_schedule_id, marks_obtained, max_marks, grade) VALUES (24, 9, 48, 100, 'C');
INSERT INTO exam_results (student_id, exam_schedule_id, marks_obtained, max_marks, grade) VALUES (24, 10, 98, 100, 'O');
INSERT INTO exam_results (student_id, exam_schedule_id, marks_obtained, max_marks, grade) VALUES (24, 11, 70, 100, 'A');
INSERT INTO exam_results (student_id, exam_schedule_id, marks_obtained, max_marks, grade) VALUES (24, 12, 66, 100, 'B+');
INSERT INTO exam_results (student_id, exam_schedule_id, marks_obtained, max_marks, grade) VALUES (24, 13, 92, 100, 'O');
INSERT INTO exam_results (student_id, exam_schedule_id, marks_obtained, max_marks, grade) VALUES (24, 14, 80, 100, 'A+');
INSERT INTO exam_results (student_id, exam_schedule_id, marks_obtained, max_marks, grade) VALUES (24, 15, 70, 100, 'A');
INSERT INTO exam_results (student_id, exam_schedule_id, marks_obtained, max_marks, grade) VALUES (24, 16, 67, 100, 'B+');
INSERT INTO exam_results (student_id, exam_schedule_id, marks_obtained, max_marks, grade) VALUES (25, 9, 74, 100, 'A');
INSERT INTO exam_results (student_id, exam_schedule_id, marks_obtained, max_marks, grade) VALUES (25, 10, 54, 100, 'B');
INSERT INTO exam_results (student_id, exam_schedule_id, marks_obtained, max_marks, grade) VALUES (25, 11, 53, 100, 'B');
INSERT INTO exam_results (student_id, exam_schedule_id, marks_obtained, max_marks, grade) VALUES (25, 12, 81, 100, 'A+');
INSERT INTO exam_results (student_id, exam_schedule_id, marks_obtained, max_marks, grade) VALUES (25, 13, 72, 100, 'A');
INSERT INTO exam_results (student_id, exam_schedule_id, marks_obtained, max_marks, grade) VALUES (25, 14, 69, 100, 'B+');
INSERT INTO exam_results (student_id, exam_schedule_id, marks_obtained, max_marks, grade) VALUES (25, 15, 71, 100, 'A');
INSERT INTO exam_results (student_id, exam_schedule_id, marks_obtained, max_marks, grade) VALUES (25, 16, 82, 100, 'A+');
INSERT INTO exam_results (student_id, exam_schedule_id, marks_obtained, max_marks, grade) VALUES (26, 9, 49, 100, 'C');
INSERT INTO exam_results (student_id, exam_schedule_id, marks_obtained, max_marks, grade) VALUES (26, 10, 82, 100, 'A+');
INSERT INTO exam_results (student_id, exam_schedule_id, marks_obtained, max_marks, grade) VALUES (26, 11, 85, 100, 'A+');
INSERT INTO exam_results (student_id, exam_schedule_id, marks_obtained, max_marks, grade) VALUES (26, 12, 53, 100, 'B');
INSERT INTO exam_results (student_id, exam_schedule_id, marks_obtained, max_marks, grade) VALUES (26, 13, 50, 100, 'B');
INSERT INTO exam_results (student_id, exam_schedule_id, marks_obtained, max_marks, grade) VALUES (26, 14, 50, 100, 'B');
INSERT INTO exam_results (student_id, exam_schedule_id, marks_obtained, max_marks, grade) VALUES (26, 15, 80, 100, 'A+');
INSERT INTO exam_results (student_id, exam_schedule_id, marks_obtained, max_marks, grade) VALUES (26, 16, 85, 100, 'A+');
INSERT INTO exam_results (student_id, exam_schedule_id, marks_obtained, max_marks, grade) VALUES (27, 9, 56, 100, 'B');
INSERT INTO exam_results (student_id, exam_schedule_id, marks_obtained, max_marks, grade) VALUES (27, 10, 81, 100, 'A+');
INSERT INTO exam_results (student_id, exam_schedule_id, marks_obtained, max_marks, grade) VALUES (27, 11, 53, 100, 'B');
INSERT INTO exam_results (student_id, exam_schedule_id, marks_obtained, max_marks, grade) VALUES (27, 12, 55, 100, 'B');
INSERT INTO exam_results (student_id, exam_schedule_id, marks_obtained, max_marks, grade) VALUES (27, 13, 66, 100, 'B+');
INSERT INTO exam_results (student_id, exam_schedule_id, marks_obtained, max_marks, grade) VALUES (27, 14, 89, 100, 'O');
INSERT INTO exam_results (student_id, exam_schedule_id, marks_obtained, max_marks, grade) VALUES (27, 15, 73, 100, 'A');
INSERT INTO exam_results (student_id, exam_schedule_id, marks_obtained, max_marks, grade) VALUES (27, 16, 91, 100, 'O');
INSERT INTO exam_results (student_id, exam_schedule_id, marks_obtained, max_marks, grade) VALUES (28, 9, 63, 100, 'B+');
INSERT INTO exam_results (student_id, exam_schedule_id, marks_obtained, max_marks, grade) VALUES (28, 10, 87, 100, 'A+');
INSERT INTO exam_results (student_id, exam_schedule_id, marks_obtained, max_marks, grade) VALUES (28, 11, 85, 100, 'A+');
INSERT INTO exam_results (student_id, exam_schedule_id, marks_obtained, max_marks, grade) VALUES (28, 12, 49, 100, 'C');
INSERT INTO exam_results (student_id, exam_schedule_id, marks_obtained, max_marks, grade) VALUES (28, 13, 68, 100, 'B+');
INSERT INTO exam_results (student_id, exam_schedule_id, marks_obtained, max_marks, grade) VALUES (28, 14, 57, 100, 'B');
INSERT INTO exam_results (student_id, exam_schedule_id, marks_obtained, max_marks, grade) VALUES (28, 15, 90, 100, 'O');
INSERT INTO exam_results (student_id, exam_schedule_id, marks_obtained, max_marks, grade) VALUES (28, 16, 91, 100, 'O');
INSERT INTO exam_results (student_id, exam_schedule_id, marks_obtained, max_marks, grade) VALUES (29, 9, 64, 100, 'B+');
INSERT INTO exam_results (student_id, exam_schedule_id, marks_obtained, max_marks, grade) VALUES (29, 10, 61, 100, 'B+');
INSERT INTO exam_results (student_id, exam_schedule_id, marks_obtained, max_marks, grade) VALUES (29, 11, 59, 100, 'B');
INSERT INTO exam_results (student_id, exam_schedule_id, marks_obtained, max_marks, grade) VALUES (29, 12, 52, 100, 'B');
INSERT INTO exam_results (student_id, exam_schedule_id, marks_obtained, max_marks, grade) VALUES (29, 13, 73, 100, 'A');
INSERT INTO exam_results (student_id, exam_schedule_id, marks_obtained, max_marks, grade) VALUES (29, 14, 92, 100, 'O');
INSERT INTO exam_results (student_id, exam_schedule_id, marks_obtained, max_marks, grade) VALUES (29, 15, 58, 100, 'B');
INSERT INTO exam_results (student_id, exam_schedule_id, marks_obtained, max_marks, grade) VALUES (29, 16, 85, 100, 'A+');
INSERT INTO exam_results (student_id, exam_schedule_id, marks_obtained, max_marks, grade) VALUES (30, 9, 72, 100, 'A');
INSERT INTO exam_results (student_id, exam_schedule_id, marks_obtained, max_marks, grade) VALUES (30, 10, 55, 100, 'B');
INSERT INTO exam_results (student_id, exam_schedule_id, marks_obtained, max_marks, grade) VALUES (30, 11, 51, 100, 'B');
INSERT INTO exam_results (student_id, exam_schedule_id, marks_obtained, max_marks, grade) VALUES (30, 12, 60, 100, 'B+');
INSERT INTO exam_results (student_id, exam_schedule_id, marks_obtained, max_marks, grade) VALUES (30, 13, 65, 100, 'B+');
INSERT INTO exam_results (student_id, exam_schedule_id, marks_obtained, max_marks, grade) VALUES (30, 14, 98, 100, 'O');
INSERT INTO exam_results (student_id, exam_schedule_id, marks_obtained, max_marks, grade) VALUES (30, 15, 98, 100, 'O');
INSERT INTO exam_results (student_id, exam_schedule_id, marks_obtained, max_marks, grade) VALUES (30, 16, 80, 100, 'A+');
INSERT INTO exam_results (student_id, exam_schedule_id, marks_obtained, max_marks, grade) VALUES (31, 9, 75, 100, 'A');
INSERT INTO exam_results (student_id, exam_schedule_id, marks_obtained, max_marks, grade) VALUES (31, 10, 90, 100, 'O');
INSERT INTO exam_results (student_id, exam_schedule_id, marks_obtained, max_marks, grade) VALUES (31, 11, 58, 100, 'B');
INSERT INTO exam_results (student_id, exam_schedule_id, marks_obtained, max_marks, grade) VALUES (31, 12, 48, 100, 'C');
INSERT INTO exam_results (student_id, exam_schedule_id, marks_obtained, max_marks, grade) VALUES (31, 13, 73, 100, 'A');
INSERT INTO exam_results (student_id, exam_schedule_id, marks_obtained, max_marks, grade) VALUES (31, 14, 85, 100, 'A+');
INSERT INTO exam_results (student_id, exam_schedule_id, marks_obtained, max_marks, grade) VALUES (31, 15, 77, 100, 'A');
INSERT INTO exam_results (student_id, exam_schedule_id, marks_obtained, max_marks, grade) VALUES (31, 16, 82, 100, 'A+');
INSERT INTO exam_results (student_id, exam_schedule_id, marks_obtained, max_marks, grade) VALUES (32, 9, 89, 100, 'O');
INSERT INTO exam_results (student_id, exam_schedule_id, marks_obtained, max_marks, grade) VALUES (32, 10, 82, 100, 'A+');
INSERT INTO exam_results (student_id, exam_schedule_id, marks_obtained, max_marks, grade) VALUES (32, 11, 63, 100, 'B+');
INSERT INTO exam_results (student_id, exam_schedule_id, marks_obtained, max_marks, grade) VALUES (32, 12, 65, 100, 'B+');
INSERT INTO exam_results (student_id, exam_schedule_id, marks_obtained, max_marks, grade) VALUES (32, 13, 45, 100, 'C');
INSERT INTO exam_results (student_id, exam_schedule_id, marks_obtained, max_marks, grade) VALUES (32, 14, 81, 100, 'A+');
INSERT INTO exam_results (student_id, exam_schedule_id, marks_obtained, max_marks, grade) VALUES (32, 15, 52, 100, 'B');
INSERT INTO exam_results (student_id, exam_schedule_id, marks_obtained, max_marks, grade) VALUES (32, 16, 48, 100, 'C');
INSERT INTO exam_results (student_id, exam_schedule_id, marks_obtained, max_marks, grade) VALUES (35, 17, 84, 100, 'A+');
INSERT INTO exam_results (student_id, exam_schedule_id, marks_obtained, max_marks, grade) VALUES (35, 18, 83, 100, 'A+');
INSERT INTO exam_results (student_id, exam_schedule_id, marks_obtained, max_marks, grade) VALUES (35, 19, 47, 100, 'C');
INSERT INTO exam_results (student_id, exam_schedule_id, marks_obtained, max_marks, grade) VALUES (35, 20, 55, 100, 'B');
INSERT INTO exam_results (student_id, exam_schedule_id, marks_obtained, max_marks, grade) VALUES (36, 17, 68, 100, 'B+');
INSERT INTO exam_results (student_id, exam_schedule_id, marks_obtained, max_marks, grade) VALUES (36, 18, 74, 100, 'A');
INSERT INTO exam_results (student_id, exam_schedule_id, marks_obtained, max_marks, grade) VALUES (36, 19, 50, 100, 'B');
INSERT INTO exam_results (student_id, exam_schedule_id, marks_obtained, max_marks, grade) VALUES (36, 20, 63, 100, 'B+');
INSERT INTO exam_results (student_id, exam_schedule_id, marks_obtained, max_marks, grade) VALUES (37, 17, 87, 100, 'A+');
INSERT INTO exam_results (student_id, exam_schedule_id, marks_obtained, max_marks, grade) VALUES (37, 18, 66, 100, 'B+');
INSERT INTO exam_results (student_id, exam_schedule_id, marks_obtained, max_marks, grade) VALUES (37, 19, 95, 100, 'O');
INSERT INTO exam_results (student_id, exam_schedule_id, marks_obtained, max_marks, grade) VALUES (37, 20, 47, 100, 'C');
INSERT INTO exam_results (student_id, exam_schedule_id, marks_obtained, max_marks, grade) VALUES (37, 21, 85, 100, 'A+');
INSERT INTO exam_results (student_id, exam_schedule_id, marks_obtained, max_marks, grade) VALUES (37, 22, 64, 100, 'B+');
INSERT INTO exam_results (student_id, exam_schedule_id, marks_obtained, max_marks, grade) VALUES (37, 23, 47, 100, 'C');
INSERT INTO exam_results (student_id, exam_schedule_id, marks_obtained, max_marks, grade) VALUES (37, 24, 57, 100, 'B');
INSERT INTO exam_results (student_id, exam_schedule_id, marks_obtained, max_marks, grade) VALUES (38, 17, 92, 100, 'O');
INSERT INTO exam_results (student_id, exam_schedule_id, marks_obtained, max_marks, grade) VALUES (38, 18, 50, 100, 'B');
INSERT INTO exam_results (student_id, exam_schedule_id, marks_obtained, max_marks, grade) VALUES (38, 19, 68, 100, 'B+');
INSERT INTO exam_results (student_id, exam_schedule_id, marks_obtained, max_marks, grade) VALUES (38, 20, 45, 100, 'C');
INSERT INTO exam_results (student_id, exam_schedule_id, marks_obtained, max_marks, grade) VALUES (38, 21, 54, 100, 'B');
INSERT INTO exam_results (student_id, exam_schedule_id, marks_obtained, max_marks, grade) VALUES (38, 22, 49, 100, 'C');
INSERT INTO exam_results (student_id, exam_schedule_id, marks_obtained, max_marks, grade) VALUES (38, 23, 87, 100, 'A+');
INSERT INTO exam_results (student_id, exam_schedule_id, marks_obtained, max_marks, grade) VALUES (38, 24, 63, 100, 'B+');
INSERT INTO exam_results (student_id, exam_schedule_id, marks_obtained, max_marks, grade) VALUES (39, 17, 67, 100, 'B+');
INSERT INTO exam_results (student_id, exam_schedule_id, marks_obtained, max_marks, grade) VALUES (39, 18, 62, 100, 'B+');
INSERT INTO exam_results (student_id, exam_schedule_id, marks_obtained, max_marks, grade) VALUES (39, 19, 76, 100, 'A');
INSERT INTO exam_results (student_id, exam_schedule_id, marks_obtained, max_marks, grade) VALUES (39, 20, 64, 100, 'B+');
INSERT INTO exam_results (student_id, exam_schedule_id, marks_obtained, max_marks, grade) VALUES (39, 21, 93, 100, 'O');
INSERT INTO exam_results (student_id, exam_schedule_id, marks_obtained, max_marks, grade) VALUES (39, 22, 45, 100, 'C');
INSERT INTO exam_results (student_id, exam_schedule_id, marks_obtained, max_marks, grade) VALUES (39, 23, 80, 100, 'A+');
INSERT INTO exam_results (student_id, exam_schedule_id, marks_obtained, max_marks, grade) VALUES (39, 24, 98, 100, 'O');
INSERT INTO exam_results (student_id, exam_schedule_id, marks_obtained, max_marks, grade) VALUES (40, 17, 63, 100, 'B+');
INSERT INTO exam_results (student_id, exam_schedule_id, marks_obtained, max_marks, grade) VALUES (40, 18, 87, 100, 'A+');
INSERT INTO exam_results (student_id, exam_schedule_id, marks_obtained, max_marks, grade) VALUES (40, 19, 65, 100, 'B+');
INSERT INTO exam_results (student_id, exam_schedule_id, marks_obtained, max_marks, grade) VALUES (40, 20, 47, 100, 'C');
INSERT INTO exam_results (student_id, exam_schedule_id, marks_obtained, max_marks, grade) VALUES (40, 21, 79, 100, 'A+');
INSERT INTO exam_results (student_id, exam_schedule_id, marks_obtained, max_marks, grade) VALUES (40, 22, 78, 100, 'A');
INSERT INTO exam_results (student_id, exam_schedule_id, marks_obtained, max_marks, grade) VALUES (40, 23, 53, 100, 'B');
INSERT INTO exam_results (student_id, exam_schedule_id, marks_obtained, max_marks, grade) VALUES (40, 24, 83, 100, 'A+');
INSERT INTO exam_results (student_id, exam_schedule_id, marks_obtained, max_marks, grade) VALUES (41, 17, 81, 100, 'A+');
INSERT INTO exam_results (student_id, exam_schedule_id, marks_obtained, max_marks, grade) VALUES (41, 18, 66, 100, 'B+');
INSERT INTO exam_results (student_id, exam_schedule_id, marks_obtained, max_marks, grade) VALUES (41, 19, 83, 100, 'A+');
INSERT INTO exam_results (student_id, exam_schedule_id, marks_obtained, max_marks, grade) VALUES (41, 20, 53, 100, 'B');
INSERT INTO exam_results (student_id, exam_schedule_id, marks_obtained, max_marks, grade) VALUES (41, 21, 69, 100, 'B+');
INSERT INTO exam_results (student_id, exam_schedule_id, marks_obtained, max_marks, grade) VALUES (41, 22, 94, 100, 'O');
INSERT INTO exam_results (student_id, exam_schedule_id, marks_obtained, max_marks, grade) VALUES (41, 23, 98, 100, 'O');
INSERT INTO exam_results (student_id, exam_schedule_id, marks_obtained, max_marks, grade) VALUES (41, 24, 64, 100, 'B+');
INSERT INTO exam_results (student_id, exam_schedule_id, marks_obtained, max_marks, grade) VALUES (42, 17, 83, 100, 'A+');
INSERT INTO exam_results (student_id, exam_schedule_id, marks_obtained, max_marks, grade) VALUES (42, 18, 92, 100, 'O');
INSERT INTO exam_results (student_id, exam_schedule_id, marks_obtained, max_marks, grade) VALUES (42, 19, 91, 100, 'O');
INSERT INTO exam_results (student_id, exam_schedule_id, marks_obtained, max_marks, grade) VALUES (42, 20, 57, 100, 'B');
INSERT INTO exam_results (student_id, exam_schedule_id, marks_obtained, max_marks, grade) VALUES (42, 21, 67, 100, 'B+');
INSERT INTO exam_results (student_id, exam_schedule_id, marks_obtained, max_marks, grade) VALUES (42, 22, 47, 100, 'C');
INSERT INTO exam_results (student_id, exam_schedule_id, marks_obtained, max_marks, grade) VALUES (42, 23, 72, 100, 'A');
INSERT INTO exam_results (student_id, exam_schedule_id, marks_obtained, max_marks, grade) VALUES (42, 24, 82, 100, 'A+');
INSERT INTO exam_results (student_id, exam_schedule_id, marks_obtained, max_marks, grade) VALUES (43, 17, 96, 100, 'O');
INSERT INTO exam_results (student_id, exam_schedule_id, marks_obtained, max_marks, grade) VALUES (43, 18, 92, 100, 'O');
INSERT INTO exam_results (student_id, exam_schedule_id, marks_obtained, max_marks, grade) VALUES (43, 19, 71, 100, 'A');
INSERT INTO exam_results (student_id, exam_schedule_id, marks_obtained, max_marks, grade) VALUES (43, 20, 82, 100, 'A+');
INSERT INTO exam_results (student_id, exam_schedule_id, marks_obtained, max_marks, grade) VALUES (43, 21, 76, 100, 'A');
INSERT INTO exam_results (student_id, exam_schedule_id, marks_obtained, max_marks, grade) VALUES (43, 22, 85, 100, 'A+');
INSERT INTO exam_results (student_id, exam_schedule_id, marks_obtained, max_marks, grade) VALUES (43, 23, 69, 100, 'B+');
INSERT INTO exam_results (student_id, exam_schedule_id, marks_obtained, max_marks, grade) VALUES (43, 24, 75, 100, 'A');
INSERT INTO exam_results (student_id, exam_schedule_id, marks_obtained, max_marks, grade) VALUES (44, 17, 50, 100, 'B');
INSERT INTO exam_results (student_id, exam_schedule_id, marks_obtained, max_marks, grade) VALUES (44, 18, 66, 100, 'B+');
INSERT INTO exam_results (student_id, exam_schedule_id, marks_obtained, max_marks, grade) VALUES (44, 19, 81, 100, 'A+');
INSERT INTO exam_results (student_id, exam_schedule_id, marks_obtained, max_marks, grade) VALUES (44, 20, 45, 100, 'C');
INSERT INTO exam_results (student_id, exam_schedule_id, marks_obtained, max_marks, grade) VALUES (44, 21, 81, 100, 'A+');
INSERT INTO exam_results (student_id, exam_schedule_id, marks_obtained, max_marks, grade) VALUES (44, 22, 70, 100, 'A');
INSERT INTO exam_results (student_id, exam_schedule_id, marks_obtained, max_marks, grade) VALUES (44, 23, 48, 100, 'C');
INSERT INTO exam_results (student_id, exam_schedule_id, marks_obtained, max_marks, grade) VALUES (44, 24, 85, 100, 'A+');
INSERT INTO exam_results (student_id, exam_schedule_id, marks_obtained, max_marks, grade) VALUES (45, 17, 51, 100, 'B');
INSERT INTO exam_results (student_id, exam_schedule_id, marks_obtained, max_marks, grade) VALUES (45, 18, 59, 100, 'B');
INSERT INTO exam_results (student_id, exam_schedule_id, marks_obtained, max_marks, grade) VALUES (45, 19, 45, 100, 'C');
INSERT INTO exam_results (student_id, exam_schedule_id, marks_obtained, max_marks, grade) VALUES (45, 20, 46, 100, 'C');
INSERT INTO exam_results (student_id, exam_schedule_id, marks_obtained, max_marks, grade) VALUES (45, 21, 67, 100, 'B+');
INSERT INTO exam_results (student_id, exam_schedule_id, marks_obtained, max_marks, grade) VALUES (45, 22, 64, 100, 'B+');
INSERT INTO exam_results (student_id, exam_schedule_id, marks_obtained, max_marks, grade) VALUES (45, 23, 69, 100, 'B+');
INSERT INTO exam_results (student_id, exam_schedule_id, marks_obtained, max_marks, grade) VALUES (45, 24, 90, 100, 'O');
INSERT INTO exam_results (student_id, exam_schedule_id, marks_obtained, max_marks, grade) VALUES (46, 17, 72, 100, 'A');
INSERT INTO exam_results (student_id, exam_schedule_id, marks_obtained, max_marks, grade) VALUES (46, 18, 50, 100, 'B');
INSERT INTO exam_results (student_id, exam_schedule_id, marks_obtained, max_marks, grade) VALUES (46, 19, 68, 100, 'B+');
INSERT INTO exam_results (student_id, exam_schedule_id, marks_obtained, max_marks, grade) VALUES (46, 20, 61, 100, 'B+');
INSERT INTO exam_results (student_id, exam_schedule_id, marks_obtained, max_marks, grade) VALUES (46, 21, 78, 100, 'A');
INSERT INTO exam_results (student_id, exam_schedule_id, marks_obtained, max_marks, grade) VALUES (46, 22, 50, 100, 'B');
INSERT INTO exam_results (student_id, exam_schedule_id, marks_obtained, max_marks, grade) VALUES (46, 23, 83, 100, 'A+');
INSERT INTO exam_results (student_id, exam_schedule_id, marks_obtained, max_marks, grade) VALUES (46, 24, 53, 100, 'B');
INSERT INTO exam_results (student_id, exam_schedule_id, marks_obtained, max_marks, grade) VALUES (47, 17, 92, 100, 'O');
INSERT INTO exam_results (student_id, exam_schedule_id, marks_obtained, max_marks, grade) VALUES (47, 18, 64, 100, 'B+');
INSERT INTO exam_results (student_id, exam_schedule_id, marks_obtained, max_marks, grade) VALUES (47, 19, 60, 100, 'B+');
INSERT INTO exam_results (student_id, exam_schedule_id, marks_obtained, max_marks, grade) VALUES (47, 20, 67, 100, 'B+');
INSERT INTO exam_results (student_id, exam_schedule_id, marks_obtained, max_marks, grade) VALUES (47, 21, 73, 100, 'A');
INSERT INTO exam_results (student_id, exam_schedule_id, marks_obtained, max_marks, grade) VALUES (47, 22, 82, 100, 'A+');
INSERT INTO exam_results (student_id, exam_schedule_id, marks_obtained, max_marks, grade) VALUES (47, 23, 93, 100, 'O');
INSERT INTO exam_results (student_id, exam_schedule_id, marks_obtained, max_marks, grade) VALUES (47, 24, 98, 100, 'O');
INSERT INTO exam_results (student_id, exam_schedule_id, marks_obtained, max_marks, grade) VALUES (48, 17, 92, 100, 'O');
INSERT INTO exam_results (student_id, exam_schedule_id, marks_obtained, max_marks, grade) VALUES (48, 18, 75, 100, 'A');
INSERT INTO exam_results (student_id, exam_schedule_id, marks_obtained, max_marks, grade) VALUES (48, 19, 73, 100, 'A');
INSERT INTO exam_results (student_id, exam_schedule_id, marks_obtained, max_marks, grade) VALUES (48, 20, 79, 100, 'A+');
INSERT INTO exam_results (student_id, exam_schedule_id, marks_obtained, max_marks, grade) VALUES (48, 21, 79, 100, 'A+');
INSERT INTO exam_results (student_id, exam_schedule_id, marks_obtained, max_marks, grade) VALUES (48, 22, 50, 100, 'B');
INSERT INTO exam_results (student_id, exam_schedule_id, marks_obtained, max_marks, grade) VALUES (48, 23, 57, 100, 'B');
INSERT INTO exam_results (student_id, exam_schedule_id, marks_obtained, max_marks, grade) VALUES (48, 24, 69, 100, 'B+');
INSERT INTO exam_results (student_id, exam_schedule_id, marks_obtained, max_marks, grade) VALUES (51, 25, 92, 100, 'O');
INSERT INTO exam_results (student_id, exam_schedule_id, marks_obtained, max_marks, grade) VALUES (51, 26, 61, 100, 'B+');
INSERT INTO exam_results (student_id, exam_schedule_id, marks_obtained, max_marks, grade) VALUES (51, 27, 68, 100, 'B+');
INSERT INTO exam_results (student_id, exam_schedule_id, marks_obtained, max_marks, grade) VALUES (51, 28, 93, 100, 'O');
INSERT INTO exam_results (student_id, exam_schedule_id, marks_obtained, max_marks, grade) VALUES (52, 25, 96, 100, 'O');
INSERT INTO exam_results (student_id, exam_schedule_id, marks_obtained, max_marks, grade) VALUES (52, 26, 47, 100, 'C');
INSERT INTO exam_results (student_id, exam_schedule_id, marks_obtained, max_marks, grade) VALUES (52, 27, 71, 100, 'A');
INSERT INTO exam_results (student_id, exam_schedule_id, marks_obtained, max_marks, grade) VALUES (52, 28, 72, 100, 'A');
INSERT INTO exam_results (student_id, exam_schedule_id, marks_obtained, max_marks, grade) VALUES (53, 25, 88, 100, 'A+');
INSERT INTO exam_results (student_id, exam_schedule_id, marks_obtained, max_marks, grade) VALUES (53, 26, 53, 100, 'B');
INSERT INTO exam_results (student_id, exam_schedule_id, marks_obtained, max_marks, grade) VALUES (53, 27, 50, 100, 'B');
INSERT INTO exam_results (student_id, exam_schedule_id, marks_obtained, max_marks, grade) VALUES (53, 28, 88, 100, 'A+');
INSERT INTO exam_results (student_id, exam_schedule_id, marks_obtained, max_marks, grade) VALUES (53, 29, 80, 100, 'A+');
INSERT INTO exam_results (student_id, exam_schedule_id, marks_obtained, max_marks, grade) VALUES (53, 30, 55, 100, 'B');
INSERT INTO exam_results (student_id, exam_schedule_id, marks_obtained, max_marks, grade) VALUES (53, 31, 51, 100, 'B');
INSERT INTO exam_results (student_id, exam_schedule_id, marks_obtained, max_marks, grade) VALUES (53, 32, 79, 100, 'A+');
INSERT INTO exam_results (student_id, exam_schedule_id, marks_obtained, max_marks, grade) VALUES (54, 25, 98, 100, 'O');
INSERT INTO exam_results (student_id, exam_schedule_id, marks_obtained, max_marks, grade) VALUES (54, 26, 97, 100, 'O');
INSERT INTO exam_results (student_id, exam_schedule_id, marks_obtained, max_marks, grade) VALUES (54, 27, 74, 100, 'A');
INSERT INTO exam_results (student_id, exam_schedule_id, marks_obtained, max_marks, grade) VALUES (54, 28, 54, 100, 'B');
INSERT INTO exam_results (student_id, exam_schedule_id, marks_obtained, max_marks, grade) VALUES (54, 29, 45, 100, 'C');
INSERT INTO exam_results (student_id, exam_schedule_id, marks_obtained, max_marks, grade) VALUES (54, 30, 71, 100, 'A');
INSERT INTO exam_results (student_id, exam_schedule_id, marks_obtained, max_marks, grade) VALUES (54, 31, 58, 100, 'B');
INSERT INTO exam_results (student_id, exam_schedule_id, marks_obtained, max_marks, grade) VALUES (54, 32, 82, 100, 'A+');
INSERT INTO exam_results (student_id, exam_schedule_id, marks_obtained, max_marks, grade) VALUES (55, 25, 68, 100, 'B+');
INSERT INTO exam_results (student_id, exam_schedule_id, marks_obtained, max_marks, grade) VALUES (55, 26, 79, 100, 'A+');
INSERT INTO exam_results (student_id, exam_schedule_id, marks_obtained, max_marks, grade) VALUES (55, 27, 72, 100, 'A');
INSERT INTO exam_results (student_id, exam_schedule_id, marks_obtained, max_marks, grade) VALUES (55, 28, 72, 100, 'A');
INSERT INTO exam_results (student_id, exam_schedule_id, marks_obtained, max_marks, grade) VALUES (55, 29, 63, 100, 'B+');
INSERT INTO exam_results (student_id, exam_schedule_id, marks_obtained, max_marks, grade) VALUES (55, 30, 95, 100, 'O');
INSERT INTO exam_results (student_id, exam_schedule_id, marks_obtained, max_marks, grade) VALUES (55, 31, 90, 100, 'O');
INSERT INTO exam_results (student_id, exam_schedule_id, marks_obtained, max_marks, grade) VALUES (55, 32, 66, 100, 'B+');
INSERT INTO exam_results (student_id, exam_schedule_id, marks_obtained, max_marks, grade) VALUES (56, 25, 98, 100, 'O');
INSERT INTO exam_results (student_id, exam_schedule_id, marks_obtained, max_marks, grade) VALUES (56, 26, 87, 100, 'A+');
INSERT INTO exam_results (student_id, exam_schedule_id, marks_obtained, max_marks, grade) VALUES (56, 27, 78, 100, 'A');
INSERT INTO exam_results (student_id, exam_schedule_id, marks_obtained, max_marks, grade) VALUES (56, 28, 70, 100, 'A');
INSERT INTO exam_results (student_id, exam_schedule_id, marks_obtained, max_marks, grade) VALUES (56, 29, 85, 100, 'A+');
INSERT INTO exam_results (student_id, exam_schedule_id, marks_obtained, max_marks, grade) VALUES (56, 30, 63, 100, 'B+');
INSERT INTO exam_results (student_id, exam_schedule_id, marks_obtained, max_marks, grade) VALUES (56, 31, 46, 100, 'C');
INSERT INTO exam_results (student_id, exam_schedule_id, marks_obtained, max_marks, grade) VALUES (56, 32, 76, 100, 'A');
INSERT INTO exam_results (student_id, exam_schedule_id, marks_obtained, max_marks, grade) VALUES (57, 25, 81, 100, 'A+');
INSERT INTO exam_results (student_id, exam_schedule_id, marks_obtained, max_marks, grade) VALUES (57, 26, 90, 100, 'O');
INSERT INTO exam_results (student_id, exam_schedule_id, marks_obtained, max_marks, grade) VALUES (57, 27, 79, 100, 'A+');
INSERT INTO exam_results (student_id, exam_schedule_id, marks_obtained, max_marks, grade) VALUES (57, 28, 55, 100, 'B');
INSERT INTO exam_results (student_id, exam_schedule_id, marks_obtained, max_marks, grade) VALUES (57, 29, 87, 100, 'A+');
INSERT INTO exam_results (student_id, exam_schedule_id, marks_obtained, max_marks, grade) VALUES (57, 30, 76, 100, 'A');
INSERT INTO exam_results (student_id, exam_schedule_id, marks_obtained, max_marks, grade) VALUES (57, 31, 50, 100, 'B');
INSERT INTO exam_results (student_id, exam_schedule_id, marks_obtained, max_marks, grade) VALUES (57, 32, 53, 100, 'B');
INSERT INTO exam_results (student_id, exam_schedule_id, marks_obtained, max_marks, grade) VALUES (58, 25, 53, 100, 'B');
INSERT INTO exam_results (student_id, exam_schedule_id, marks_obtained, max_marks, grade) VALUES (58, 26, 78, 100, 'A');
INSERT INTO exam_results (student_id, exam_schedule_id, marks_obtained, max_marks, grade) VALUES (58, 27, 49, 100, 'C');
INSERT INTO exam_results (student_id, exam_schedule_id, marks_obtained, max_marks, grade) VALUES (58, 28, 85, 100, 'A+');
INSERT INTO exam_results (student_id, exam_schedule_id, marks_obtained, max_marks, grade) VALUES (58, 29, 79, 100, 'A+');
INSERT INTO exam_results (student_id, exam_schedule_id, marks_obtained, max_marks, grade) VALUES (58, 30, 64, 100, 'B+');
INSERT INTO exam_results (student_id, exam_schedule_id, marks_obtained, max_marks, grade) VALUES (58, 31, 46, 100, 'C');
INSERT INTO exam_results (student_id, exam_schedule_id, marks_obtained, max_marks, grade) VALUES (58, 32, 81, 100, 'A+');
INSERT INTO exam_results (student_id, exam_schedule_id, marks_obtained, max_marks, grade) VALUES (59, 25, 48, 100, 'C');
INSERT INTO exam_results (student_id, exam_schedule_id, marks_obtained, max_marks, grade) VALUES (59, 26, 53, 100, 'B');
INSERT INTO exam_results (student_id, exam_schedule_id, marks_obtained, max_marks, grade) VALUES (59, 27, 48, 100, 'C');
INSERT INTO exam_results (student_id, exam_schedule_id, marks_obtained, max_marks, grade) VALUES (59, 28, 85, 100, 'A+');
INSERT INTO exam_results (student_id, exam_schedule_id, marks_obtained, max_marks, grade) VALUES (59, 29, 57, 100, 'B');
INSERT INTO exam_results (student_id, exam_schedule_id, marks_obtained, max_marks, grade) VALUES (59, 30, 93, 100, 'O');
INSERT INTO exam_results (student_id, exam_schedule_id, marks_obtained, max_marks, grade) VALUES (59, 31, 97, 100, 'O');
INSERT INTO exam_results (student_id, exam_schedule_id, marks_obtained, max_marks, grade) VALUES (59, 32, 66, 100, 'B+');
INSERT INTO exam_results (student_id, exam_schedule_id, marks_obtained, max_marks, grade) VALUES (60, 25, 54, 100, 'B');
INSERT INTO exam_results (student_id, exam_schedule_id, marks_obtained, max_marks, grade) VALUES (60, 26, 63, 100, 'B+');
INSERT INTO exam_results (student_id, exam_schedule_id, marks_obtained, max_marks, grade) VALUES (60, 27, 62, 100, 'B+');
INSERT INTO exam_results (student_id, exam_schedule_id, marks_obtained, max_marks, grade) VALUES (60, 28, 55, 100, 'B');
INSERT INTO exam_results (student_id, exam_schedule_id, marks_obtained, max_marks, grade) VALUES (60, 29, 87, 100, 'A+');
INSERT INTO exam_results (student_id, exam_schedule_id, marks_obtained, max_marks, grade) VALUES (60, 30, 54, 100, 'B');
INSERT INTO exam_results (student_id, exam_schedule_id, marks_obtained, max_marks, grade) VALUES (60, 31, 85, 100, 'A+');
INSERT INTO exam_results (student_id, exam_schedule_id, marks_obtained, max_marks, grade) VALUES (60, 32, 80, 100, 'A+');
INSERT INTO exam_results (student_id, exam_schedule_id, marks_obtained, max_marks, grade) VALUES (61, 25, 62, 100, 'B+');
INSERT INTO exam_results (student_id, exam_schedule_id, marks_obtained, max_marks, grade) VALUES (61, 26, 52, 100, 'B');
INSERT INTO exam_results (student_id, exam_schedule_id, marks_obtained, max_marks, grade) VALUES (61, 27, 48, 100, 'C');
INSERT INTO exam_results (student_id, exam_schedule_id, marks_obtained, max_marks, grade) VALUES (61, 28, 70, 100, 'A');
INSERT INTO exam_results (student_id, exam_schedule_id, marks_obtained, max_marks, grade) VALUES (61, 29, 56, 100, 'B');
INSERT INTO exam_results (student_id, exam_schedule_id, marks_obtained, max_marks, grade) VALUES (61, 30, 60, 100, 'B+');
INSERT INTO exam_results (student_id, exam_schedule_id, marks_obtained, max_marks, grade) VALUES (61, 31, 81, 100, 'A+');
INSERT INTO exam_results (student_id, exam_schedule_id, marks_obtained, max_marks, grade) VALUES (61, 32, 65, 100, 'B+');
INSERT INTO exam_results (student_id, exam_schedule_id, marks_obtained, max_marks, grade) VALUES (62, 25, 98, 100, 'O');
INSERT INTO exam_results (student_id, exam_schedule_id, marks_obtained, max_marks, grade) VALUES (62, 26, 53, 100, 'B');
INSERT INTO exam_results (student_id, exam_schedule_id, marks_obtained, max_marks, grade) VALUES (62, 27, 81, 100, 'A+');
INSERT INTO exam_results (student_id, exam_schedule_id, marks_obtained, max_marks, grade) VALUES (62, 28, 77, 100, 'A');
INSERT INTO exam_results (student_id, exam_schedule_id, marks_obtained, max_marks, grade) VALUES (62, 29, 82, 100, 'A+');
INSERT INTO exam_results (student_id, exam_schedule_id, marks_obtained, max_marks, grade) VALUES (62, 30, 61, 100, 'B+');
INSERT INTO exam_results (student_id, exam_schedule_id, marks_obtained, max_marks, grade) VALUES (62, 31, 89, 100, 'O');
INSERT INTO exam_results (student_id, exam_schedule_id, marks_obtained, max_marks, grade) VALUES (62, 32, 89, 100, 'O');
INSERT INTO exam_results (student_id, exam_schedule_id, marks_obtained, max_marks, grade) VALUES (63, 25, 69, 100, 'B+');
INSERT INTO exam_results (student_id, exam_schedule_id, marks_obtained, max_marks, grade) VALUES (63, 26, 49, 100, 'C');
INSERT INTO exam_results (student_id, exam_schedule_id, marks_obtained, max_marks, grade) VALUES (63, 27, 69, 100, 'B+');
INSERT INTO exam_results (student_id, exam_schedule_id, marks_obtained, max_marks, grade) VALUES (63, 28, 80, 100, 'A+');
INSERT INTO exam_results (student_id, exam_schedule_id, marks_obtained, max_marks, grade) VALUES (63, 29, 46, 100, 'C');
INSERT INTO exam_results (student_id, exam_schedule_id, marks_obtained, max_marks, grade) VALUES (63, 30, 46, 100, 'C');
INSERT INTO exam_results (student_id, exam_schedule_id, marks_obtained, max_marks, grade) VALUES (63, 31, 78, 100, 'A');
INSERT INTO exam_results (student_id, exam_schedule_id, marks_obtained, max_marks, grade) VALUES (63, 32, 67, 100, 'B+');
INSERT INTO exam_results (student_id, exam_schedule_id, marks_obtained, max_marks, grade) VALUES (64, 25, 95, 100, 'O');
INSERT INTO exam_results (student_id, exam_schedule_id, marks_obtained, max_marks, grade) VALUES (64, 26, 92, 100, 'O');
INSERT INTO exam_results (student_id, exam_schedule_id, marks_obtained, max_marks, grade) VALUES (64, 27, 81, 100, 'A+');
INSERT INTO exam_results (student_id, exam_schedule_id, marks_obtained, max_marks, grade) VALUES (64, 28, 89, 100, 'O');
INSERT INTO exam_results (student_id, exam_schedule_id, marks_obtained, max_marks, grade) VALUES (64, 29, 66, 100, 'B+');
INSERT INTO exam_results (student_id, exam_schedule_id, marks_obtained, max_marks, grade) VALUES (64, 30, 55, 100, 'B');
INSERT INTO exam_results (student_id, exam_schedule_id, marks_obtained, max_marks, grade) VALUES (64, 31, 79, 100, 'A+');
INSERT INTO exam_results (student_id, exam_schedule_id, marks_obtained, max_marks, grade) VALUES (64, 32, 60, 100, 'B+');
INSERT INTO exam_results (student_id, exam_schedule_id, marks_obtained, max_marks, grade) VALUES (67, 33, 87, 100, 'A+');
INSERT INTO exam_results (student_id, exam_schedule_id, marks_obtained, max_marks, grade) VALUES (67, 34, 70, 100, 'A');
INSERT INTO exam_results (student_id, exam_schedule_id, marks_obtained, max_marks, grade) VALUES (67, 35, 84, 100, 'A+');
INSERT INTO exam_results (student_id, exam_schedule_id, marks_obtained, max_marks, grade) VALUES (67, 36, 91, 100, 'O');
INSERT INTO exam_results (student_id, exam_schedule_id, marks_obtained, max_marks, grade) VALUES (68, 33, 45, 100, 'C');
INSERT INTO exam_results (student_id, exam_schedule_id, marks_obtained, max_marks, grade) VALUES (68, 34, 52, 100, 'B');
INSERT INTO exam_results (student_id, exam_schedule_id, marks_obtained, max_marks, grade) VALUES (68, 35, 90, 100, 'O');
INSERT INTO exam_results (student_id, exam_schedule_id, marks_obtained, max_marks, grade) VALUES (68, 36, 85, 100, 'A+');
INSERT INTO exam_results (student_id, exam_schedule_id, marks_obtained, max_marks, grade) VALUES (69, 33, 92, 100, 'O');
INSERT INTO exam_results (student_id, exam_schedule_id, marks_obtained, max_marks, grade) VALUES (69, 34, 68, 100, 'B+');
INSERT INTO exam_results (student_id, exam_schedule_id, marks_obtained, max_marks, grade) VALUES (69, 35, 76, 100, 'A');
INSERT INTO exam_results (student_id, exam_schedule_id, marks_obtained, max_marks, grade) VALUES (69, 36, 65, 100, 'B+');
INSERT INTO exam_results (student_id, exam_schedule_id, marks_obtained, max_marks, grade) VALUES (69, 37, 96, 100, 'O');
INSERT INTO exam_results (student_id, exam_schedule_id, marks_obtained, max_marks, grade) VALUES (69, 38, 54, 100, 'B');
INSERT INTO exam_results (student_id, exam_schedule_id, marks_obtained, max_marks, grade) VALUES (69, 39, 69, 100, 'B+');
INSERT INTO exam_results (student_id, exam_schedule_id, marks_obtained, max_marks, grade) VALUES (69, 40, 66, 100, 'B+');
INSERT INTO exam_results (student_id, exam_schedule_id, marks_obtained, max_marks, grade) VALUES (70, 33, 96, 100, 'O');
INSERT INTO exam_results (student_id, exam_schedule_id, marks_obtained, max_marks, grade) VALUES (70, 34, 70, 100, 'A');
INSERT INTO exam_results (student_id, exam_schedule_id, marks_obtained, max_marks, grade) VALUES (70, 35, 78, 100, 'A');
INSERT INTO exam_results (student_id, exam_schedule_id, marks_obtained, max_marks, grade) VALUES (70, 36, 60, 100, 'B+');
INSERT INTO exam_results (student_id, exam_schedule_id, marks_obtained, max_marks, grade) VALUES (70, 37, 46, 100, 'C');
INSERT INTO exam_results (student_id, exam_schedule_id, marks_obtained, max_marks, grade) VALUES (70, 38, 66, 100, 'B+');
INSERT INTO exam_results (student_id, exam_schedule_id, marks_obtained, max_marks, grade) VALUES (70, 39, 50, 100, 'B');
INSERT INTO exam_results (student_id, exam_schedule_id, marks_obtained, max_marks, grade) VALUES (70, 40, 76, 100, 'A');
INSERT INTO exam_results (student_id, exam_schedule_id, marks_obtained, max_marks, grade) VALUES (71, 33, 60, 100, 'B+');
INSERT INTO exam_results (student_id, exam_schedule_id, marks_obtained, max_marks, grade) VALUES (71, 34, 48, 100, 'C');
INSERT INTO exam_results (student_id, exam_schedule_id, marks_obtained, max_marks, grade) VALUES (71, 35, 50, 100, 'B');
INSERT INTO exam_results (student_id, exam_schedule_id, marks_obtained, max_marks, grade) VALUES (71, 36, 80, 100, 'A+');
INSERT INTO exam_results (student_id, exam_schedule_id, marks_obtained, max_marks, grade) VALUES (71, 37, 89, 100, 'O');
INSERT INTO exam_results (student_id, exam_schedule_id, marks_obtained, max_marks, grade) VALUES (71, 38, 87, 100, 'A+');
INSERT INTO exam_results (student_id, exam_schedule_id, marks_obtained, max_marks, grade) VALUES (71, 39, 77, 100, 'A');
INSERT INTO exam_results (student_id, exam_schedule_id, marks_obtained, max_marks, grade) VALUES (71, 40, 85, 100, 'A+');
INSERT INTO exam_results (student_id, exam_schedule_id, marks_obtained, max_marks, grade) VALUES (72, 33, 71, 100, 'A');
INSERT INTO exam_results (student_id, exam_schedule_id, marks_obtained, max_marks, grade) VALUES (72, 34, 54, 100, 'B');
INSERT INTO exam_results (student_id, exam_schedule_id, marks_obtained, max_marks, grade) VALUES (72, 35, 77, 100, 'A');
INSERT INTO exam_results (student_id, exam_schedule_id, marks_obtained, max_marks, grade) VALUES (72, 36, 96, 100, 'O');
INSERT INTO exam_results (student_id, exam_schedule_id, marks_obtained, max_marks, grade) VALUES (72, 37, 49, 100, 'C');
INSERT INTO exam_results (student_id, exam_schedule_id, marks_obtained, max_marks, grade) VALUES (72, 38, 50, 100, 'B');
INSERT INTO exam_results (student_id, exam_schedule_id, marks_obtained, max_marks, grade) VALUES (72, 39, 61, 100, 'B+');
INSERT INTO exam_results (student_id, exam_schedule_id, marks_obtained, max_marks, grade) VALUES (72, 40, 58, 100, 'B');
INSERT INTO exam_results (student_id, exam_schedule_id, marks_obtained, max_marks, grade) VALUES (73, 33, 75, 100, 'A');
INSERT INTO exam_results (student_id, exam_schedule_id, marks_obtained, max_marks, grade) VALUES (73, 34, 77, 100, 'A');
INSERT INTO exam_results (student_id, exam_schedule_id, marks_obtained, max_marks, grade) VALUES (73, 35, 93, 100, 'O');
INSERT INTO exam_results (student_id, exam_schedule_id, marks_obtained, max_marks, grade) VALUES (73, 36, 82, 100, 'A+');
INSERT INTO exam_results (student_id, exam_schedule_id, marks_obtained, max_marks, grade) VALUES (73, 37, 51, 100, 'B');
INSERT INTO exam_results (student_id, exam_schedule_id, marks_obtained, max_marks, grade) VALUES (73, 38, 47, 100, 'C');
INSERT INTO exam_results (student_id, exam_schedule_id, marks_obtained, max_marks, grade) VALUES (73, 39, 68, 100, 'B+');
INSERT INTO exam_results (student_id, exam_schedule_id, marks_obtained, max_marks, grade) VALUES (73, 40, 65, 100, 'B+');
INSERT INTO exam_results (student_id, exam_schedule_id, marks_obtained, max_marks, grade) VALUES (74, 33, 69, 100, 'B+');
INSERT INTO exam_results (student_id, exam_schedule_id, marks_obtained, max_marks, grade) VALUES (74, 34, 80, 100, 'A+');
INSERT INTO exam_results (student_id, exam_schedule_id, marks_obtained, max_marks, grade) VALUES (74, 35, 50, 100, 'B');
INSERT INTO exam_results (student_id, exam_schedule_id, marks_obtained, max_marks, grade) VALUES (74, 36, 86, 100, 'A+');
INSERT INTO exam_results (student_id, exam_schedule_id, marks_obtained, max_marks, grade) VALUES (74, 37, 78, 100, 'A');
INSERT INTO exam_results (student_id, exam_schedule_id, marks_obtained, max_marks, grade) VALUES (74, 38, 65, 100, 'B+');
INSERT INTO exam_results (student_id, exam_schedule_id, marks_obtained, max_marks, grade) VALUES (74, 39, 73, 100, 'A');
INSERT INTO exam_results (student_id, exam_schedule_id, marks_obtained, max_marks, grade) VALUES (74, 40, 79, 100, 'A+');
INSERT INTO exam_results (student_id, exam_schedule_id, marks_obtained, max_marks, grade) VALUES (75, 33, 45, 100, 'C');
INSERT INTO exam_results (student_id, exam_schedule_id, marks_obtained, max_marks, grade) VALUES (75, 34, 59, 100, 'B');
INSERT INTO exam_results (student_id, exam_schedule_id, marks_obtained, max_marks, grade) VALUES (75, 35, 52, 100, 'B');
INSERT INTO exam_results (student_id, exam_schedule_id, marks_obtained, max_marks, grade) VALUES (75, 36, 84, 100, 'A+');
INSERT INTO exam_results (student_id, exam_schedule_id, marks_obtained, max_marks, grade) VALUES (75, 37, 66, 100, 'B+');
INSERT INTO exam_results (student_id, exam_schedule_id, marks_obtained, max_marks, grade) VALUES (75, 38, 72, 100, 'A');
INSERT INTO exam_results (student_id, exam_schedule_id, marks_obtained, max_marks, grade) VALUES (75, 39, 78, 100, 'A');
INSERT INTO exam_results (student_id, exam_schedule_id, marks_obtained, max_marks, grade) VALUES (75, 40, 55, 100, 'B');
INSERT INTO exam_results (student_id, exam_schedule_id, marks_obtained, max_marks, grade) VALUES (76, 33, 70, 100, 'A');
INSERT INTO exam_results (student_id, exam_schedule_id, marks_obtained, max_marks, grade) VALUES (76, 34, 46, 100, 'C');
INSERT INTO exam_results (student_id, exam_schedule_id, marks_obtained, max_marks, grade) VALUES (76, 35, 98, 100, 'O');
INSERT INTO exam_results (student_id, exam_schedule_id, marks_obtained, max_marks, grade) VALUES (76, 36, 52, 100, 'B');
INSERT INTO exam_results (student_id, exam_schedule_id, marks_obtained, max_marks, grade) VALUES (76, 37, 48, 100, 'C');
INSERT INTO exam_results (student_id, exam_schedule_id, marks_obtained, max_marks, grade) VALUES (76, 38, 76, 100, 'A');
INSERT INTO exam_results (student_id, exam_schedule_id, marks_obtained, max_marks, grade) VALUES (76, 39, 82, 100, 'A+');
INSERT INTO exam_results (student_id, exam_schedule_id, marks_obtained, max_marks, grade) VALUES (76, 40, 97, 100, 'O');
INSERT INTO exam_results (student_id, exam_schedule_id, marks_obtained, max_marks, grade) VALUES (77, 33, 84, 100, 'A+');
INSERT INTO exam_results (student_id, exam_schedule_id, marks_obtained, max_marks, grade) VALUES (77, 34, 74, 100, 'A');
INSERT INTO exam_results (student_id, exam_schedule_id, marks_obtained, max_marks, grade) VALUES (77, 35, 92, 100, 'O');
INSERT INTO exam_results (student_id, exam_schedule_id, marks_obtained, max_marks, grade) VALUES (77, 36, 97, 100, 'O');
INSERT INTO exam_results (student_id, exam_schedule_id, marks_obtained, max_marks, grade) VALUES (77, 37, 89, 100, 'O');
INSERT INTO exam_results (student_id, exam_schedule_id, marks_obtained, max_marks, grade) VALUES (77, 38, 74, 100, 'A');
INSERT INTO exam_results (student_id, exam_schedule_id, marks_obtained, max_marks, grade) VALUES (77, 39, 54, 100, 'B');
INSERT INTO exam_results (student_id, exam_schedule_id, marks_obtained, max_marks, grade) VALUES (77, 40, 93, 100, 'O');
INSERT INTO exam_results (student_id, exam_schedule_id, marks_obtained, max_marks, grade) VALUES (78, 33, 59, 100, 'B');
INSERT INTO exam_results (student_id, exam_schedule_id, marks_obtained, max_marks, grade) VALUES (78, 34, 65, 100, 'B+');
INSERT INTO exam_results (student_id, exam_schedule_id, marks_obtained, max_marks, grade) VALUES (78, 35, 55, 100, 'B');
INSERT INTO exam_results (student_id, exam_schedule_id, marks_obtained, max_marks, grade) VALUES (78, 36, 94, 100, 'O');
INSERT INTO exam_results (student_id, exam_schedule_id, marks_obtained, max_marks, grade) VALUES (78, 37, 90, 100, 'O');
INSERT INTO exam_results (student_id, exam_schedule_id, marks_obtained, max_marks, grade) VALUES (78, 38, 60, 100, 'B+');
INSERT INTO exam_results (student_id, exam_schedule_id, marks_obtained, max_marks, grade) VALUES (78, 39, 47, 100, 'C');
INSERT INTO exam_results (student_id, exam_schedule_id, marks_obtained, max_marks, grade) VALUES (78, 40, 91, 100, 'O');
INSERT INTO exam_results (student_id, exam_schedule_id, marks_obtained, max_marks, grade) VALUES (79, 33, 78, 100, 'A');
INSERT INTO exam_results (student_id, exam_schedule_id, marks_obtained, max_marks, grade) VALUES (79, 34, 46, 100, 'C');
INSERT INTO exam_results (student_id, exam_schedule_id, marks_obtained, max_marks, grade) VALUES (79, 35, 77, 100, 'A');
INSERT INTO exam_results (student_id, exam_schedule_id, marks_obtained, max_marks, grade) VALUES (79, 36, 45, 100, 'C');
INSERT INTO exam_results (student_id, exam_schedule_id, marks_obtained, max_marks, grade) VALUES (79, 37, 79, 100, 'A+');
INSERT INTO exam_results (student_id, exam_schedule_id, marks_obtained, max_marks, grade) VALUES (79, 38, 78, 100, 'A');
INSERT INTO exam_results (student_id, exam_schedule_id, marks_obtained, max_marks, grade) VALUES (79, 39, 70, 100, 'A');
INSERT INTO exam_results (student_id, exam_schedule_id, marks_obtained, max_marks, grade) VALUES (79, 40, 53, 100, 'B');
INSERT INTO exam_results (student_id, exam_schedule_id, marks_obtained, max_marks, grade) VALUES (80, 33, 68, 100, 'B+');
INSERT INTO exam_results (student_id, exam_schedule_id, marks_obtained, max_marks, grade) VALUES (80, 34, 49, 100, 'C');
INSERT INTO exam_results (student_id, exam_schedule_id, marks_obtained, max_marks, grade) VALUES (80, 35, 89, 100, 'O');
INSERT INTO exam_results (student_id, exam_schedule_id, marks_obtained, max_marks, grade) VALUES (80, 36, 50, 100, 'B');
INSERT INTO exam_results (student_id, exam_schedule_id, marks_obtained, max_marks, grade) VALUES (80, 37, 47, 100, 'C');
INSERT INTO exam_results (student_id, exam_schedule_id, marks_obtained, max_marks, grade) VALUES (80, 38, 98, 100, 'O');
INSERT INTO exam_results (student_id, exam_schedule_id, marks_obtained, max_marks, grade) VALUES (80, 39, 78, 100, 'A');
INSERT INTO exam_results (student_id, exam_schedule_id, marks_obtained, max_marks, grade) VALUES (80, 40, 85, 100, 'A+');
INSERT INTO exam_results (student_id, exam_schedule_id, marks_obtained, max_marks, grade) VALUES (83, 1, 63, 100, 'B+');
INSERT INTO exam_results (student_id, exam_schedule_id, marks_obtained, max_marks, grade) VALUES (83, 2, 64, 100, 'B+');
INSERT INTO exam_results (student_id, exam_schedule_id, marks_obtained, max_marks, grade) VALUES (83, 3, 80, 100, 'A+');
INSERT INTO exam_results (student_id, exam_schedule_id, marks_obtained, max_marks, grade) VALUES (83, 4, 68, 100, 'B+');
INSERT INTO exam_results (student_id, exam_schedule_id, marks_obtained, max_marks, grade) VALUES (84, 1, 53, 100, 'B');
INSERT INTO exam_results (student_id, exam_schedule_id, marks_obtained, max_marks, grade) VALUES (84, 2, 75, 100, 'A');
INSERT INTO exam_results (student_id, exam_schedule_id, marks_obtained, max_marks, grade) VALUES (84, 3, 53, 100, 'B');
INSERT INTO exam_results (student_id, exam_schedule_id, marks_obtained, max_marks, grade) VALUES (84, 4, 64, 100, 'B+');
INSERT INTO exam_results (student_id, exam_schedule_id, marks_obtained, max_marks, grade) VALUES (85, 1, 75, 100, 'A');
INSERT INTO exam_results (student_id, exam_schedule_id, marks_obtained, max_marks, grade) VALUES (85, 2, 65, 100, 'B+');
INSERT INTO exam_results (student_id, exam_schedule_id, marks_obtained, max_marks, grade) VALUES (85, 3, 75, 100, 'A');
INSERT INTO exam_results (student_id, exam_schedule_id, marks_obtained, max_marks, grade) VALUES (85, 4, 77, 100, 'A');
INSERT INTO exam_results (student_id, exam_schedule_id, marks_obtained, max_marks, grade) VALUES (85, 5, 84, 100, 'A+');
INSERT INTO exam_results (student_id, exam_schedule_id, marks_obtained, max_marks, grade) VALUES (85, 6, 66, 100, 'B+');
INSERT INTO exam_results (student_id, exam_schedule_id, marks_obtained, max_marks, grade) VALUES (85, 7, 56, 100, 'B');
INSERT INTO exam_results (student_id, exam_schedule_id, marks_obtained, max_marks, grade) VALUES (85, 8, 80, 100, 'A+');
INSERT INTO exam_results (student_id, exam_schedule_id, marks_obtained, max_marks, grade) VALUES (86, 1, 46, 100, 'C');
INSERT INTO exam_results (student_id, exam_schedule_id, marks_obtained, max_marks, grade) VALUES (86, 2, 57, 100, 'B');
INSERT INTO exam_results (student_id, exam_schedule_id, marks_obtained, max_marks, grade) VALUES (86, 3, 75, 100, 'A');
INSERT INTO exam_results (student_id, exam_schedule_id, marks_obtained, max_marks, grade) VALUES (86, 4, 74, 100, 'A');
INSERT INTO exam_results (student_id, exam_schedule_id, marks_obtained, max_marks, grade) VALUES (86, 5, 87, 100, 'A+');
INSERT INTO exam_results (student_id, exam_schedule_id, marks_obtained, max_marks, grade) VALUES (86, 6, 90, 100, 'O');
INSERT INTO exam_results (student_id, exam_schedule_id, marks_obtained, max_marks, grade) VALUES (86, 7, 75, 100, 'A');
INSERT INTO exam_results (student_id, exam_schedule_id, marks_obtained, max_marks, grade) VALUES (86, 8, 77, 100, 'A');
INSERT INTO exam_results (student_id, exam_schedule_id, marks_obtained, max_marks, grade) VALUES (87, 1, 52, 100, 'B');
INSERT INTO exam_results (student_id, exam_schedule_id, marks_obtained, max_marks, grade) VALUES (87, 2, 57, 100, 'B');
INSERT INTO exam_results (student_id, exam_schedule_id, marks_obtained, max_marks, grade) VALUES (87, 3, 53, 100, 'B');
INSERT INTO exam_results (student_id, exam_schedule_id, marks_obtained, max_marks, grade) VALUES (87, 4, 53, 100, 'B');
INSERT INTO exam_results (student_id, exam_schedule_id, marks_obtained, max_marks, grade) VALUES (87, 5, 56, 100, 'B');
INSERT INTO exam_results (student_id, exam_schedule_id, marks_obtained, max_marks, grade) VALUES (87, 6, 83, 100, 'A+');
INSERT INTO exam_results (student_id, exam_schedule_id, marks_obtained, max_marks, grade) VALUES (87, 7, 60, 100, 'B+');
INSERT INTO exam_results (student_id, exam_schedule_id, marks_obtained, max_marks, grade) VALUES (87, 8, 55, 100, 'B');
INSERT INTO exam_results (student_id, exam_schedule_id, marks_obtained, max_marks, grade) VALUES (88, 1, 78, 100, 'A');
INSERT INTO exam_results (student_id, exam_schedule_id, marks_obtained, max_marks, grade) VALUES (88, 2, 72, 100, 'A');
INSERT INTO exam_results (student_id, exam_schedule_id, marks_obtained, max_marks, grade) VALUES (88, 3, 78, 100, 'A');
INSERT INTO exam_results (student_id, exam_schedule_id, marks_obtained, max_marks, grade) VALUES (88, 4, 51, 100, 'B');
INSERT INTO exam_results (student_id, exam_schedule_id, marks_obtained, max_marks, grade) VALUES (88, 5, 58, 100, 'B');
INSERT INTO exam_results (student_id, exam_schedule_id, marks_obtained, max_marks, grade) VALUES (88, 6, 83, 100, 'A+');
INSERT INTO exam_results (student_id, exam_schedule_id, marks_obtained, max_marks, grade) VALUES (88, 7, 67, 100, 'B+');
INSERT INTO exam_results (student_id, exam_schedule_id, marks_obtained, max_marks, grade) VALUES (88, 8, 91, 100, 'O');
INSERT INTO exam_results (student_id, exam_schedule_id, marks_obtained, max_marks, grade) VALUES (89, 1, 53, 100, 'B');
INSERT INTO exam_results (student_id, exam_schedule_id, marks_obtained, max_marks, grade) VALUES (89, 2, 82, 100, 'A+');
INSERT INTO exam_results (student_id, exam_schedule_id, marks_obtained, max_marks, grade) VALUES (89, 3, 64, 100, 'B+');
INSERT INTO exam_results (student_id, exam_schedule_id, marks_obtained, max_marks, grade) VALUES (89, 4, 66, 100, 'B+');
INSERT INTO exam_results (student_id, exam_schedule_id, marks_obtained, max_marks, grade) VALUES (89, 5, 83, 100, 'A+');
INSERT INTO exam_results (student_id, exam_schedule_id, marks_obtained, max_marks, grade) VALUES (89, 6, 58, 100, 'B');
INSERT INTO exam_results (student_id, exam_schedule_id, marks_obtained, max_marks, grade) VALUES (89, 7, 55, 100, 'B');
INSERT INTO exam_results (student_id, exam_schedule_id, marks_obtained, max_marks, grade) VALUES (89, 8, 47, 100, 'C');
INSERT INTO exam_results (student_id, exam_schedule_id, marks_obtained, max_marks, grade) VALUES (90, 1, 86, 100, 'A+');
INSERT INTO exam_results (student_id, exam_schedule_id, marks_obtained, max_marks, grade) VALUES (90, 2, 96, 100, 'O');
INSERT INTO exam_results (student_id, exam_schedule_id, marks_obtained, max_marks, grade) VALUES (90, 3, 71, 100, 'A');
INSERT INTO exam_results (student_id, exam_schedule_id, marks_obtained, max_marks, grade) VALUES (90, 4, 80, 100, 'A+');
INSERT INTO exam_results (student_id, exam_schedule_id, marks_obtained, max_marks, grade) VALUES (90, 5, 88, 100, 'A+');
INSERT INTO exam_results (student_id, exam_schedule_id, marks_obtained, max_marks, grade) VALUES (90, 6, 64, 100, 'B+');
INSERT INTO exam_results (student_id, exam_schedule_id, marks_obtained, max_marks, grade) VALUES (90, 7, 98, 100, 'O');
INSERT INTO exam_results (student_id, exam_schedule_id, marks_obtained, max_marks, grade) VALUES (90, 8, 62, 100, 'B+');
INSERT INTO exam_results (student_id, exam_schedule_id, marks_obtained, max_marks, grade) VALUES (91, 1, 57, 100, 'B');
INSERT INTO exam_results (student_id, exam_schedule_id, marks_obtained, max_marks, grade) VALUES (91, 2, 61, 100, 'B+');
INSERT INTO exam_results (student_id, exam_schedule_id, marks_obtained, max_marks, grade) VALUES (91, 3, 81, 100, 'A+');
INSERT INTO exam_results (student_id, exam_schedule_id, marks_obtained, max_marks, grade) VALUES (91, 4, 85, 100, 'A+');
INSERT INTO exam_results (student_id, exam_schedule_id, marks_obtained, max_marks, grade) VALUES (91, 5, 67, 100, 'B+');
INSERT INTO exam_results (student_id, exam_schedule_id, marks_obtained, max_marks, grade) VALUES (91, 6, 88, 100, 'A+');
INSERT INTO exam_results (student_id, exam_schedule_id, marks_obtained, max_marks, grade) VALUES (91, 7, 94, 100, 'O');
INSERT INTO exam_results (student_id, exam_schedule_id, marks_obtained, max_marks, grade) VALUES (91, 8, 65, 100, 'B+');
INSERT INTO exam_results (student_id, exam_schedule_id, marks_obtained, max_marks, grade) VALUES (92, 1, 56, 100, 'B');
INSERT INTO exam_results (student_id, exam_schedule_id, marks_obtained, max_marks, grade) VALUES (92, 2, 97, 100, 'O');
INSERT INTO exam_results (student_id, exam_schedule_id, marks_obtained, max_marks, grade) VALUES (92, 3, 82, 100, 'A+');
INSERT INTO exam_results (student_id, exam_schedule_id, marks_obtained, max_marks, grade) VALUES (92, 4, 46, 100, 'C');
INSERT INTO exam_results (student_id, exam_schedule_id, marks_obtained, max_marks, grade) VALUES (92, 5, 75, 100, 'A');
INSERT INTO exam_results (student_id, exam_schedule_id, marks_obtained, max_marks, grade) VALUES (92, 6, 88, 100, 'A+');
INSERT INTO exam_results (student_id, exam_schedule_id, marks_obtained, max_marks, grade) VALUES (92, 7, 85, 100, 'A+');
INSERT INTO exam_results (student_id, exam_schedule_id, marks_obtained, max_marks, grade) VALUES (92, 8, 60, 100, 'B+');
INSERT INTO exam_results (student_id, exam_schedule_id, marks_obtained, max_marks, grade) VALUES (93, 1, 81, 100, 'A+');
INSERT INTO exam_results (student_id, exam_schedule_id, marks_obtained, max_marks, grade) VALUES (93, 2, 89, 100, 'O');
INSERT INTO exam_results (student_id, exam_schedule_id, marks_obtained, max_marks, grade) VALUES (93, 3, 87, 100, 'A+');
INSERT INTO exam_results (student_id, exam_schedule_id, marks_obtained, max_marks, grade) VALUES (93, 4, 84, 100, 'A+');
INSERT INTO exam_results (student_id, exam_schedule_id, marks_obtained, max_marks, grade) VALUES (93, 5, 58, 100, 'B');
INSERT INTO exam_results (student_id, exam_schedule_id, marks_obtained, max_marks, grade) VALUES (93, 6, 93, 100, 'O');
INSERT INTO exam_results (student_id, exam_schedule_id, marks_obtained, max_marks, grade) VALUES (93, 7, 77, 100, 'A');
INSERT INTO exam_results (student_id, exam_schedule_id, marks_obtained, max_marks, grade) VALUES (93, 8, 75, 100, 'A');
INSERT INTO exam_results (student_id, exam_schedule_id, marks_obtained, max_marks, grade) VALUES (94, 1, 79, 100, 'A+');
INSERT INTO exam_results (student_id, exam_schedule_id, marks_obtained, max_marks, grade) VALUES (94, 2, 57, 100, 'B');
INSERT INTO exam_results (student_id, exam_schedule_id, marks_obtained, max_marks, grade) VALUES (94, 3, 66, 100, 'B+');
INSERT INTO exam_results (student_id, exam_schedule_id, marks_obtained, max_marks, grade) VALUES (94, 4, 66, 100, 'B+');
INSERT INTO exam_results (student_id, exam_schedule_id, marks_obtained, max_marks, grade) VALUES (94, 5, 74, 100, 'A');
INSERT INTO exam_results (student_id, exam_schedule_id, marks_obtained, max_marks, grade) VALUES (94, 6, 62, 100, 'B+');
INSERT INTO exam_results (student_id, exam_schedule_id, marks_obtained, max_marks, grade) VALUES (94, 7, 84, 100, 'A+');
INSERT INTO exam_results (student_id, exam_schedule_id, marks_obtained, max_marks, grade) VALUES (94, 8, 98, 100, 'O');
INSERT INTO exam_results (student_id, exam_schedule_id, marks_obtained, max_marks, grade) VALUES (95, 1, 91, 100, 'O');
INSERT INTO exam_results (student_id, exam_schedule_id, marks_obtained, max_marks, grade) VALUES (95, 2, 63, 100, 'B+');
INSERT INTO exam_results (student_id, exam_schedule_id, marks_obtained, max_marks, grade) VALUES (95, 3, 76, 100, 'A');
INSERT INTO exam_results (student_id, exam_schedule_id, marks_obtained, max_marks, grade) VALUES (95, 4, 80, 100, 'A+');
INSERT INTO exam_results (student_id, exam_schedule_id, marks_obtained, max_marks, grade) VALUES (95, 5, 75, 100, 'A');
INSERT INTO exam_results (student_id, exam_schedule_id, marks_obtained, max_marks, grade) VALUES (95, 6, 79, 100, 'A+');
INSERT INTO exam_results (student_id, exam_schedule_id, marks_obtained, max_marks, grade) VALUES (95, 7, 51, 100, 'B');
INSERT INTO exam_results (student_id, exam_schedule_id, marks_obtained, max_marks, grade) VALUES (95, 8, 55, 100, 'B');
INSERT INTO exam_results (student_id, exam_schedule_id, marks_obtained, max_marks, grade) VALUES (96, 1, 85, 100, 'A+');
INSERT INTO exam_results (student_id, exam_schedule_id, marks_obtained, max_marks, grade) VALUES (96, 2, 77, 100, 'A');
INSERT INTO exam_results (student_id, exam_schedule_id, marks_obtained, max_marks, grade) VALUES (96, 3, 45, 100, 'C');
INSERT INTO exam_results (student_id, exam_schedule_id, marks_obtained, max_marks, grade) VALUES (96, 4, 75, 100, 'A');
INSERT INTO exam_results (student_id, exam_schedule_id, marks_obtained, max_marks, grade) VALUES (96, 5, 91, 100, 'O');
INSERT INTO exam_results (student_id, exam_schedule_id, marks_obtained, max_marks, grade) VALUES (96, 6, 70, 100, 'A');
INSERT INTO exam_results (student_id, exam_schedule_id, marks_obtained, max_marks, grade) VALUES (96, 7, 74, 100, 'A');
INSERT INTO exam_results (student_id, exam_schedule_id, marks_obtained, max_marks, grade) VALUES (96, 8, 80, 100, 'A+');
INSERT INTO exam_results (student_id, exam_schedule_id, marks_obtained, max_marks, grade) VALUES (99, 9, 66, 100, 'B+');
INSERT INTO exam_results (student_id, exam_schedule_id, marks_obtained, max_marks, grade) VALUES (99, 10, 59, 100, 'B');
INSERT INTO exam_results (student_id, exam_schedule_id, marks_obtained, max_marks, grade) VALUES (99, 11, 65, 100, 'B+');
INSERT INTO exam_results (student_id, exam_schedule_id, marks_obtained, max_marks, grade) VALUES (99, 12, 73, 100, 'A');
INSERT INTO exam_results (student_id, exam_schedule_id, marks_obtained, max_marks, grade) VALUES (100, 9, 71, 100, 'A');
INSERT INTO exam_results (student_id, exam_schedule_id, marks_obtained, max_marks, grade) VALUES (100, 10, 78, 100, 'A');
INSERT INTO exam_results (student_id, exam_schedule_id, marks_obtained, max_marks, grade) VALUES (100, 11, 92, 100, 'O');
INSERT INTO exam_results (student_id, exam_schedule_id, marks_obtained, max_marks, grade) VALUES (100, 12, 58, 100, 'B');
INSERT INTO exam_results (student_id, exam_schedule_id, marks_obtained, max_marks, grade) VALUES (101, 9, 45, 100, 'C');
INSERT INTO exam_results (student_id, exam_schedule_id, marks_obtained, max_marks, grade) VALUES (101, 10, 83, 100, 'A+');
INSERT INTO exam_results (student_id, exam_schedule_id, marks_obtained, max_marks, grade) VALUES (101, 11, 70, 100, 'A');
INSERT INTO exam_results (student_id, exam_schedule_id, marks_obtained, max_marks, grade) VALUES (101, 12, 80, 100, 'A+');
INSERT INTO exam_results (student_id, exam_schedule_id, marks_obtained, max_marks, grade) VALUES (101, 13, 73, 100, 'A');
INSERT INTO exam_results (student_id, exam_schedule_id, marks_obtained, max_marks, grade) VALUES (101, 14, 67, 100, 'B+');
INSERT INTO exam_results (student_id, exam_schedule_id, marks_obtained, max_marks, grade) VALUES (101, 15, 95, 100, 'O');
INSERT INTO exam_results (student_id, exam_schedule_id, marks_obtained, max_marks, grade) VALUES (101, 16, 58, 100, 'B');
INSERT INTO exam_results (student_id, exam_schedule_id, marks_obtained, max_marks, grade) VALUES (102, 9, 82, 100, 'A+');
INSERT INTO exam_results (student_id, exam_schedule_id, marks_obtained, max_marks, grade) VALUES (102, 10, 60, 100, 'B+');
INSERT INTO exam_results (student_id, exam_schedule_id, marks_obtained, max_marks, grade) VALUES (102, 11, 60, 100, 'B+');
INSERT INTO exam_results (student_id, exam_schedule_id, marks_obtained, max_marks, grade) VALUES (102, 12, 95, 100, 'O');
INSERT INTO exam_results (student_id, exam_schedule_id, marks_obtained, max_marks, grade) VALUES (102, 13, 64, 100, 'B+');
INSERT INTO exam_results (student_id, exam_schedule_id, marks_obtained, max_marks, grade) VALUES (102, 14, 71, 100, 'A');
INSERT INTO exam_results (student_id, exam_schedule_id, marks_obtained, max_marks, grade) VALUES (102, 15, 97, 100, 'O');
INSERT INTO exam_results (student_id, exam_schedule_id, marks_obtained, max_marks, grade) VALUES (102, 16, 50, 100, 'B');
INSERT INTO exam_results (student_id, exam_schedule_id, marks_obtained, max_marks, grade) VALUES (103, 9, 47, 100, 'C');
INSERT INTO exam_results (student_id, exam_schedule_id, marks_obtained, max_marks, grade) VALUES (103, 10, 80, 100, 'A+');
INSERT INTO exam_results (student_id, exam_schedule_id, marks_obtained, max_marks, grade) VALUES (103, 11, 68, 100, 'B+');
INSERT INTO exam_results (student_id, exam_schedule_id, marks_obtained, max_marks, grade) VALUES (103, 12, 58, 100, 'B');
INSERT INTO exam_results (student_id, exam_schedule_id, marks_obtained, max_marks, grade) VALUES (103, 13, 80, 100, 'A+');
INSERT INTO exam_results (student_id, exam_schedule_id, marks_obtained, max_marks, grade) VALUES (103, 14, 77, 100, 'A');
INSERT INTO exam_results (student_id, exam_schedule_id, marks_obtained, max_marks, grade) VALUES (103, 15, 66, 100, 'B+');
INSERT INTO exam_results (student_id, exam_schedule_id, marks_obtained, max_marks, grade) VALUES (103, 16, 87, 100, 'A+');
INSERT INTO exam_results (student_id, exam_schedule_id, marks_obtained, max_marks, grade) VALUES (104, 9, 91, 100, 'O');
INSERT INTO exam_results (student_id, exam_schedule_id, marks_obtained, max_marks, grade) VALUES (104, 10, 57, 100, 'B');
INSERT INTO exam_results (student_id, exam_schedule_id, marks_obtained, max_marks, grade) VALUES (104, 11, 69, 100, 'B+');
INSERT INTO exam_results (student_id, exam_schedule_id, marks_obtained, max_marks, grade) VALUES (104, 12, 56, 100, 'B');
INSERT INTO exam_results (student_id, exam_schedule_id, marks_obtained, max_marks, grade) VALUES (104, 13, 50, 100, 'B');
INSERT INTO exam_results (student_id, exam_schedule_id, marks_obtained, max_marks, grade) VALUES (104, 14, 64, 100, 'B+');
INSERT INTO exam_results (student_id, exam_schedule_id, marks_obtained, max_marks, grade) VALUES (104, 15, 89, 100, 'O');
INSERT INTO exam_results (student_id, exam_schedule_id, marks_obtained, max_marks, grade) VALUES (104, 16, 68, 100, 'B+');
INSERT INTO exam_results (student_id, exam_schedule_id, marks_obtained, max_marks, grade) VALUES (105, 9, 55, 100, 'B');
INSERT INTO exam_results (student_id, exam_schedule_id, marks_obtained, max_marks, grade) VALUES (105, 10, 81, 100, 'A+');
INSERT INTO exam_results (student_id, exam_schedule_id, marks_obtained, max_marks, grade) VALUES (105, 11, 53, 100, 'B');
INSERT INTO exam_results (student_id, exam_schedule_id, marks_obtained, max_marks, grade) VALUES (105, 12, 71, 100, 'A');
INSERT INTO exam_results (student_id, exam_schedule_id, marks_obtained, max_marks, grade) VALUES (105, 13, 81, 100, 'A+');
INSERT INTO exam_results (student_id, exam_schedule_id, marks_obtained, max_marks, grade) VALUES (105, 14, 98, 100, 'O');
INSERT INTO exam_results (student_id, exam_schedule_id, marks_obtained, max_marks, grade) VALUES (105, 15, 80, 100, 'A+');
INSERT INTO exam_results (student_id, exam_schedule_id, marks_obtained, max_marks, grade) VALUES (105, 16, 64, 100, 'B+');
INSERT INTO exam_results (student_id, exam_schedule_id, marks_obtained, max_marks, grade) VALUES (106, 9, 93, 100, 'O');
INSERT INTO exam_results (student_id, exam_schedule_id, marks_obtained, max_marks, grade) VALUES (106, 10, 69, 100, 'B+');
INSERT INTO exam_results (student_id, exam_schedule_id, marks_obtained, max_marks, grade) VALUES (106, 11, 82, 100, 'A+');
INSERT INTO exam_results (student_id, exam_schedule_id, marks_obtained, max_marks, grade) VALUES (106, 12, 93, 100, 'O');
INSERT INTO exam_results (student_id, exam_schedule_id, marks_obtained, max_marks, grade) VALUES (106, 13, 91, 100, 'O');
INSERT INTO exam_results (student_id, exam_schedule_id, marks_obtained, max_marks, grade) VALUES (106, 14, 62, 100, 'B+');
INSERT INTO exam_results (student_id, exam_schedule_id, marks_obtained, max_marks, grade) VALUES (106, 15, 79, 100, 'A+');
INSERT INTO exam_results (student_id, exam_schedule_id, marks_obtained, max_marks, grade) VALUES (106, 16, 57, 100, 'B');
INSERT INTO exam_results (student_id, exam_schedule_id, marks_obtained, max_marks, grade) VALUES (107, 9, 45, 100, 'C');
INSERT INTO exam_results (student_id, exam_schedule_id, marks_obtained, max_marks, grade) VALUES (107, 10, 54, 100, 'B');
INSERT INTO exam_results (student_id, exam_schedule_id, marks_obtained, max_marks, grade) VALUES (107, 11, 79, 100, 'A+');
INSERT INTO exam_results (student_id, exam_schedule_id, marks_obtained, max_marks, grade) VALUES (107, 12, 59, 100, 'B');
INSERT INTO exam_results (student_id, exam_schedule_id, marks_obtained, max_marks, grade) VALUES (107, 13, 53, 100, 'B');
INSERT INTO exam_results (student_id, exam_schedule_id, marks_obtained, max_marks, grade) VALUES (107, 14, 72, 100, 'A');
INSERT INTO exam_results (student_id, exam_schedule_id, marks_obtained, max_marks, grade) VALUES (107, 15, 45, 100, 'C');
INSERT INTO exam_results (student_id, exam_schedule_id, marks_obtained, max_marks, grade) VALUES (107, 16, 53, 100, 'B');
INSERT INTO exam_results (student_id, exam_schedule_id, marks_obtained, max_marks, grade) VALUES (108, 9, 80, 100, 'A+');
INSERT INTO exam_results (student_id, exam_schedule_id, marks_obtained, max_marks, grade) VALUES (108, 10, 89, 100, 'O');
INSERT INTO exam_results (student_id, exam_schedule_id, marks_obtained, max_marks, grade) VALUES (108, 11, 73, 100, 'A');
INSERT INTO exam_results (student_id, exam_schedule_id, marks_obtained, max_marks, grade) VALUES (108, 12, 96, 100, 'O');
INSERT INTO exam_results (student_id, exam_schedule_id, marks_obtained, max_marks, grade) VALUES (108, 13, 73, 100, 'A');
INSERT INTO exam_results (student_id, exam_schedule_id, marks_obtained, max_marks, grade) VALUES (108, 14, 58, 100, 'B');
INSERT INTO exam_results (student_id, exam_schedule_id, marks_obtained, max_marks, grade) VALUES (108, 15, 91, 100, 'O');
INSERT INTO exam_results (student_id, exam_schedule_id, marks_obtained, max_marks, grade) VALUES (108, 16, 60, 100, 'B+');
INSERT INTO exam_results (student_id, exam_schedule_id, marks_obtained, max_marks, grade) VALUES (109, 9, 55, 100, 'B');
INSERT INTO exam_results (student_id, exam_schedule_id, marks_obtained, max_marks, grade) VALUES (109, 10, 54, 100, 'B');
INSERT INTO exam_results (student_id, exam_schedule_id, marks_obtained, max_marks, grade) VALUES (109, 11, 53, 100, 'B');
INSERT INTO exam_results (student_id, exam_schedule_id, marks_obtained, max_marks, grade) VALUES (109, 12, 81, 100, 'A+');
INSERT INTO exam_results (student_id, exam_schedule_id, marks_obtained, max_marks, grade) VALUES (109, 13, 75, 100, 'A');
INSERT INTO exam_results (student_id, exam_schedule_id, marks_obtained, max_marks, grade) VALUES (109, 14, 58, 100, 'B');
INSERT INTO exam_results (student_id, exam_schedule_id, marks_obtained, max_marks, grade) VALUES (109, 15, 75, 100, 'A');
INSERT INTO exam_results (student_id, exam_schedule_id, marks_obtained, max_marks, grade) VALUES (109, 16, 60, 100, 'B+');
INSERT INTO exam_results (student_id, exam_schedule_id, marks_obtained, max_marks, grade) VALUES (110, 9, 52, 100, 'B');
INSERT INTO exam_results (student_id, exam_schedule_id, marks_obtained, max_marks, grade) VALUES (110, 10, 46, 100, 'C');
INSERT INTO exam_results (student_id, exam_schedule_id, marks_obtained, max_marks, grade) VALUES (110, 11, 55, 100, 'B');
INSERT INTO exam_results (student_id, exam_schedule_id, marks_obtained, max_marks, grade) VALUES (110, 12, 55, 100, 'B');
INSERT INTO exam_results (student_id, exam_schedule_id, marks_obtained, max_marks, grade) VALUES (110, 13, 69, 100, 'B+');
INSERT INTO exam_results (student_id, exam_schedule_id, marks_obtained, max_marks, grade) VALUES (110, 14, 52, 100, 'B');
INSERT INTO exam_results (student_id, exam_schedule_id, marks_obtained, max_marks, grade) VALUES (110, 15, 79, 100, 'A+');
INSERT INTO exam_results (student_id, exam_schedule_id, marks_obtained, max_marks, grade) VALUES (110, 16, 90, 100, 'O');
INSERT INTO exam_results (student_id, exam_schedule_id, marks_obtained, max_marks, grade) VALUES (111, 9, 50, 100, 'B');
INSERT INTO exam_results (student_id, exam_schedule_id, marks_obtained, max_marks, grade) VALUES (111, 10, 89, 100, 'O');
INSERT INTO exam_results (student_id, exam_schedule_id, marks_obtained, max_marks, grade) VALUES (111, 11, 90, 100, 'O');
INSERT INTO exam_results (student_id, exam_schedule_id, marks_obtained, max_marks, grade) VALUES (111, 12, 79, 100, 'A+');
INSERT INTO exam_results (student_id, exam_schedule_id, marks_obtained, max_marks, grade) VALUES (111, 13, 82, 100, 'A+');
INSERT INTO exam_results (student_id, exam_schedule_id, marks_obtained, max_marks, grade) VALUES (111, 14, 86, 100, 'A+');
INSERT INTO exam_results (student_id, exam_schedule_id, marks_obtained, max_marks, grade) VALUES (111, 15, 75, 100, 'A');
INSERT INTO exam_results (student_id, exam_schedule_id, marks_obtained, max_marks, grade) VALUES (111, 16, 49, 100, 'C');
INSERT INTO exam_results (student_id, exam_schedule_id, marks_obtained, max_marks, grade) VALUES (112, 9, 52, 100, 'B');
INSERT INTO exam_results (student_id, exam_schedule_id, marks_obtained, max_marks, grade) VALUES (112, 10, 54, 100, 'B');
INSERT INTO exam_results (student_id, exam_schedule_id, marks_obtained, max_marks, grade) VALUES (112, 11, 56, 100, 'B');
INSERT INTO exam_results (student_id, exam_schedule_id, marks_obtained, max_marks, grade) VALUES (112, 12, 86, 100, 'A+');
INSERT INTO exam_results (student_id, exam_schedule_id, marks_obtained, max_marks, grade) VALUES (112, 13, 72, 100, 'A');
INSERT INTO exam_results (student_id, exam_schedule_id, marks_obtained, max_marks, grade) VALUES (112, 14, 86, 100, 'A+');
INSERT INTO exam_results (student_id, exam_schedule_id, marks_obtained, max_marks, grade) VALUES (112, 15, 66, 100, 'B+');
INSERT INTO exam_results (student_id, exam_schedule_id, marks_obtained, max_marks, grade) VALUES (112, 16, 54, 100, 'B');
INSERT INTO exam_results (student_id, exam_schedule_id, marks_obtained, max_marks, grade) VALUES (115, 17, 65, 100, 'B+');
INSERT INTO exam_results (student_id, exam_schedule_id, marks_obtained, max_marks, grade) VALUES (115, 18, 90, 100, 'O');
INSERT INTO exam_results (student_id, exam_schedule_id, marks_obtained, max_marks, grade) VALUES (115, 19, 65, 100, 'B+');
INSERT INTO exam_results (student_id, exam_schedule_id, marks_obtained, max_marks, grade) VALUES (115, 20, 75, 100, 'A');
INSERT INTO exam_results (student_id, exam_schedule_id, marks_obtained, max_marks, grade) VALUES (116, 17, 92, 100, 'O');
INSERT INTO exam_results (student_id, exam_schedule_id, marks_obtained, max_marks, grade) VALUES (116, 18, 84, 100, 'A+');
INSERT INTO exam_results (student_id, exam_schedule_id, marks_obtained, max_marks, grade) VALUES (116, 19, 83, 100, 'A+');
INSERT INTO exam_results (student_id, exam_schedule_id, marks_obtained, max_marks, grade) VALUES (116, 20, 95, 100, 'O');
INSERT INTO exam_results (student_id, exam_schedule_id, marks_obtained, max_marks, grade) VALUES (117, 17, 65, 100, 'B+');
INSERT INTO exam_results (student_id, exam_schedule_id, marks_obtained, max_marks, grade) VALUES (117, 18, 98, 100, 'O');
INSERT INTO exam_results (student_id, exam_schedule_id, marks_obtained, max_marks, grade) VALUES (117, 19, 46, 100, 'C');
INSERT INTO exam_results (student_id, exam_schedule_id, marks_obtained, max_marks, grade) VALUES (117, 20, 70, 100, 'A');
INSERT INTO exam_results (student_id, exam_schedule_id, marks_obtained, max_marks, grade) VALUES (117, 21, 89, 100, 'O');
INSERT INTO exam_results (student_id, exam_schedule_id, marks_obtained, max_marks, grade) VALUES (117, 22, 85, 100, 'A+');
INSERT INTO exam_results (student_id, exam_schedule_id, marks_obtained, max_marks, grade) VALUES (117, 23, 95, 100, 'O');
INSERT INTO exam_results (student_id, exam_schedule_id, marks_obtained, max_marks, grade) VALUES (117, 24, 65, 100, 'B+');
INSERT INTO exam_results (student_id, exam_schedule_id, marks_obtained, max_marks, grade) VALUES (118, 17, 55, 100, 'B');
INSERT INTO exam_results (student_id, exam_schedule_id, marks_obtained, max_marks, grade) VALUES (118, 18, 67, 100, 'B+');
INSERT INTO exam_results (student_id, exam_schedule_id, marks_obtained, max_marks, grade) VALUES (118, 19, 67, 100, 'B+');
INSERT INTO exam_results (student_id, exam_schedule_id, marks_obtained, max_marks, grade) VALUES (118, 20, 69, 100, 'B+');
INSERT INTO exam_results (student_id, exam_schedule_id, marks_obtained, max_marks, grade) VALUES (118, 21, 51, 100, 'B');
INSERT INTO exam_results (student_id, exam_schedule_id, marks_obtained, max_marks, grade) VALUES (118, 22, 61, 100, 'B+');
INSERT INTO exam_results (student_id, exam_schedule_id, marks_obtained, max_marks, grade) VALUES (118, 23, 79, 100, 'A+');
INSERT INTO exam_results (student_id, exam_schedule_id, marks_obtained, max_marks, grade) VALUES (118, 24, 69, 100, 'B+');
INSERT INTO exam_results (student_id, exam_schedule_id, marks_obtained, max_marks, grade) VALUES (119, 17, 77, 100, 'A');
INSERT INTO exam_results (student_id, exam_schedule_id, marks_obtained, max_marks, grade) VALUES (119, 18, 81, 100, 'A+');
INSERT INTO exam_results (student_id, exam_schedule_id, marks_obtained, max_marks, grade) VALUES (119, 19, 92, 100, 'O');
INSERT INTO exam_results (student_id, exam_schedule_id, marks_obtained, max_marks, grade) VALUES (119, 20, 62, 100, 'B+');
INSERT INTO exam_results (student_id, exam_schedule_id, marks_obtained, max_marks, grade) VALUES (119, 21, 58, 100, 'B');
INSERT INTO exam_results (student_id, exam_schedule_id, marks_obtained, max_marks, grade) VALUES (119, 22, 85, 100, 'A+');
INSERT INTO exam_results (student_id, exam_schedule_id, marks_obtained, max_marks, grade) VALUES (119, 23, 75, 100, 'A');
INSERT INTO exam_results (student_id, exam_schedule_id, marks_obtained, max_marks, grade) VALUES (119, 24, 55, 100, 'B');
INSERT INTO exam_results (student_id, exam_schedule_id, marks_obtained, max_marks, grade) VALUES (120, 17, 58, 100, 'B');
INSERT INTO exam_results (student_id, exam_schedule_id, marks_obtained, max_marks, grade) VALUES (120, 18, 94, 100, 'O');
INSERT INTO exam_results (student_id, exam_schedule_id, marks_obtained, max_marks, grade) VALUES (120, 19, 96, 100, 'O');
INSERT INTO exam_results (student_id, exam_schedule_id, marks_obtained, max_marks, grade) VALUES (120, 20, 94, 100, 'O');
INSERT INTO exam_results (student_id, exam_schedule_id, marks_obtained, max_marks, grade) VALUES (120, 21, 62, 100, 'B+');
INSERT INTO exam_results (student_id, exam_schedule_id, marks_obtained, max_marks, grade) VALUES (120, 22, 82, 100, 'A+');
INSERT INTO exam_results (student_id, exam_schedule_id, marks_obtained, max_marks, grade) VALUES (120, 23, 65, 100, 'B+');
INSERT INTO exam_results (student_id, exam_schedule_id, marks_obtained, max_marks, grade) VALUES (120, 24, 58, 100, 'B');
INSERT INTO exam_results (student_id, exam_schedule_id, marks_obtained, max_marks, grade) VALUES (121, 17, 46, 100, 'C');
INSERT INTO exam_results (student_id, exam_schedule_id, marks_obtained, max_marks, grade) VALUES (121, 18, 67, 100, 'B+');
INSERT INTO exam_results (student_id, exam_schedule_id, marks_obtained, max_marks, grade) VALUES (121, 19, 46, 100, 'C');
INSERT INTO exam_results (student_id, exam_schedule_id, marks_obtained, max_marks, grade) VALUES (121, 20, 66, 100, 'B+');
INSERT INTO exam_results (student_id, exam_schedule_id, marks_obtained, max_marks, grade) VALUES (121, 21, 61, 100, 'B+');
INSERT INTO exam_results (student_id, exam_schedule_id, marks_obtained, max_marks, grade) VALUES (121, 22, 55, 100, 'B');
INSERT INTO exam_results (student_id, exam_schedule_id, marks_obtained, max_marks, grade) VALUES (121, 23, 51, 100, 'B');
INSERT INTO exam_results (student_id, exam_schedule_id, marks_obtained, max_marks, grade) VALUES (121, 24, 63, 100, 'B+');
INSERT INTO exam_results (student_id, exam_schedule_id, marks_obtained, max_marks, grade) VALUES (122, 17, 96, 100, 'O');
INSERT INTO exam_results (student_id, exam_schedule_id, marks_obtained, max_marks, grade) VALUES (122, 18, 83, 100, 'A+');
INSERT INTO exam_results (student_id, exam_schedule_id, marks_obtained, max_marks, grade) VALUES (122, 19, 61, 100, 'B+');
INSERT INTO exam_results (student_id, exam_schedule_id, marks_obtained, max_marks, grade) VALUES (122, 20, 81, 100, 'A+');
INSERT INTO exam_results (student_id, exam_schedule_id, marks_obtained, max_marks, grade) VALUES (122, 21, 90, 100, 'O');
INSERT INTO exam_results (student_id, exam_schedule_id, marks_obtained, max_marks, grade) VALUES (122, 22, 52, 100, 'B');
INSERT INTO exam_results (student_id, exam_schedule_id, marks_obtained, max_marks, grade) VALUES (122, 23, 92, 100, 'O');
INSERT INTO exam_results (student_id, exam_schedule_id, marks_obtained, max_marks, grade) VALUES (122, 24, 67, 100, 'B+');
INSERT INTO exam_results (student_id, exam_schedule_id, marks_obtained, max_marks, grade) VALUES (123, 17, 67, 100, 'B+');
INSERT INTO exam_results (student_id, exam_schedule_id, marks_obtained, max_marks, grade) VALUES (123, 18, 94, 100, 'O');
INSERT INTO exam_results (student_id, exam_schedule_id, marks_obtained, max_marks, grade) VALUES (123, 19, 67, 100, 'B+');
INSERT INTO exam_results (student_id, exam_schedule_id, marks_obtained, max_marks, grade) VALUES (123, 20, 64, 100, 'B+');
INSERT INTO exam_results (student_id, exam_schedule_id, marks_obtained, max_marks, grade) VALUES (123, 21, 71, 100, 'A');
INSERT INTO exam_results (student_id, exam_schedule_id, marks_obtained, max_marks, grade) VALUES (123, 22, 61, 100, 'B+');
INSERT INTO exam_results (student_id, exam_schedule_id, marks_obtained, max_marks, grade) VALUES (123, 23, 68, 100, 'B+');
INSERT INTO exam_results (student_id, exam_schedule_id, marks_obtained, max_marks, grade) VALUES (123, 24, 56, 100, 'B');
INSERT INTO exam_results (student_id, exam_schedule_id, marks_obtained, max_marks, grade) VALUES (124, 17, 56, 100, 'B');
INSERT INTO exam_results (student_id, exam_schedule_id, marks_obtained, max_marks, grade) VALUES (124, 18, 49, 100, 'C');
INSERT INTO exam_results (student_id, exam_schedule_id, marks_obtained, max_marks, grade) VALUES (124, 19, 45, 100, 'C');
INSERT INTO exam_results (student_id, exam_schedule_id, marks_obtained, max_marks, grade) VALUES (124, 20, 81, 100, 'A+');
INSERT INTO exam_results (student_id, exam_schedule_id, marks_obtained, max_marks, grade) VALUES (124, 21, 95, 100, 'O');
INSERT INTO exam_results (student_id, exam_schedule_id, marks_obtained, max_marks, grade) VALUES (124, 22, 82, 100, 'A+');
INSERT INTO exam_results (student_id, exam_schedule_id, marks_obtained, max_marks, grade) VALUES (124, 23, 80, 100, 'A+');
INSERT INTO exam_results (student_id, exam_schedule_id, marks_obtained, max_marks, grade) VALUES (124, 24, 67, 100, 'B+');
INSERT INTO exam_results (student_id, exam_schedule_id, marks_obtained, max_marks, grade) VALUES (125, 17, 75, 100, 'A');
INSERT INTO exam_results (student_id, exam_schedule_id, marks_obtained, max_marks, grade) VALUES (125, 18, 82, 100, 'A+');
INSERT INTO exam_results (student_id, exam_schedule_id, marks_obtained, max_marks, grade) VALUES (125, 19, 54, 100, 'B');
INSERT INTO exam_results (student_id, exam_schedule_id, marks_obtained, max_marks, grade) VALUES (125, 20, 75, 100, 'A');
INSERT INTO exam_results (student_id, exam_schedule_id, marks_obtained, max_marks, grade) VALUES (125, 21, 84, 100, 'A+');
INSERT INTO exam_results (student_id, exam_schedule_id, marks_obtained, max_marks, grade) VALUES (125, 22, 46, 100, 'C');
INSERT INTO exam_results (student_id, exam_schedule_id, marks_obtained, max_marks, grade) VALUES (125, 23, 80, 100, 'A+');
INSERT INTO exam_results (student_id, exam_schedule_id, marks_obtained, max_marks, grade) VALUES (125, 24, 75, 100, 'A');
INSERT INTO exam_results (student_id, exam_schedule_id, marks_obtained, max_marks, grade) VALUES (126, 17, 63, 100, 'B+');
INSERT INTO exam_results (student_id, exam_schedule_id, marks_obtained, max_marks, grade) VALUES (126, 18, 83, 100, 'A+');
INSERT INTO exam_results (student_id, exam_schedule_id, marks_obtained, max_marks, grade) VALUES (126, 19, 82, 100, 'A+');
INSERT INTO exam_results (student_id, exam_schedule_id, marks_obtained, max_marks, grade) VALUES (126, 20, 79, 100, 'A+');
INSERT INTO exam_results (student_id, exam_schedule_id, marks_obtained, max_marks, grade) VALUES (126, 21, 77, 100, 'A');
INSERT INTO exam_results (student_id, exam_schedule_id, marks_obtained, max_marks, grade) VALUES (126, 22, 73, 100, 'A');
INSERT INTO exam_results (student_id, exam_schedule_id, marks_obtained, max_marks, grade) VALUES (126, 23, 83, 100, 'A+');
INSERT INTO exam_results (student_id, exam_schedule_id, marks_obtained, max_marks, grade) VALUES (126, 24, 53, 100, 'B');
INSERT INTO exam_results (student_id, exam_schedule_id, marks_obtained, max_marks, grade) VALUES (127, 17, 63, 100, 'B+');
INSERT INTO exam_results (student_id, exam_schedule_id, marks_obtained, max_marks, grade) VALUES (127, 18, 84, 100, 'A+');
INSERT INTO exam_results (student_id, exam_schedule_id, marks_obtained, max_marks, grade) VALUES (127, 19, 74, 100, 'A');
INSERT INTO exam_results (student_id, exam_schedule_id, marks_obtained, max_marks, grade) VALUES (127, 20, 54, 100, 'B');
INSERT INTO exam_results (student_id, exam_schedule_id, marks_obtained, max_marks, grade) VALUES (127, 21, 86, 100, 'A+');
INSERT INTO exam_results (student_id, exam_schedule_id, marks_obtained, max_marks, grade) VALUES (127, 22, 93, 100, 'O');
INSERT INTO exam_results (student_id, exam_schedule_id, marks_obtained, max_marks, grade) VALUES (127, 23, 70, 100, 'A');
INSERT INTO exam_results (student_id, exam_schedule_id, marks_obtained, max_marks, grade) VALUES (127, 24, 76, 100, 'A');
INSERT INTO exam_results (student_id, exam_schedule_id, marks_obtained, max_marks, grade) VALUES (128, 17, 56, 100, 'B');
INSERT INTO exam_results (student_id, exam_schedule_id, marks_obtained, max_marks, grade) VALUES (128, 18, 57, 100, 'B');
INSERT INTO exam_results (student_id, exam_schedule_id, marks_obtained, max_marks, grade) VALUES (128, 19, 52, 100, 'B');
INSERT INTO exam_results (student_id, exam_schedule_id, marks_obtained, max_marks, grade) VALUES (128, 20, 75, 100, 'A');
INSERT INTO exam_results (student_id, exam_schedule_id, marks_obtained, max_marks, grade) VALUES (128, 21, 72, 100, 'A');
INSERT INTO exam_results (student_id, exam_schedule_id, marks_obtained, max_marks, grade) VALUES (128, 22, 56, 100, 'B');
INSERT INTO exam_results (student_id, exam_schedule_id, marks_obtained, max_marks, grade) VALUES (128, 23, 48, 100, 'C');
INSERT INTO exam_results (student_id, exam_schedule_id, marks_obtained, max_marks, grade) VALUES (128, 24, 62, 100, 'B+');
INSERT INTO exam_results (student_id, exam_schedule_id, marks_obtained, max_marks, grade) VALUES (131, 25, 85, 100, 'A+');
INSERT INTO exam_results (student_id, exam_schedule_id, marks_obtained, max_marks, grade) VALUES (131, 26, 47, 100, 'C');
INSERT INTO exam_results (student_id, exam_schedule_id, marks_obtained, max_marks, grade) VALUES (131, 27, 48, 100, 'C');
INSERT INTO exam_results (student_id, exam_schedule_id, marks_obtained, max_marks, grade) VALUES (131, 28, 78, 100, 'A');
INSERT INTO exam_results (student_id, exam_schedule_id, marks_obtained, max_marks, grade) VALUES (132, 25, 64, 100, 'B+');
INSERT INTO exam_results (student_id, exam_schedule_id, marks_obtained, max_marks, grade) VALUES (132, 26, 52, 100, 'B');
INSERT INTO exam_results (student_id, exam_schedule_id, marks_obtained, max_marks, grade) VALUES (132, 27, 79, 100, 'A+');
INSERT INTO exam_results (student_id, exam_schedule_id, marks_obtained, max_marks, grade) VALUES (132, 28, 48, 100, 'C');
INSERT INTO exam_results (student_id, exam_schedule_id, marks_obtained, max_marks, grade) VALUES (133, 25, 71, 100, 'A');
INSERT INTO exam_results (student_id, exam_schedule_id, marks_obtained, max_marks, grade) VALUES (133, 26, 81, 100, 'A+');
INSERT INTO exam_results (student_id, exam_schedule_id, marks_obtained, max_marks, grade) VALUES (133, 27, 96, 100, 'O');
INSERT INTO exam_results (student_id, exam_schedule_id, marks_obtained, max_marks, grade) VALUES (133, 28, 90, 100, 'O');
INSERT INTO exam_results (student_id, exam_schedule_id, marks_obtained, max_marks, grade) VALUES (133, 29, 80, 100, 'A+');
INSERT INTO exam_results (student_id, exam_schedule_id, marks_obtained, max_marks, grade) VALUES (133, 30, 60, 100, 'B+');
INSERT INTO exam_results (student_id, exam_schedule_id, marks_obtained, max_marks, grade) VALUES (133, 31, 61, 100, 'B+');
INSERT INTO exam_results (student_id, exam_schedule_id, marks_obtained, max_marks, grade) VALUES (133, 32, 97, 100, 'O');
INSERT INTO exam_results (student_id, exam_schedule_id, marks_obtained, max_marks, grade) VALUES (134, 25, 46, 100, 'C');
INSERT INTO exam_results (student_id, exam_schedule_id, marks_obtained, max_marks, grade) VALUES (134, 26, 98, 100, 'O');
INSERT INTO exam_results (student_id, exam_schedule_id, marks_obtained, max_marks, grade) VALUES (134, 27, 86, 100, 'A+');
INSERT INTO exam_results (student_id, exam_schedule_id, marks_obtained, max_marks, grade) VALUES (134, 28, 45, 100, 'C');
INSERT INTO exam_results (student_id, exam_schedule_id, marks_obtained, max_marks, grade) VALUES (134, 29, 63, 100, 'B+');
INSERT INTO exam_results (student_id, exam_schedule_id, marks_obtained, max_marks, grade) VALUES (134, 30, 71, 100, 'A');
INSERT INTO exam_results (student_id, exam_schedule_id, marks_obtained, max_marks, grade) VALUES (134, 31, 94, 100, 'O');
INSERT INTO exam_results (student_id, exam_schedule_id, marks_obtained, max_marks, grade) VALUES (134, 32, 73, 100, 'A');
INSERT INTO exam_results (student_id, exam_schedule_id, marks_obtained, max_marks, grade) VALUES (135, 25, 66, 100, 'B+');
INSERT INTO exam_results (student_id, exam_schedule_id, marks_obtained, max_marks, grade) VALUES (135, 26, 54, 100, 'B');
INSERT INTO exam_results (student_id, exam_schedule_id, marks_obtained, max_marks, grade) VALUES (135, 27, 50, 100, 'B');
INSERT INTO exam_results (student_id, exam_schedule_id, marks_obtained, max_marks, grade) VALUES (135, 28, 76, 100, 'A');
INSERT INTO exam_results (student_id, exam_schedule_id, marks_obtained, max_marks, grade) VALUES (135, 29, 93, 100, 'O');
INSERT INTO exam_results (student_id, exam_schedule_id, marks_obtained, max_marks, grade) VALUES (135, 30, 82, 100, 'A+');
INSERT INTO exam_results (student_id, exam_schedule_id, marks_obtained, max_marks, grade) VALUES (135, 31, 98, 100, 'O');
INSERT INTO exam_results (student_id, exam_schedule_id, marks_obtained, max_marks, grade) VALUES (135, 32, 62, 100, 'B+');
INSERT INTO exam_results (student_id, exam_schedule_id, marks_obtained, max_marks, grade) VALUES (136, 25, 50, 100, 'B');
INSERT INTO exam_results (student_id, exam_schedule_id, marks_obtained, max_marks, grade) VALUES (136, 26, 68, 100, 'B+');
INSERT INTO exam_results (student_id, exam_schedule_id, marks_obtained, max_marks, grade) VALUES (136, 27, 65, 100, 'B+');
INSERT INTO exam_results (student_id, exam_schedule_id, marks_obtained, max_marks, grade) VALUES (136, 28, 51, 100, 'B');
INSERT INTO exam_results (student_id, exam_schedule_id, marks_obtained, max_marks, grade) VALUES (136, 29, 86, 100, 'A+');
INSERT INTO exam_results (student_id, exam_schedule_id, marks_obtained, max_marks, grade) VALUES (136, 30, 86, 100, 'A+');
INSERT INTO exam_results (student_id, exam_schedule_id, marks_obtained, max_marks, grade) VALUES (136, 31, 89, 100, 'O');
INSERT INTO exam_results (student_id, exam_schedule_id, marks_obtained, max_marks, grade) VALUES (136, 32, 71, 100, 'A');
INSERT INTO exam_results (student_id, exam_schedule_id, marks_obtained, max_marks, grade) VALUES (137, 25, 94, 100, 'O');
INSERT INTO exam_results (student_id, exam_schedule_id, marks_obtained, max_marks, grade) VALUES (137, 26, 60, 100, 'B+');
INSERT INTO exam_results (student_id, exam_schedule_id, marks_obtained, max_marks, grade) VALUES (137, 27, 55, 100, 'B');
INSERT INTO exam_results (student_id, exam_schedule_id, marks_obtained, max_marks, grade) VALUES (137, 28, 59, 100, 'B');
INSERT INTO exam_results (student_id, exam_schedule_id, marks_obtained, max_marks, grade) VALUES (137, 29, 88, 100, 'A+');
INSERT INTO exam_results (student_id, exam_schedule_id, marks_obtained, max_marks, grade) VALUES (137, 30, 65, 100, 'B+');
INSERT INTO exam_results (student_id, exam_schedule_id, marks_obtained, max_marks, grade) VALUES (137, 31, 58, 100, 'B');
INSERT INTO exam_results (student_id, exam_schedule_id, marks_obtained, max_marks, grade) VALUES (137, 32, 82, 100, 'A+');
INSERT INTO exam_results (student_id, exam_schedule_id, marks_obtained, max_marks, grade) VALUES (138, 25, 48, 100, 'C');
INSERT INTO exam_results (student_id, exam_schedule_id, marks_obtained, max_marks, grade) VALUES (138, 26, 59, 100, 'B');
INSERT INTO exam_results (student_id, exam_schedule_id, marks_obtained, max_marks, grade) VALUES (138, 27, 55, 100, 'B');
INSERT INTO exam_results (student_id, exam_schedule_id, marks_obtained, max_marks, grade) VALUES (138, 28, 87, 100, 'A+');
INSERT INTO exam_results (student_id, exam_schedule_id, marks_obtained, max_marks, grade) VALUES (138, 29, 85, 100, 'A+');
INSERT INTO exam_results (student_id, exam_schedule_id, marks_obtained, max_marks, grade) VALUES (138, 30, 54, 100, 'B');
INSERT INTO exam_results (student_id, exam_schedule_id, marks_obtained, max_marks, grade) VALUES (138, 31, 82, 100, 'A+');
INSERT INTO exam_results (student_id, exam_schedule_id, marks_obtained, max_marks, grade) VALUES (138, 32, 85, 100, 'A+');
INSERT INTO exam_results (student_id, exam_schedule_id, marks_obtained, max_marks, grade) VALUES (139, 25, 47, 100, 'C');
INSERT INTO exam_results (student_id, exam_schedule_id, marks_obtained, max_marks, grade) VALUES (139, 26, 82, 100, 'A+');
INSERT INTO exam_results (student_id, exam_schedule_id, marks_obtained, max_marks, grade) VALUES (139, 27, 50, 100, 'B');
INSERT INTO exam_results (student_id, exam_schedule_id, marks_obtained, max_marks, grade) VALUES (139, 28, 48, 100, 'C');
INSERT INTO exam_results (student_id, exam_schedule_id, marks_obtained, max_marks, grade) VALUES (139, 29, 86, 100, 'A+');
INSERT INTO exam_results (student_id, exam_schedule_id, marks_obtained, max_marks, grade) VALUES (139, 30, 50, 100, 'B');
INSERT INTO exam_results (student_id, exam_schedule_id, marks_obtained, max_marks, grade) VALUES (139, 31, 66, 100, 'B+');
INSERT INTO exam_results (student_id, exam_schedule_id, marks_obtained, max_marks, grade) VALUES (139, 32, 79, 100, 'A+');
INSERT INTO exam_results (student_id, exam_schedule_id, marks_obtained, max_marks, grade) VALUES (140, 25, 50, 100, 'B');
INSERT INTO exam_results (student_id, exam_schedule_id, marks_obtained, max_marks, grade) VALUES (140, 26, 92, 100, 'O');
INSERT INTO exam_results (student_id, exam_schedule_id, marks_obtained, max_marks, grade) VALUES (140, 27, 68, 100, 'B+');
INSERT INTO exam_results (student_id, exam_schedule_id, marks_obtained, max_marks, grade) VALUES (140, 28, 69, 100, 'B+');
INSERT INTO exam_results (student_id, exam_schedule_id, marks_obtained, max_marks, grade) VALUES (140, 29, 89, 100, 'O');
INSERT INTO exam_results (student_id, exam_schedule_id, marks_obtained, max_marks, grade) VALUES (140, 30, 61, 100, 'B+');
INSERT INTO exam_results (student_id, exam_schedule_id, marks_obtained, max_marks, grade) VALUES (140, 31, 69, 100, 'B+');
INSERT INTO exam_results (student_id, exam_schedule_id, marks_obtained, max_marks, grade) VALUES (140, 32, 60, 100, 'B+');
INSERT INTO exam_results (student_id, exam_schedule_id, marks_obtained, max_marks, grade) VALUES (141, 25, 77, 100, 'A');
INSERT INTO exam_results (student_id, exam_schedule_id, marks_obtained, max_marks, grade) VALUES (141, 26, 73, 100, 'A');
INSERT INTO exam_results (student_id, exam_schedule_id, marks_obtained, max_marks, grade) VALUES (141, 27, 92, 100, 'O');
INSERT INTO exam_results (student_id, exam_schedule_id, marks_obtained, max_marks, grade) VALUES (141, 28, 53, 100, 'B');
INSERT INTO exam_results (student_id, exam_schedule_id, marks_obtained, max_marks, grade) VALUES (141, 29, 71, 100, 'A');
INSERT INTO exam_results (student_id, exam_schedule_id, marks_obtained, max_marks, grade) VALUES (141, 30, 47, 100, 'C');
INSERT INTO exam_results (student_id, exam_schedule_id, marks_obtained, max_marks, grade) VALUES (141, 31, 96, 100, 'O');
INSERT INTO exam_results (student_id, exam_schedule_id, marks_obtained, max_marks, grade) VALUES (141, 32, 93, 100, 'O');
INSERT INTO exam_results (student_id, exam_schedule_id, marks_obtained, max_marks, grade) VALUES (142, 25, 66, 100, 'B+');
INSERT INTO exam_results (student_id, exam_schedule_id, marks_obtained, max_marks, grade) VALUES (142, 26, 97, 100, 'O');
INSERT INTO exam_results (student_id, exam_schedule_id, marks_obtained, max_marks, grade) VALUES (142, 27, 55, 100, 'B');
INSERT INTO exam_results (student_id, exam_schedule_id, marks_obtained, max_marks, grade) VALUES (142, 28, 70, 100, 'A');
INSERT INTO exam_results (student_id, exam_schedule_id, marks_obtained, max_marks, grade) VALUES (142, 29, 90, 100, 'O');
INSERT INTO exam_results (student_id, exam_schedule_id, marks_obtained, max_marks, grade) VALUES (142, 30, 79, 100, 'A+');
INSERT INTO exam_results (student_id, exam_schedule_id, marks_obtained, max_marks, grade) VALUES (142, 31, 73, 100, 'A');
INSERT INTO exam_results (student_id, exam_schedule_id, marks_obtained, max_marks, grade) VALUES (142, 32, 94, 100, 'O');
INSERT INTO exam_results (student_id, exam_schedule_id, marks_obtained, max_marks, grade) VALUES (143, 25, 83, 100, 'A+');
INSERT INTO exam_results (student_id, exam_schedule_id, marks_obtained, max_marks, grade) VALUES (143, 26, 61, 100, 'B+');
INSERT INTO exam_results (student_id, exam_schedule_id, marks_obtained, max_marks, grade) VALUES (143, 27, 47, 100, 'C');
INSERT INTO exam_results (student_id, exam_schedule_id, marks_obtained, max_marks, grade) VALUES (143, 28, 76, 100, 'A');
INSERT INTO exam_results (student_id, exam_schedule_id, marks_obtained, max_marks, grade) VALUES (143, 29, 87, 100, 'A+');
INSERT INTO exam_results (student_id, exam_schedule_id, marks_obtained, max_marks, grade) VALUES (143, 30, 59, 100, 'B');
INSERT INTO exam_results (student_id, exam_schedule_id, marks_obtained, max_marks, grade) VALUES (143, 31, 83, 100, 'A+');
INSERT INTO exam_results (student_id, exam_schedule_id, marks_obtained, max_marks, grade) VALUES (143, 32, 45, 100, 'C');
INSERT INTO exam_results (student_id, exam_schedule_id, marks_obtained, max_marks, grade) VALUES (144, 25, 55, 100, 'B');
INSERT INTO exam_results (student_id, exam_schedule_id, marks_obtained, max_marks, grade) VALUES (144, 26, 65, 100, 'B+');
INSERT INTO exam_results (student_id, exam_schedule_id, marks_obtained, max_marks, grade) VALUES (144, 27, 54, 100, 'B');
INSERT INTO exam_results (student_id, exam_schedule_id, marks_obtained, max_marks, grade) VALUES (144, 28, 74, 100, 'A');
INSERT INTO exam_results (student_id, exam_schedule_id, marks_obtained, max_marks, grade) VALUES (144, 29, 67, 100, 'B+');
INSERT INTO exam_results (student_id, exam_schedule_id, marks_obtained, max_marks, grade) VALUES (144, 30, 89, 100, 'O');
INSERT INTO exam_results (student_id, exam_schedule_id, marks_obtained, max_marks, grade) VALUES (144, 31, 61, 100, 'B+');
INSERT INTO exam_results (student_id, exam_schedule_id, marks_obtained, max_marks, grade) VALUES (144, 32, 61, 100, 'B+');
INSERT INTO exam_results (student_id, exam_schedule_id, marks_obtained, max_marks, grade) VALUES (147, 33, 74, 100, 'A');
INSERT INTO exam_results (student_id, exam_schedule_id, marks_obtained, max_marks, grade) VALUES (147, 34, 61, 100, 'B+');
INSERT INTO exam_results (student_id, exam_schedule_id, marks_obtained, max_marks, grade) VALUES (147, 35, 77, 100, 'A');
INSERT INTO exam_results (student_id, exam_schedule_id, marks_obtained, max_marks, grade) VALUES (147, 36, 73, 100, 'A');
INSERT INTO exam_results (student_id, exam_schedule_id, marks_obtained, max_marks, grade) VALUES (148, 33, 87, 100, 'A+');
INSERT INTO exam_results (student_id, exam_schedule_id, marks_obtained, max_marks, grade) VALUES (148, 34, 92, 100, 'O');
INSERT INTO exam_results (student_id, exam_schedule_id, marks_obtained, max_marks, grade) VALUES (148, 35, 91, 100, 'O');
INSERT INTO exam_results (student_id, exam_schedule_id, marks_obtained, max_marks, grade) VALUES (148, 36, 86, 100, 'A+');
INSERT INTO exam_results (student_id, exam_schedule_id, marks_obtained, max_marks, grade) VALUES (149, 33, 82, 100, 'A+');
INSERT INTO exam_results (student_id, exam_schedule_id, marks_obtained, max_marks, grade) VALUES (149, 34, 72, 100, 'A');
INSERT INTO exam_results (student_id, exam_schedule_id, marks_obtained, max_marks, grade) VALUES (149, 35, 81, 100, 'A+');
INSERT INTO exam_results (student_id, exam_schedule_id, marks_obtained, max_marks, grade) VALUES (149, 36, 77, 100, 'A');
INSERT INTO exam_results (student_id, exam_schedule_id, marks_obtained, max_marks, grade) VALUES (149, 37, 77, 100, 'A');
INSERT INTO exam_results (student_id, exam_schedule_id, marks_obtained, max_marks, grade) VALUES (149, 38, 98, 100, 'O');
INSERT INTO exam_results (student_id, exam_schedule_id, marks_obtained, max_marks, grade) VALUES (149, 39, 58, 100, 'B');
INSERT INTO exam_results (student_id, exam_schedule_id, marks_obtained, max_marks, grade) VALUES (149, 40, 72, 100, 'A');
INSERT INTO exam_results (student_id, exam_schedule_id, marks_obtained, max_marks, grade) VALUES (150, 33, 45, 100, 'C');
INSERT INTO exam_results (student_id, exam_schedule_id, marks_obtained, max_marks, grade) VALUES (150, 34, 45, 100, 'C');
INSERT INTO exam_results (student_id, exam_schedule_id, marks_obtained, max_marks, grade) VALUES (150, 35, 93, 100, 'O');
INSERT INTO exam_results (student_id, exam_schedule_id, marks_obtained, max_marks, grade) VALUES (150, 36, 83, 100, 'A+');
INSERT INTO exam_results (student_id, exam_schedule_id, marks_obtained, max_marks, grade) VALUES (150, 37, 72, 100, 'A');
INSERT INTO exam_results (student_id, exam_schedule_id, marks_obtained, max_marks, grade) VALUES (150, 38, 55, 100, 'B');
INSERT INTO exam_results (student_id, exam_schedule_id, marks_obtained, max_marks, grade) VALUES (150, 39, 72, 100, 'A');
INSERT INTO exam_results (student_id, exam_schedule_id, marks_obtained, max_marks, grade) VALUES (150, 40, 85, 100, 'A+');
INSERT INTO exam_results (student_id, exam_schedule_id, marks_obtained, max_marks, grade) VALUES (151, 33, 97, 100, 'O');
INSERT INTO exam_results (student_id, exam_schedule_id, marks_obtained, max_marks, grade) VALUES (151, 34, 98, 100, 'O');
INSERT INTO exam_results (student_id, exam_schedule_id, marks_obtained, max_marks, grade) VALUES (151, 35, 84, 100, 'A+');
INSERT INTO exam_results (student_id, exam_schedule_id, marks_obtained, max_marks, grade) VALUES (151, 36, 66, 100, 'B+');
INSERT INTO exam_results (student_id, exam_schedule_id, marks_obtained, max_marks, grade) VALUES (151, 37, 48, 100, 'C');
INSERT INTO exam_results (student_id, exam_schedule_id, marks_obtained, max_marks, grade) VALUES (151, 38, 58, 100, 'B');
INSERT INTO exam_results (student_id, exam_schedule_id, marks_obtained, max_marks, grade) VALUES (151, 39, 89, 100, 'O');
INSERT INTO exam_results (student_id, exam_schedule_id, marks_obtained, max_marks, grade) VALUES (151, 40, 85, 100, 'A+');
INSERT INTO exam_results (student_id, exam_schedule_id, marks_obtained, max_marks, grade) VALUES (152, 33, 94, 100, 'O');
INSERT INTO exam_results (student_id, exam_schedule_id, marks_obtained, max_marks, grade) VALUES (152, 34, 84, 100, 'A+');
INSERT INTO exam_results (student_id, exam_schedule_id, marks_obtained, max_marks, grade) VALUES (152, 35, 65, 100, 'B+');
INSERT INTO exam_results (student_id, exam_schedule_id, marks_obtained, max_marks, grade) VALUES (152, 36, 73, 100, 'A');
INSERT INTO exam_results (student_id, exam_schedule_id, marks_obtained, max_marks, grade) VALUES (152, 37, 96, 100, 'O');
INSERT INTO exam_results (student_id, exam_schedule_id, marks_obtained, max_marks, grade) VALUES (152, 38, 48, 100, 'C');
INSERT INTO exam_results (student_id, exam_schedule_id, marks_obtained, max_marks, grade) VALUES (152, 39, 58, 100, 'B');
INSERT INTO exam_results (student_id, exam_schedule_id, marks_obtained, max_marks, grade) VALUES (152, 40, 66, 100, 'B+');
INSERT INTO exam_results (student_id, exam_schedule_id, marks_obtained, max_marks, grade) VALUES (153, 33, 70, 100, 'A');
INSERT INTO exam_results (student_id, exam_schedule_id, marks_obtained, max_marks, grade) VALUES (153, 34, 93, 100, 'O');
INSERT INTO exam_results (student_id, exam_schedule_id, marks_obtained, max_marks, grade) VALUES (153, 35, 74, 100, 'A');
INSERT INTO exam_results (student_id, exam_schedule_id, marks_obtained, max_marks, grade) VALUES (153, 36, 51, 100, 'B');
INSERT INTO exam_results (student_id, exam_schedule_id, marks_obtained, max_marks, grade) VALUES (153, 37, 67, 100, 'B+');
INSERT INTO exam_results (student_id, exam_schedule_id, marks_obtained, max_marks, grade) VALUES (153, 38, 94, 100, 'O');
INSERT INTO exam_results (student_id, exam_schedule_id, marks_obtained, max_marks, grade) VALUES (153, 39, 55, 100, 'B');
INSERT INTO exam_results (student_id, exam_schedule_id, marks_obtained, max_marks, grade) VALUES (153, 40, 53, 100, 'B');
INSERT INTO exam_results (student_id, exam_schedule_id, marks_obtained, max_marks, grade) VALUES (154, 33, 71, 100, 'A');
INSERT INTO exam_results (student_id, exam_schedule_id, marks_obtained, max_marks, grade) VALUES (154, 34, 58, 100, 'B');
INSERT INTO exam_results (student_id, exam_schedule_id, marks_obtained, max_marks, grade) VALUES (154, 35, 67, 100, 'B+');
INSERT INTO exam_results (student_id, exam_schedule_id, marks_obtained, max_marks, grade) VALUES (154, 36, 77, 100, 'A');
INSERT INTO exam_results (student_id, exam_schedule_id, marks_obtained, max_marks, grade) VALUES (154, 37, 53, 100, 'B');
INSERT INTO exam_results (student_id, exam_schedule_id, marks_obtained, max_marks, grade) VALUES (154, 38, 85, 100, 'A+');
INSERT INTO exam_results (student_id, exam_schedule_id, marks_obtained, max_marks, grade) VALUES (154, 39, 64, 100, 'B+');
INSERT INTO exam_results (student_id, exam_schedule_id, marks_obtained, max_marks, grade) VALUES (154, 40, 82, 100, 'A+');
INSERT INTO exam_results (student_id, exam_schedule_id, marks_obtained, max_marks, grade) VALUES (155, 33, 75, 100, 'A');
INSERT INTO exam_results (student_id, exam_schedule_id, marks_obtained, max_marks, grade) VALUES (155, 34, 86, 100, 'A+');
INSERT INTO exam_results (student_id, exam_schedule_id, marks_obtained, max_marks, grade) VALUES (155, 35, 52, 100, 'B');
INSERT INTO exam_results (student_id, exam_schedule_id, marks_obtained, max_marks, grade) VALUES (155, 36, 94, 100, 'O');
INSERT INTO exam_results (student_id, exam_schedule_id, marks_obtained, max_marks, grade) VALUES (155, 37, 71, 100, 'A');
INSERT INTO exam_results (student_id, exam_schedule_id, marks_obtained, max_marks, grade) VALUES (155, 38, 73, 100, 'A');
INSERT INTO exam_results (student_id, exam_schedule_id, marks_obtained, max_marks, grade) VALUES (155, 39, 57, 100, 'B');
INSERT INTO exam_results (student_id, exam_schedule_id, marks_obtained, max_marks, grade) VALUES (155, 40, 49, 100, 'C');
INSERT INTO exam_results (student_id, exam_schedule_id, marks_obtained, max_marks, grade) VALUES (156, 33, 64, 100, 'B+');
INSERT INTO exam_results (student_id, exam_schedule_id, marks_obtained, max_marks, grade) VALUES (156, 34, 64, 100, 'B+');
INSERT INTO exam_results (student_id, exam_schedule_id, marks_obtained, max_marks, grade) VALUES (156, 35, 94, 100, 'O');
INSERT INTO exam_results (student_id, exam_schedule_id, marks_obtained, max_marks, grade) VALUES (156, 36, 80, 100, 'A+');
INSERT INTO exam_results (student_id, exam_schedule_id, marks_obtained, max_marks, grade) VALUES (156, 37, 92, 100, 'O');
INSERT INTO exam_results (student_id, exam_schedule_id, marks_obtained, max_marks, grade) VALUES (156, 38, 50, 100, 'B');
INSERT INTO exam_results (student_id, exam_schedule_id, marks_obtained, max_marks, grade) VALUES (156, 39, 51, 100, 'B');
INSERT INTO exam_results (student_id, exam_schedule_id, marks_obtained, max_marks, grade) VALUES (156, 40, 55, 100, 'B');
INSERT INTO exam_results (student_id, exam_schedule_id, marks_obtained, max_marks, grade) VALUES (157, 33, 58, 100, 'B');
INSERT INTO exam_results (student_id, exam_schedule_id, marks_obtained, max_marks, grade) VALUES (157, 34, 88, 100, 'A+');
INSERT INTO exam_results (student_id, exam_schedule_id, marks_obtained, max_marks, grade) VALUES (157, 35, 79, 100, 'A+');
INSERT INTO exam_results (student_id, exam_schedule_id, marks_obtained, max_marks, grade) VALUES (157, 36, 61, 100, 'B+');
INSERT INTO exam_results (student_id, exam_schedule_id, marks_obtained, max_marks, grade) VALUES (157, 37, 73, 100, 'A');
INSERT INTO exam_results (student_id, exam_schedule_id, marks_obtained, max_marks, grade) VALUES (157, 38, 50, 100, 'B');
INSERT INTO exam_results (student_id, exam_schedule_id, marks_obtained, max_marks, grade) VALUES (157, 39, 53, 100, 'B');
INSERT INTO exam_results (student_id, exam_schedule_id, marks_obtained, max_marks, grade) VALUES (157, 40, 63, 100, 'B+');
INSERT INTO exam_results (student_id, exam_schedule_id, marks_obtained, max_marks, grade) VALUES (158, 33, 98, 100, 'O');
INSERT INTO exam_results (student_id, exam_schedule_id, marks_obtained, max_marks, grade) VALUES (158, 34, 73, 100, 'A');
INSERT INTO exam_results (student_id, exam_schedule_id, marks_obtained, max_marks, grade) VALUES (158, 35, 51, 100, 'B');
INSERT INTO exam_results (student_id, exam_schedule_id, marks_obtained, max_marks, grade) VALUES (158, 36, 77, 100, 'A');
INSERT INTO exam_results (student_id, exam_schedule_id, marks_obtained, max_marks, grade) VALUES (158, 37, 71, 100, 'A');
INSERT INTO exam_results (student_id, exam_schedule_id, marks_obtained, max_marks, grade) VALUES (158, 38, 66, 100, 'B+');
INSERT INTO exam_results (student_id, exam_schedule_id, marks_obtained, max_marks, grade) VALUES (158, 39, 91, 100, 'O');
INSERT INTO exam_results (student_id, exam_schedule_id, marks_obtained, max_marks, grade) VALUES (158, 40, 79, 100, 'A+');
INSERT INTO exam_results (student_id, exam_schedule_id, marks_obtained, max_marks, grade) VALUES (159, 33, 68, 100, 'B+');
INSERT INTO exam_results (student_id, exam_schedule_id, marks_obtained, max_marks, grade) VALUES (159, 34, 61, 100, 'B+');
INSERT INTO exam_results (student_id, exam_schedule_id, marks_obtained, max_marks, grade) VALUES (159, 35, 70, 100, 'A');
INSERT INTO exam_results (student_id, exam_schedule_id, marks_obtained, max_marks, grade) VALUES (159, 36, 67, 100, 'B+');
INSERT INTO exam_results (student_id, exam_schedule_id, marks_obtained, max_marks, grade) VALUES (159, 37, 47, 100, 'C');
INSERT INTO exam_results (student_id, exam_schedule_id, marks_obtained, max_marks, grade) VALUES (159, 38, 46, 100, 'C');
INSERT INTO exam_results (student_id, exam_schedule_id, marks_obtained, max_marks, grade) VALUES (159, 39, 71, 100, 'A');
INSERT INTO exam_results (student_id, exam_schedule_id, marks_obtained, max_marks, grade) VALUES (159, 40, 88, 100, 'A+');
INSERT INTO exam_results (student_id, exam_schedule_id, marks_obtained, max_marks, grade) VALUES (160, 33, 71, 100, 'A');
INSERT INTO exam_results (student_id, exam_schedule_id, marks_obtained, max_marks, grade) VALUES (160, 34, 85, 100, 'A+');
INSERT INTO exam_results (student_id, exam_schedule_id, marks_obtained, max_marks, grade) VALUES (160, 35, 89, 100, 'O');
INSERT INTO exam_results (student_id, exam_schedule_id, marks_obtained, max_marks, grade) VALUES (160, 36, 56, 100, 'B');
INSERT INTO exam_results (student_id, exam_schedule_id, marks_obtained, max_marks, grade) VALUES (160, 37, 75, 100, 'A');
INSERT INTO exam_results (student_id, exam_schedule_id, marks_obtained, max_marks, grade) VALUES (160, 38, 62, 100, 'B+');
INSERT INTO exam_results (student_id, exam_schedule_id, marks_obtained, max_marks, grade) VALUES (160, 39, 56, 100, 'B');
INSERT INTO exam_results (student_id, exam_schedule_id, marks_obtained, max_marks, grade) VALUES (160, 40, 58, 100, 'B');
INSERT INTO exam_results (student_id, exam_schedule_id, marks_obtained, max_marks, grade) VALUES (163, 1, 93, 100, 'O');
INSERT INTO exam_results (student_id, exam_schedule_id, marks_obtained, max_marks, grade) VALUES (163, 2, 65, 100, 'B+');
INSERT INTO exam_results (student_id, exam_schedule_id, marks_obtained, max_marks, grade) VALUES (163, 3, 98, 100, 'O');
INSERT INTO exam_results (student_id, exam_schedule_id, marks_obtained, max_marks, grade) VALUES (163, 4, 67, 100, 'B+');
INSERT INTO exam_results (student_id, exam_schedule_id, marks_obtained, max_marks, grade) VALUES (164, 1, 53, 100, 'B');
INSERT INTO exam_results (student_id, exam_schedule_id, marks_obtained, max_marks, grade) VALUES (164, 2, 46, 100, 'C');
INSERT INTO exam_results (student_id, exam_schedule_id, marks_obtained, max_marks, grade) VALUES (164, 3, 47, 100, 'C');
INSERT INTO exam_results (student_id, exam_schedule_id, marks_obtained, max_marks, grade) VALUES (164, 4, 66, 100, 'B+');
INSERT INTO exam_results (student_id, exam_schedule_id, marks_obtained, max_marks, grade) VALUES (165, 1, 71, 100, 'A');
INSERT INTO exam_results (student_id, exam_schedule_id, marks_obtained, max_marks, grade) VALUES (165, 2, 98, 100, 'O');
INSERT INTO exam_results (student_id, exam_schedule_id, marks_obtained, max_marks, grade) VALUES (165, 3, 53, 100, 'B');
INSERT INTO exam_results (student_id, exam_schedule_id, marks_obtained, max_marks, grade) VALUES (165, 4, 92, 100, 'O');
INSERT INTO exam_results (student_id, exam_schedule_id, marks_obtained, max_marks, grade) VALUES (165, 5, 69, 100, 'B+');
INSERT INTO exam_results (student_id, exam_schedule_id, marks_obtained, max_marks, grade) VALUES (165, 6, 55, 100, 'B');
INSERT INTO exam_results (student_id, exam_schedule_id, marks_obtained, max_marks, grade) VALUES (165, 7, 60, 100, 'B+');
INSERT INTO exam_results (student_id, exam_schedule_id, marks_obtained, max_marks, grade) VALUES (165, 8, 74, 100, 'A');
INSERT INTO exam_results (student_id, exam_schedule_id, marks_obtained, max_marks, grade) VALUES (166, 1, 96, 100, 'O');
INSERT INTO exam_results (student_id, exam_schedule_id, marks_obtained, max_marks, grade) VALUES (166, 2, 48, 100, 'C');
INSERT INTO exam_results (student_id, exam_schedule_id, marks_obtained, max_marks, grade) VALUES (166, 3, 81, 100, 'A+');
INSERT INTO exam_results (student_id, exam_schedule_id, marks_obtained, max_marks, grade) VALUES (166, 4, 93, 100, 'O');
INSERT INTO exam_results (student_id, exam_schedule_id, marks_obtained, max_marks, grade) VALUES (166, 5, 59, 100, 'B');
INSERT INTO exam_results (student_id, exam_schedule_id, marks_obtained, max_marks, grade) VALUES (166, 6, 64, 100, 'B+');
INSERT INTO exam_results (student_id, exam_schedule_id, marks_obtained, max_marks, grade) VALUES (166, 7, 71, 100, 'A');
INSERT INTO exam_results (student_id, exam_schedule_id, marks_obtained, max_marks, grade) VALUES (166, 8, 95, 100, 'O');
INSERT INTO exam_results (student_id, exam_schedule_id, marks_obtained, max_marks, grade) VALUES (167, 1, 93, 100, 'O');
INSERT INTO exam_results (student_id, exam_schedule_id, marks_obtained, max_marks, grade) VALUES (167, 2, 62, 100, 'B+');
INSERT INTO exam_results (student_id, exam_schedule_id, marks_obtained, max_marks, grade) VALUES (167, 3, 81, 100, 'A+');
INSERT INTO exam_results (student_id, exam_schedule_id, marks_obtained, max_marks, grade) VALUES (167, 4, 89, 100, 'O');
INSERT INTO exam_results (student_id, exam_schedule_id, marks_obtained, max_marks, grade) VALUES (167, 5, 57, 100, 'B');
INSERT INTO exam_results (student_id, exam_schedule_id, marks_obtained, max_marks, grade) VALUES (167, 6, 83, 100, 'A+');
INSERT INTO exam_results (student_id, exam_schedule_id, marks_obtained, max_marks, grade) VALUES (167, 7, 82, 100, 'A+');
INSERT INTO exam_results (student_id, exam_schedule_id, marks_obtained, max_marks, grade) VALUES (167, 8, 48, 100, 'C');
INSERT INTO exam_results (student_id, exam_schedule_id, marks_obtained, max_marks, grade) VALUES (168, 1, 59, 100, 'B');
INSERT INTO exam_results (student_id, exam_schedule_id, marks_obtained, max_marks, grade) VALUES (168, 2, 82, 100, 'A+');
INSERT INTO exam_results (student_id, exam_schedule_id, marks_obtained, max_marks, grade) VALUES (168, 3, 65, 100, 'B+');
INSERT INTO exam_results (student_id, exam_schedule_id, marks_obtained, max_marks, grade) VALUES (168, 4, 93, 100, 'O');
INSERT INTO exam_results (student_id, exam_schedule_id, marks_obtained, max_marks, grade) VALUES (168, 5, 56, 100, 'B');
INSERT INTO exam_results (student_id, exam_schedule_id, marks_obtained, max_marks, grade) VALUES (168, 6, 88, 100, 'A+');
INSERT INTO exam_results (student_id, exam_schedule_id, marks_obtained, max_marks, grade) VALUES (168, 7, 51, 100, 'B');
INSERT INTO exam_results (student_id, exam_schedule_id, marks_obtained, max_marks, grade) VALUES (168, 8, 54, 100, 'B');
INSERT INTO exam_results (student_id, exam_schedule_id, marks_obtained, max_marks, grade) VALUES (169, 1, 76, 100, 'A');
INSERT INTO exam_results (student_id, exam_schedule_id, marks_obtained, max_marks, grade) VALUES (169, 2, 71, 100, 'A');
INSERT INTO exam_results (student_id, exam_schedule_id, marks_obtained, max_marks, grade) VALUES (169, 3, 72, 100, 'A');
INSERT INTO exam_results (student_id, exam_schedule_id, marks_obtained, max_marks, grade) VALUES (169, 4, 98, 100, 'O');
INSERT INTO exam_results (student_id, exam_schedule_id, marks_obtained, max_marks, grade) VALUES (169, 5, 71, 100, 'A');
INSERT INTO exam_results (student_id, exam_schedule_id, marks_obtained, max_marks, grade) VALUES (169, 6, 71, 100, 'A');
INSERT INTO exam_results (student_id, exam_schedule_id, marks_obtained, max_marks, grade) VALUES (169, 7, 91, 100, 'O');
INSERT INTO exam_results (student_id, exam_schedule_id, marks_obtained, max_marks, grade) VALUES (169, 8, 98, 100, 'O');
INSERT INTO exam_results (student_id, exam_schedule_id, marks_obtained, max_marks, grade) VALUES (170, 1, 87, 100, 'A+');
INSERT INTO exam_results (student_id, exam_schedule_id, marks_obtained, max_marks, grade) VALUES (170, 2, 80, 100, 'A+');
INSERT INTO exam_results (student_id, exam_schedule_id, marks_obtained, max_marks, grade) VALUES (170, 3, 72, 100, 'A');
INSERT INTO exam_results (student_id, exam_schedule_id, marks_obtained, max_marks, grade) VALUES (170, 4, 84, 100, 'A+');
INSERT INTO exam_results (student_id, exam_schedule_id, marks_obtained, max_marks, grade) VALUES (170, 5, 90, 100, 'O');
INSERT INTO exam_results (student_id, exam_schedule_id, marks_obtained, max_marks, grade) VALUES (170, 6, 68, 100, 'B+');
INSERT INTO exam_results (student_id, exam_schedule_id, marks_obtained, max_marks, grade) VALUES (170, 7, 53, 100, 'B');
INSERT INTO exam_results (student_id, exam_schedule_id, marks_obtained, max_marks, grade) VALUES (170, 8, 67, 100, 'B+');
INSERT INTO exam_results (student_id, exam_schedule_id, marks_obtained, max_marks, grade) VALUES (171, 1, 45, 100, 'C');
INSERT INTO exam_results (student_id, exam_schedule_id, marks_obtained, max_marks, grade) VALUES (171, 2, 60, 100, 'B+');
INSERT INTO exam_results (student_id, exam_schedule_id, marks_obtained, max_marks, grade) VALUES (171, 3, 79, 100, 'A+');
INSERT INTO exam_results (student_id, exam_schedule_id, marks_obtained, max_marks, grade) VALUES (171, 4, 79, 100, 'A+');
INSERT INTO exam_results (student_id, exam_schedule_id, marks_obtained, max_marks, grade) VALUES (171, 5, 88, 100, 'A+');
INSERT INTO exam_results (student_id, exam_schedule_id, marks_obtained, max_marks, grade) VALUES (171, 6, 74, 100, 'A');
INSERT INTO exam_results (student_id, exam_schedule_id, marks_obtained, max_marks, grade) VALUES (171, 7, 82, 100, 'A+');
INSERT INTO exam_results (student_id, exam_schedule_id, marks_obtained, max_marks, grade) VALUES (171, 8, 64, 100, 'B+');
INSERT INTO exam_results (student_id, exam_schedule_id, marks_obtained, max_marks, grade) VALUES (172, 1, 81, 100, 'A+');
INSERT INTO exam_results (student_id, exam_schedule_id, marks_obtained, max_marks, grade) VALUES (172, 2, 88, 100, 'A+');
INSERT INTO exam_results (student_id, exam_schedule_id, marks_obtained, max_marks, grade) VALUES (172, 3, 46, 100, 'C');
INSERT INTO exam_results (student_id, exam_schedule_id, marks_obtained, max_marks, grade) VALUES (172, 4, 50, 100, 'B');
INSERT INTO exam_results (student_id, exam_schedule_id, marks_obtained, max_marks, grade) VALUES (172, 5, 61, 100, 'B+');
INSERT INTO exam_results (student_id, exam_schedule_id, marks_obtained, max_marks, grade) VALUES (172, 6, 87, 100, 'A+');
INSERT INTO exam_results (student_id, exam_schedule_id, marks_obtained, max_marks, grade) VALUES (172, 7, 62, 100, 'B+');
INSERT INTO exam_results (student_id, exam_schedule_id, marks_obtained, max_marks, grade) VALUES (172, 8, 74, 100, 'A');
INSERT INTO exam_results (student_id, exam_schedule_id, marks_obtained, max_marks, grade) VALUES (173, 1, 47, 100, 'C');
INSERT INTO exam_results (student_id, exam_schedule_id, marks_obtained, max_marks, grade) VALUES (173, 2, 81, 100, 'A+');
INSERT INTO exam_results (student_id, exam_schedule_id, marks_obtained, max_marks, grade) VALUES (173, 3, 75, 100, 'A');
INSERT INTO exam_results (student_id, exam_schedule_id, marks_obtained, max_marks, grade) VALUES (173, 4, 51, 100, 'B');
INSERT INTO exam_results (student_id, exam_schedule_id, marks_obtained, max_marks, grade) VALUES (173, 5, 77, 100, 'A');
INSERT INTO exam_results (student_id, exam_schedule_id, marks_obtained, max_marks, grade) VALUES (173, 6, 66, 100, 'B+');
INSERT INTO exam_results (student_id, exam_schedule_id, marks_obtained, max_marks, grade) VALUES (173, 7, 70, 100, 'A');
INSERT INTO exam_results (student_id, exam_schedule_id, marks_obtained, max_marks, grade) VALUES (173, 8, 86, 100, 'A+');
INSERT INTO exam_results (student_id, exam_schedule_id, marks_obtained, max_marks, grade) VALUES (174, 1, 81, 100, 'A+');
INSERT INTO exam_results (student_id, exam_schedule_id, marks_obtained, max_marks, grade) VALUES (174, 2, 65, 100, 'B+');
INSERT INTO exam_results (student_id, exam_schedule_id, marks_obtained, max_marks, grade) VALUES (174, 3, 67, 100, 'B+');
INSERT INTO exam_results (student_id, exam_schedule_id, marks_obtained, max_marks, grade) VALUES (174, 4, 49, 100, 'C');
INSERT INTO exam_results (student_id, exam_schedule_id, marks_obtained, max_marks, grade) VALUES (174, 5, 87, 100, 'A+');
INSERT INTO exam_results (student_id, exam_schedule_id, marks_obtained, max_marks, grade) VALUES (174, 6, 74, 100, 'A');
INSERT INTO exam_results (student_id, exam_schedule_id, marks_obtained, max_marks, grade) VALUES (174, 7, 50, 100, 'B');
INSERT INTO exam_results (student_id, exam_schedule_id, marks_obtained, max_marks, grade) VALUES (174, 8, 75, 100, 'A');
INSERT INTO exam_results (student_id, exam_schedule_id, marks_obtained, max_marks, grade) VALUES (175, 1, 98, 100, 'O');
INSERT INTO exam_results (student_id, exam_schedule_id, marks_obtained, max_marks, grade) VALUES (175, 2, 60, 100, 'B+');
INSERT INTO exam_results (student_id, exam_schedule_id, marks_obtained, max_marks, grade) VALUES (175, 3, 53, 100, 'B');
INSERT INTO exam_results (student_id, exam_schedule_id, marks_obtained, max_marks, grade) VALUES (175, 4, 68, 100, 'B+');
INSERT INTO exam_results (student_id, exam_schedule_id, marks_obtained, max_marks, grade) VALUES (175, 5, 67, 100, 'B+');
INSERT INTO exam_results (student_id, exam_schedule_id, marks_obtained, max_marks, grade) VALUES (175, 6, 69, 100, 'B+');
INSERT INTO exam_results (student_id, exam_schedule_id, marks_obtained, max_marks, grade) VALUES (175, 7, 47, 100, 'C');
INSERT INTO exam_results (student_id, exam_schedule_id, marks_obtained, max_marks, grade) VALUES (175, 8, 97, 100, 'O');
INSERT INTO exam_results (student_id, exam_schedule_id, marks_obtained, max_marks, grade) VALUES (176, 1, 48, 100, 'C');
INSERT INTO exam_results (student_id, exam_schedule_id, marks_obtained, max_marks, grade) VALUES (176, 2, 64, 100, 'B+');
INSERT INTO exam_results (student_id, exam_schedule_id, marks_obtained, max_marks, grade) VALUES (176, 3, 63, 100, 'B+');
INSERT INTO exam_results (student_id, exam_schedule_id, marks_obtained, max_marks, grade) VALUES (176, 4, 45, 100, 'C');
INSERT INTO exam_results (student_id, exam_schedule_id, marks_obtained, max_marks, grade) VALUES (176, 5, 59, 100, 'B');
INSERT INTO exam_results (student_id, exam_schedule_id, marks_obtained, max_marks, grade) VALUES (176, 6, 83, 100, 'A+');
INSERT INTO exam_results (student_id, exam_schedule_id, marks_obtained, max_marks, grade) VALUES (176, 7, 59, 100, 'B');
INSERT INTO exam_results (student_id, exam_schedule_id, marks_obtained, max_marks, grade) VALUES (176, 8, 56, 100, 'B');
INSERT INTO exam_results (student_id, exam_schedule_id, marks_obtained, max_marks, grade) VALUES (179, 9, 70, 100, 'A');
INSERT INTO exam_results (student_id, exam_schedule_id, marks_obtained, max_marks, grade) VALUES (179, 10, 83, 100, 'A+');
INSERT INTO exam_results (student_id, exam_schedule_id, marks_obtained, max_marks, grade) VALUES (179, 11, 64, 100, 'B+');
INSERT INTO exam_results (student_id, exam_schedule_id, marks_obtained, max_marks, grade) VALUES (179, 12, 82, 100, 'A+');
INSERT INTO exam_results (student_id, exam_schedule_id, marks_obtained, max_marks, grade) VALUES (180, 9, 63, 100, 'B+');
INSERT INTO exam_results (student_id, exam_schedule_id, marks_obtained, max_marks, grade) VALUES (180, 10, 61, 100, 'B+');
INSERT INTO exam_results (student_id, exam_schedule_id, marks_obtained, max_marks, grade) VALUES (180, 11, 84, 100, 'A+');
INSERT INTO exam_results (student_id, exam_schedule_id, marks_obtained, max_marks, grade) VALUES (180, 12, 57, 100, 'B');
INSERT INTO exam_results (student_id, exam_schedule_id, marks_obtained, max_marks, grade) VALUES (181, 9, 55, 100, 'B');
INSERT INTO exam_results (student_id, exam_schedule_id, marks_obtained, max_marks, grade) VALUES (181, 10, 56, 100, 'B');
INSERT INTO exam_results (student_id, exam_schedule_id, marks_obtained, max_marks, grade) VALUES (181, 11, 79, 100, 'A+');
INSERT INTO exam_results (student_id, exam_schedule_id, marks_obtained, max_marks, grade) VALUES (181, 12, 58, 100, 'B');
INSERT INTO exam_results (student_id, exam_schedule_id, marks_obtained, max_marks, grade) VALUES (181, 13, 46, 100, 'C');
INSERT INTO exam_results (student_id, exam_schedule_id, marks_obtained, max_marks, grade) VALUES (181, 14, 64, 100, 'B+');
INSERT INTO exam_results (student_id, exam_schedule_id, marks_obtained, max_marks, grade) VALUES (181, 15, 98, 100, 'O');
INSERT INTO exam_results (student_id, exam_schedule_id, marks_obtained, max_marks, grade) VALUES (181, 16, 66, 100, 'B+');
INSERT INTO exam_results (student_id, exam_schedule_id, marks_obtained, max_marks, grade) VALUES (182, 9, 73, 100, 'A');
INSERT INTO exam_results (student_id, exam_schedule_id, marks_obtained, max_marks, grade) VALUES (182, 10, 62, 100, 'B+');
INSERT INTO exam_results (student_id, exam_schedule_id, marks_obtained, max_marks, grade) VALUES (182, 11, 52, 100, 'B');
INSERT INTO exam_results (student_id, exam_schedule_id, marks_obtained, max_marks, grade) VALUES (182, 12, 67, 100, 'B+');
INSERT INTO exam_results (student_id, exam_schedule_id, marks_obtained, max_marks, grade) VALUES (182, 13, 75, 100, 'A');
INSERT INTO exam_results (student_id, exam_schedule_id, marks_obtained, max_marks, grade) VALUES (182, 14, 71, 100, 'A');
INSERT INTO exam_results (student_id, exam_schedule_id, marks_obtained, max_marks, grade) VALUES (182, 15, 67, 100, 'B+');
INSERT INTO exam_results (student_id, exam_schedule_id, marks_obtained, max_marks, grade) VALUES (182, 16, 52, 100, 'B');
INSERT INTO exam_results (student_id, exam_schedule_id, marks_obtained, max_marks, grade) VALUES (183, 9, 71, 100, 'A');
INSERT INTO exam_results (student_id, exam_schedule_id, marks_obtained, max_marks, grade) VALUES (183, 10, 77, 100, 'A');
INSERT INTO exam_results (student_id, exam_schedule_id, marks_obtained, max_marks, grade) VALUES (183, 11, 58, 100, 'B');
INSERT INTO exam_results (student_id, exam_schedule_id, marks_obtained, max_marks, grade) VALUES (183, 12, 71, 100, 'A');
INSERT INTO exam_results (student_id, exam_schedule_id, marks_obtained, max_marks, grade) VALUES (183, 13, 66, 100, 'B+');
INSERT INTO exam_results (student_id, exam_schedule_id, marks_obtained, max_marks, grade) VALUES (183, 14, 57, 100, 'B');
INSERT INTO exam_results (student_id, exam_schedule_id, marks_obtained, max_marks, grade) VALUES (183, 15, 57, 100, 'B');
INSERT INTO exam_results (student_id, exam_schedule_id, marks_obtained, max_marks, grade) VALUES (183, 16, 72, 100, 'A');
INSERT INTO exam_results (student_id, exam_schedule_id, marks_obtained, max_marks, grade) VALUES (184, 9, 77, 100, 'A');
INSERT INTO exam_results (student_id, exam_schedule_id, marks_obtained, max_marks, grade) VALUES (184, 10, 79, 100, 'A+');
INSERT INTO exam_results (student_id, exam_schedule_id, marks_obtained, max_marks, grade) VALUES (184, 11, 54, 100, 'B');
INSERT INTO exam_results (student_id, exam_schedule_id, marks_obtained, max_marks, grade) VALUES (184, 12, 93, 100, 'O');
INSERT INTO exam_results (student_id, exam_schedule_id, marks_obtained, max_marks, grade) VALUES (184, 13, 70, 100, 'A');
INSERT INTO exam_results (student_id, exam_schedule_id, marks_obtained, max_marks, grade) VALUES (184, 14, 70, 100, 'A');
INSERT INTO exam_results (student_id, exam_schedule_id, marks_obtained, max_marks, grade) VALUES (184, 15, 65, 100, 'B+');
INSERT INTO exam_results (student_id, exam_schedule_id, marks_obtained, max_marks, grade) VALUES (184, 16, 69, 100, 'B+');
INSERT INTO exam_results (student_id, exam_schedule_id, marks_obtained, max_marks, grade) VALUES (185, 9, 70, 100, 'A');
INSERT INTO exam_results (student_id, exam_schedule_id, marks_obtained, max_marks, grade) VALUES (185, 10, 60, 100, 'B+');
INSERT INTO exam_results (student_id, exam_schedule_id, marks_obtained, max_marks, grade) VALUES (185, 11, 97, 100, 'O');
INSERT INTO exam_results (student_id, exam_schedule_id, marks_obtained, max_marks, grade) VALUES (185, 12, 66, 100, 'B+');
INSERT INTO exam_results (student_id, exam_schedule_id, marks_obtained, max_marks, grade) VALUES (185, 13, 68, 100, 'B+');
INSERT INTO exam_results (student_id, exam_schedule_id, marks_obtained, max_marks, grade) VALUES (185, 14, 74, 100, 'A');
INSERT INTO exam_results (student_id, exam_schedule_id, marks_obtained, max_marks, grade) VALUES (185, 15, 46, 100, 'C');
INSERT INTO exam_results (student_id, exam_schedule_id, marks_obtained, max_marks, grade) VALUES (185, 16, 91, 100, 'O');
INSERT INTO exam_results (student_id, exam_schedule_id, marks_obtained, max_marks, grade) VALUES (186, 9, 47, 100, 'C');
INSERT INTO exam_results (student_id, exam_schedule_id, marks_obtained, max_marks, grade) VALUES (186, 10, 47, 100, 'C');
INSERT INTO exam_results (student_id, exam_schedule_id, marks_obtained, max_marks, grade) VALUES (186, 11, 89, 100, 'O');
INSERT INTO exam_results (student_id, exam_schedule_id, marks_obtained, max_marks, grade) VALUES (186, 12, 81, 100, 'A+');
INSERT INTO exam_results (student_id, exam_schedule_id, marks_obtained, max_marks, grade) VALUES (186, 13, 78, 100, 'A');
INSERT INTO exam_results (student_id, exam_schedule_id, marks_obtained, max_marks, grade) VALUES (186, 14, 55, 100, 'B');
INSERT INTO exam_results (student_id, exam_schedule_id, marks_obtained, max_marks, grade) VALUES (186, 15, 93, 100, 'O');
INSERT INTO exam_results (student_id, exam_schedule_id, marks_obtained, max_marks, grade) VALUES (186, 16, 54, 100, 'B');
INSERT INTO exam_results (student_id, exam_schedule_id, marks_obtained, max_marks, grade) VALUES (187, 9, 48, 100, 'C');
INSERT INTO exam_results (student_id, exam_schedule_id, marks_obtained, max_marks, grade) VALUES (187, 10, 53, 100, 'B');
INSERT INTO exam_results (student_id, exam_schedule_id, marks_obtained, max_marks, grade) VALUES (187, 11, 94, 100, 'O');
INSERT INTO exam_results (student_id, exam_schedule_id, marks_obtained, max_marks, grade) VALUES (187, 12, 59, 100, 'B');
INSERT INTO exam_results (student_id, exam_schedule_id, marks_obtained, max_marks, grade) VALUES (187, 13, 49, 100, 'C');
INSERT INTO exam_results (student_id, exam_schedule_id, marks_obtained, max_marks, grade) VALUES (187, 14, 78, 100, 'A');
INSERT INTO exam_results (student_id, exam_schedule_id, marks_obtained, max_marks, grade) VALUES (187, 15, 51, 100, 'B');
INSERT INTO exam_results (student_id, exam_schedule_id, marks_obtained, max_marks, grade) VALUES (187, 16, 89, 100, 'O');
INSERT INTO exam_results (student_id, exam_schedule_id, marks_obtained, max_marks, grade) VALUES (188, 9, 67, 100, 'B+');
INSERT INTO exam_results (student_id, exam_schedule_id, marks_obtained, max_marks, grade) VALUES (188, 10, 60, 100, 'B+');
INSERT INTO exam_results (student_id, exam_schedule_id, marks_obtained, max_marks, grade) VALUES (188, 11, 92, 100, 'O');
INSERT INTO exam_results (student_id, exam_schedule_id, marks_obtained, max_marks, grade) VALUES (188, 12, 96, 100, 'O');
INSERT INTO exam_results (student_id, exam_schedule_id, marks_obtained, max_marks, grade) VALUES (188, 13, 65, 100, 'B+');
INSERT INTO exam_results (student_id, exam_schedule_id, marks_obtained, max_marks, grade) VALUES (188, 14, 45, 100, 'C');
INSERT INTO exam_results (student_id, exam_schedule_id, marks_obtained, max_marks, grade) VALUES (188, 15, 67, 100, 'B+');
INSERT INTO exam_results (student_id, exam_schedule_id, marks_obtained, max_marks, grade) VALUES (188, 16, 48, 100, 'C');
INSERT INTO exam_results (student_id, exam_schedule_id, marks_obtained, max_marks, grade) VALUES (189, 9, 59, 100, 'B');
INSERT INTO exam_results (student_id, exam_schedule_id, marks_obtained, max_marks, grade) VALUES (189, 10, 52, 100, 'B');
INSERT INTO exam_results (student_id, exam_schedule_id, marks_obtained, max_marks, grade) VALUES (189, 11, 72, 100, 'A');
INSERT INTO exam_results (student_id, exam_schedule_id, marks_obtained, max_marks, grade) VALUES (189, 12, 76, 100, 'A');
INSERT INTO exam_results (student_id, exam_schedule_id, marks_obtained, max_marks, grade) VALUES (189, 13, 76, 100, 'A');
INSERT INTO exam_results (student_id, exam_schedule_id, marks_obtained, max_marks, grade) VALUES (189, 14, 77, 100, 'A');
INSERT INTO exam_results (student_id, exam_schedule_id, marks_obtained, max_marks, grade) VALUES (189, 15, 69, 100, 'B+');
INSERT INTO exam_results (student_id, exam_schedule_id, marks_obtained, max_marks, grade) VALUES (189, 16, 55, 100, 'B');
INSERT INTO exam_results (student_id, exam_schedule_id, marks_obtained, max_marks, grade) VALUES (190, 9, 66, 100, 'B+');
INSERT INTO exam_results (student_id, exam_schedule_id, marks_obtained, max_marks, grade) VALUES (190, 10, 98, 100, 'O');
INSERT INTO exam_results (student_id, exam_schedule_id, marks_obtained, max_marks, grade) VALUES (190, 11, 59, 100, 'B');
INSERT INTO exam_results (student_id, exam_schedule_id, marks_obtained, max_marks, grade) VALUES (190, 12, 49, 100, 'C');
INSERT INTO exam_results (student_id, exam_schedule_id, marks_obtained, max_marks, grade) VALUES (190, 13, 69, 100, 'B+');
INSERT INTO exam_results (student_id, exam_schedule_id, marks_obtained, max_marks, grade) VALUES (190, 14, 63, 100, 'B+');
INSERT INTO exam_results (student_id, exam_schedule_id, marks_obtained, max_marks, grade) VALUES (190, 15, 58, 100, 'B');
INSERT INTO exam_results (student_id, exam_schedule_id, marks_obtained, max_marks, grade) VALUES (190, 16, 48, 100, 'C');
INSERT INTO exam_results (student_id, exam_schedule_id, marks_obtained, max_marks, grade) VALUES (191, 9, 93, 100, 'O');
INSERT INTO exam_results (student_id, exam_schedule_id, marks_obtained, max_marks, grade) VALUES (191, 10, 70, 100, 'A');
INSERT INTO exam_results (student_id, exam_schedule_id, marks_obtained, max_marks, grade) VALUES (191, 11, 51, 100, 'B');
INSERT INTO exam_results (student_id, exam_schedule_id, marks_obtained, max_marks, grade) VALUES (191, 12, 82, 100, 'A+');
INSERT INTO exam_results (student_id, exam_schedule_id, marks_obtained, max_marks, grade) VALUES (191, 13, 81, 100, 'A+');
INSERT INTO exam_results (student_id, exam_schedule_id, marks_obtained, max_marks, grade) VALUES (191, 14, 79, 100, 'A+');
INSERT INTO exam_results (student_id, exam_schedule_id, marks_obtained, max_marks, grade) VALUES (191, 15, 77, 100, 'A');
INSERT INTO exam_results (student_id, exam_schedule_id, marks_obtained, max_marks, grade) VALUES (191, 16, 72, 100, 'A');
INSERT INTO exam_results (student_id, exam_schedule_id, marks_obtained, max_marks, grade) VALUES (192, 9, 62, 100, 'B+');
INSERT INTO exam_results (student_id, exam_schedule_id, marks_obtained, max_marks, grade) VALUES (192, 10, 53, 100, 'B');
INSERT INTO exam_results (student_id, exam_schedule_id, marks_obtained, max_marks, grade) VALUES (192, 11, 46, 100, 'C');
INSERT INTO exam_results (student_id, exam_schedule_id, marks_obtained, max_marks, grade) VALUES (192, 12, 87, 100, 'A+');
INSERT INTO exam_results (student_id, exam_schedule_id, marks_obtained, max_marks, grade) VALUES (192, 13, 90, 100, 'O');
INSERT INTO exam_results (student_id, exam_schedule_id, marks_obtained, max_marks, grade) VALUES (192, 14, 57, 100, 'B');
INSERT INTO exam_results (student_id, exam_schedule_id, marks_obtained, max_marks, grade) VALUES (192, 15, 65, 100, 'B+');
INSERT INTO exam_results (student_id, exam_schedule_id, marks_obtained, max_marks, grade) VALUES (192, 16, 55, 100, 'B');
INSERT INTO exam_results (student_id, exam_schedule_id, marks_obtained, max_marks, grade) VALUES (195, 17, 95, 100, 'O');
INSERT INTO exam_results (student_id, exam_schedule_id, marks_obtained, max_marks, grade) VALUES (195, 18, 80, 100, 'A+');
INSERT INTO exam_results (student_id, exam_schedule_id, marks_obtained, max_marks, grade) VALUES (195, 19, 71, 100, 'A');
INSERT INTO exam_results (student_id, exam_schedule_id, marks_obtained, max_marks, grade) VALUES (195, 20, 78, 100, 'A');
INSERT INTO exam_results (student_id, exam_schedule_id, marks_obtained, max_marks, grade) VALUES (196, 17, 85, 100, 'A+');
INSERT INTO exam_results (student_id, exam_schedule_id, marks_obtained, max_marks, grade) VALUES (196, 18, 51, 100, 'B');
INSERT INTO exam_results (student_id, exam_schedule_id, marks_obtained, max_marks, grade) VALUES (196, 19, 57, 100, 'B');
INSERT INTO exam_results (student_id, exam_schedule_id, marks_obtained, max_marks, grade) VALUES (196, 20, 52, 100, 'B');
INSERT INTO exam_results (student_id, exam_schedule_id, marks_obtained, max_marks, grade) VALUES (197, 17, 78, 100, 'A');
INSERT INTO exam_results (student_id, exam_schedule_id, marks_obtained, max_marks, grade) VALUES (197, 18, 79, 100, 'A+');
INSERT INTO exam_results (student_id, exam_schedule_id, marks_obtained, max_marks, grade) VALUES (197, 19, 92, 100, 'O');
INSERT INTO exam_results (student_id, exam_schedule_id, marks_obtained, max_marks, grade) VALUES (197, 20, 52, 100, 'B');
INSERT INTO exam_results (student_id, exam_schedule_id, marks_obtained, max_marks, grade) VALUES (197, 21, 62, 100, 'B+');
INSERT INTO exam_results (student_id, exam_schedule_id, marks_obtained, max_marks, grade) VALUES (197, 22, 71, 100, 'A');
INSERT INTO exam_results (student_id, exam_schedule_id, marks_obtained, max_marks, grade) VALUES (197, 23, 94, 100, 'O');
INSERT INTO exam_results (student_id, exam_schedule_id, marks_obtained, max_marks, grade) VALUES (197, 24, 63, 100, 'B+');
INSERT INTO exam_results (student_id, exam_schedule_id, marks_obtained, max_marks, grade) VALUES (198, 17, 73, 100, 'A');
INSERT INTO exam_results (student_id, exam_schedule_id, marks_obtained, max_marks, grade) VALUES (198, 18, 74, 100, 'A');
INSERT INTO exam_results (student_id, exam_schedule_id, marks_obtained, max_marks, grade) VALUES (198, 19, 77, 100, 'A');
INSERT INTO exam_results (student_id, exam_schedule_id, marks_obtained, max_marks, grade) VALUES (198, 20, 65, 100, 'B+');
INSERT INTO exam_results (student_id, exam_schedule_id, marks_obtained, max_marks, grade) VALUES (198, 21, 82, 100, 'A+');
INSERT INTO exam_results (student_id, exam_schedule_id, marks_obtained, max_marks, grade) VALUES (198, 22, 89, 100, 'O');
INSERT INTO exam_results (student_id, exam_schedule_id, marks_obtained, max_marks, grade) VALUES (198, 23, 79, 100, 'A+');
INSERT INTO exam_results (student_id, exam_schedule_id, marks_obtained, max_marks, grade) VALUES (198, 24, 71, 100, 'A');
INSERT INTO exam_results (student_id, exam_schedule_id, marks_obtained, max_marks, grade) VALUES (199, 17, 58, 100, 'B');
INSERT INTO exam_results (student_id, exam_schedule_id, marks_obtained, max_marks, grade) VALUES (199, 18, 88, 100, 'A+');
INSERT INTO exam_results (student_id, exam_schedule_id, marks_obtained, max_marks, grade) VALUES (199, 19, 51, 100, 'B');
INSERT INTO exam_results (student_id, exam_schedule_id, marks_obtained, max_marks, grade) VALUES (199, 20, 53, 100, 'B');
INSERT INTO exam_results (student_id, exam_schedule_id, marks_obtained, max_marks, grade) VALUES (199, 21, 68, 100, 'B+');
INSERT INTO exam_results (student_id, exam_schedule_id, marks_obtained, max_marks, grade) VALUES (199, 22, 47, 100, 'C');
INSERT INTO exam_results (student_id, exam_schedule_id, marks_obtained, max_marks, grade) VALUES (199, 23, 86, 100, 'A+');
INSERT INTO exam_results (student_id, exam_schedule_id, marks_obtained, max_marks, grade) VALUES (199, 24, 91, 100, 'O');
INSERT INTO exam_results (student_id, exam_schedule_id, marks_obtained, max_marks, grade) VALUES (200, 17, 47, 100, 'C');
INSERT INTO exam_results (student_id, exam_schedule_id, marks_obtained, max_marks, grade) VALUES (200, 18, 84, 100, 'A+');
INSERT INTO exam_results (student_id, exam_schedule_id, marks_obtained, max_marks, grade) VALUES (200, 19, 49, 100, 'C');
INSERT INTO exam_results (student_id, exam_schedule_id, marks_obtained, max_marks, grade) VALUES (200, 20, 66, 100, 'B+');
INSERT INTO exam_results (student_id, exam_schedule_id, marks_obtained, max_marks, grade) VALUES (200, 21, 78, 100, 'A');
INSERT INTO exam_results (student_id, exam_schedule_id, marks_obtained, max_marks, grade) VALUES (200, 22, 93, 100, 'O');
INSERT INTO exam_results (student_id, exam_schedule_id, marks_obtained, max_marks, grade) VALUES (200, 23, 91, 100, 'O');
INSERT INTO exam_results (student_id, exam_schedule_id, marks_obtained, max_marks, grade) VALUES (200, 24, 81, 100, 'A+');
INSERT INTO exam_results (student_id, exam_schedule_id, marks_obtained, max_marks, grade) VALUES (201, 17, 91, 100, 'O');
INSERT INTO exam_results (student_id, exam_schedule_id, marks_obtained, max_marks, grade) VALUES (201, 18, 61, 100, 'B+');
INSERT INTO exam_results (student_id, exam_schedule_id, marks_obtained, max_marks, grade) VALUES (201, 19, 61, 100, 'B+');
INSERT INTO exam_results (student_id, exam_schedule_id, marks_obtained, max_marks, grade) VALUES (201, 20, 97, 100, 'O');
INSERT INTO exam_results (student_id, exam_schedule_id, marks_obtained, max_marks, grade) VALUES (201, 21, 87, 100, 'A+');
INSERT INTO exam_results (student_id, exam_schedule_id, marks_obtained, max_marks, grade) VALUES (201, 22, 97, 100, 'O');
INSERT INTO exam_results (student_id, exam_schedule_id, marks_obtained, max_marks, grade) VALUES (201, 23, 97, 100, 'O');
INSERT INTO exam_results (student_id, exam_schedule_id, marks_obtained, max_marks, grade) VALUES (201, 24, 83, 100, 'A+');
INSERT INTO exam_results (student_id, exam_schedule_id, marks_obtained, max_marks, grade) VALUES (202, 17, 63, 100, 'B+');
INSERT INTO exam_results (student_id, exam_schedule_id, marks_obtained, max_marks, grade) VALUES (202, 18, 50, 100, 'B');
INSERT INTO exam_results (student_id, exam_schedule_id, marks_obtained, max_marks, grade) VALUES (202, 19, 53, 100, 'B');
INSERT INTO exam_results (student_id, exam_schedule_id, marks_obtained, max_marks, grade) VALUES (202, 20, 55, 100, 'B');
INSERT INTO exam_results (student_id, exam_schedule_id, marks_obtained, max_marks, grade) VALUES (202, 21, 89, 100, 'O');
INSERT INTO exam_results (student_id, exam_schedule_id, marks_obtained, max_marks, grade) VALUES (202, 22, 84, 100, 'A+');
INSERT INTO exam_results (student_id, exam_schedule_id, marks_obtained, max_marks, grade) VALUES (202, 23, 93, 100, 'O');
INSERT INTO exam_results (student_id, exam_schedule_id, marks_obtained, max_marks, grade) VALUES (202, 24, 57, 100, 'B');
INSERT INTO exam_results (student_id, exam_schedule_id, marks_obtained, max_marks, grade) VALUES (203, 17, 91, 100, 'O');
INSERT INTO exam_results (student_id, exam_schedule_id, marks_obtained, max_marks, grade) VALUES (203, 18, 51, 100, 'B');
INSERT INTO exam_results (student_id, exam_schedule_id, marks_obtained, max_marks, grade) VALUES (203, 19, 70, 100, 'A');
INSERT INTO exam_results (student_id, exam_schedule_id, marks_obtained, max_marks, grade) VALUES (203, 20, 92, 100, 'O');
INSERT INTO exam_results (student_id, exam_schedule_id, marks_obtained, max_marks, grade) VALUES (203, 21, 93, 100, 'O');
INSERT INTO exam_results (student_id, exam_schedule_id, marks_obtained, max_marks, grade) VALUES (203, 22, 95, 100, 'O');
INSERT INTO exam_results (student_id, exam_schedule_id, marks_obtained, max_marks, grade) VALUES (203, 23, 45, 100, 'C');
INSERT INTO exam_results (student_id, exam_schedule_id, marks_obtained, max_marks, grade) VALUES (203, 24, 56, 100, 'B');
INSERT INTO exam_results (student_id, exam_schedule_id, marks_obtained, max_marks, grade) VALUES (204, 17, 93, 100, 'O');
INSERT INTO exam_results (student_id, exam_schedule_id, marks_obtained, max_marks, grade) VALUES (204, 18, 73, 100, 'A');
INSERT INTO exam_results (student_id, exam_schedule_id, marks_obtained, max_marks, grade) VALUES (204, 19, 85, 100, 'A+');
INSERT INTO exam_results (student_id, exam_schedule_id, marks_obtained, max_marks, grade) VALUES (204, 20, 97, 100, 'O');
INSERT INTO exam_results (student_id, exam_schedule_id, marks_obtained, max_marks, grade) VALUES (204, 21, 96, 100, 'O');
INSERT INTO exam_results (student_id, exam_schedule_id, marks_obtained, max_marks, grade) VALUES (204, 22, 56, 100, 'B');
INSERT INTO exam_results (student_id, exam_schedule_id, marks_obtained, max_marks, grade) VALUES (204, 23, 70, 100, 'A');
INSERT INTO exam_results (student_id, exam_schedule_id, marks_obtained, max_marks, grade) VALUES (204, 24, 83, 100, 'A+');
INSERT INTO exam_results (student_id, exam_schedule_id, marks_obtained, max_marks, grade) VALUES (205, 17, 62, 100, 'B+');
INSERT INTO exam_results (student_id, exam_schedule_id, marks_obtained, max_marks, grade) VALUES (205, 18, 69, 100, 'B+');
INSERT INTO exam_results (student_id, exam_schedule_id, marks_obtained, max_marks, grade) VALUES (205, 19, 60, 100, 'B+');
INSERT INTO exam_results (student_id, exam_schedule_id, marks_obtained, max_marks, grade) VALUES (205, 20, 91, 100, 'O');
INSERT INTO exam_results (student_id, exam_schedule_id, marks_obtained, max_marks, grade) VALUES (205, 21, 55, 100, 'B');
INSERT INTO exam_results (student_id, exam_schedule_id, marks_obtained, max_marks, grade) VALUES (205, 22, 51, 100, 'B');
INSERT INTO exam_results (student_id, exam_schedule_id, marks_obtained, max_marks, grade) VALUES (205, 23, 98, 100, 'O');
INSERT INTO exam_results (student_id, exam_schedule_id, marks_obtained, max_marks, grade) VALUES (205, 24, 73, 100, 'A');
INSERT INTO exam_results (student_id, exam_schedule_id, marks_obtained, max_marks, grade) VALUES (206, 17, 66, 100, 'B+');
INSERT INTO exam_results (student_id, exam_schedule_id, marks_obtained, max_marks, grade) VALUES (206, 18, 68, 100, 'B+');
INSERT INTO exam_results (student_id, exam_schedule_id, marks_obtained, max_marks, grade) VALUES (206, 19, 50, 100, 'B');
INSERT INTO exam_results (student_id, exam_schedule_id, marks_obtained, max_marks, grade) VALUES (206, 20, 91, 100, 'O');
INSERT INTO exam_results (student_id, exam_schedule_id, marks_obtained, max_marks, grade) VALUES (206, 21, 66, 100, 'B+');
INSERT INTO exam_results (student_id, exam_schedule_id, marks_obtained, max_marks, grade) VALUES (206, 22, 71, 100, 'A');
INSERT INTO exam_results (student_id, exam_schedule_id, marks_obtained, max_marks, grade) VALUES (206, 23, 45, 100, 'C');
INSERT INTO exam_results (student_id, exam_schedule_id, marks_obtained, max_marks, grade) VALUES (206, 24, 68, 100, 'B+');
INSERT INTO exam_results (student_id, exam_schedule_id, marks_obtained, max_marks, grade) VALUES (207, 17, 89, 100, 'O');
INSERT INTO exam_results (student_id, exam_schedule_id, marks_obtained, max_marks, grade) VALUES (207, 18, 79, 100, 'A+');
INSERT INTO exam_results (student_id, exam_schedule_id, marks_obtained, max_marks, grade) VALUES (207, 19, 73, 100, 'A');
INSERT INTO exam_results (student_id, exam_schedule_id, marks_obtained, max_marks, grade) VALUES (207, 20, 72, 100, 'A');
INSERT INTO exam_results (student_id, exam_schedule_id, marks_obtained, max_marks, grade) VALUES (207, 21, 75, 100, 'A');
INSERT INTO exam_results (student_id, exam_schedule_id, marks_obtained, max_marks, grade) VALUES (207, 22, 65, 100, 'B+');
INSERT INTO exam_results (student_id, exam_schedule_id, marks_obtained, max_marks, grade) VALUES (207, 23, 85, 100, 'A+');
INSERT INTO exam_results (student_id, exam_schedule_id, marks_obtained, max_marks, grade) VALUES (207, 24, 53, 100, 'B');
INSERT INTO exam_results (student_id, exam_schedule_id, marks_obtained, max_marks, grade) VALUES (208, 17, 91, 100, 'O');
INSERT INTO exam_results (student_id, exam_schedule_id, marks_obtained, max_marks, grade) VALUES (208, 18, 82, 100, 'A+');
INSERT INTO exam_results (student_id, exam_schedule_id, marks_obtained, max_marks, grade) VALUES (208, 19, 92, 100, 'O');
INSERT INTO exam_results (student_id, exam_schedule_id, marks_obtained, max_marks, grade) VALUES (208, 20, 70, 100, 'A');
INSERT INTO exam_results (student_id, exam_schedule_id, marks_obtained, max_marks, grade) VALUES (208, 21, 74, 100, 'A');
INSERT INTO exam_results (student_id, exam_schedule_id, marks_obtained, max_marks, grade) VALUES (208, 22, 50, 100, 'B');
INSERT INTO exam_results (student_id, exam_schedule_id, marks_obtained, max_marks, grade) VALUES (208, 23, 78, 100, 'A');
INSERT INTO exam_results (student_id, exam_schedule_id, marks_obtained, max_marks, grade) VALUES (208, 24, 46, 100, 'C');
INSERT INTO exam_results (student_id, exam_schedule_id, marks_obtained, max_marks, grade) VALUES (211, 25, 57, 100, 'B');
INSERT INTO exam_results (student_id, exam_schedule_id, marks_obtained, max_marks, grade) VALUES (211, 26, 47, 100, 'C');
INSERT INTO exam_results (student_id, exam_schedule_id, marks_obtained, max_marks, grade) VALUES (211, 27, 67, 100, 'B+');
INSERT INTO exam_results (student_id, exam_schedule_id, marks_obtained, max_marks, grade) VALUES (211, 28, 68, 100, 'B+');
INSERT INTO exam_results (student_id, exam_schedule_id, marks_obtained, max_marks, grade) VALUES (212, 25, 58, 100, 'B');
INSERT INTO exam_results (student_id, exam_schedule_id, marks_obtained, max_marks, grade) VALUES (212, 26, 47, 100, 'C');
INSERT INTO exam_results (student_id, exam_schedule_id, marks_obtained, max_marks, grade) VALUES (212, 27, 62, 100, 'B+');
INSERT INTO exam_results (student_id, exam_schedule_id, marks_obtained, max_marks, grade) VALUES (212, 28, 91, 100, 'O');
INSERT INTO exam_results (student_id, exam_schedule_id, marks_obtained, max_marks, grade) VALUES (213, 25, 67, 100, 'B+');
INSERT INTO exam_results (student_id, exam_schedule_id, marks_obtained, max_marks, grade) VALUES (213, 26, 53, 100, 'B');
INSERT INTO exam_results (student_id, exam_schedule_id, marks_obtained, max_marks, grade) VALUES (213, 27, 95, 100, 'O');
INSERT INTO exam_results (student_id, exam_schedule_id, marks_obtained, max_marks, grade) VALUES (213, 28, 73, 100, 'A');
INSERT INTO exam_results (student_id, exam_schedule_id, marks_obtained, max_marks, grade) VALUES (213, 29, 77, 100, 'A');
INSERT INTO exam_results (student_id, exam_schedule_id, marks_obtained, max_marks, grade) VALUES (213, 30, 86, 100, 'A+');
INSERT INTO exam_results (student_id, exam_schedule_id, marks_obtained, max_marks, grade) VALUES (213, 31, 85, 100, 'A+');
INSERT INTO exam_results (student_id, exam_schedule_id, marks_obtained, max_marks, grade) VALUES (213, 32, 82, 100, 'A+');
INSERT INTO exam_results (student_id, exam_schedule_id, marks_obtained, max_marks, grade) VALUES (214, 25, 81, 100, 'A+');
INSERT INTO exam_results (student_id, exam_schedule_id, marks_obtained, max_marks, grade) VALUES (214, 26, 57, 100, 'B');
INSERT INTO exam_results (student_id, exam_schedule_id, marks_obtained, max_marks, grade) VALUES (214, 27, 90, 100, 'O');
INSERT INTO exam_results (student_id, exam_schedule_id, marks_obtained, max_marks, grade) VALUES (214, 28, 62, 100, 'B+');
INSERT INTO exam_results (student_id, exam_schedule_id, marks_obtained, max_marks, grade) VALUES (214, 29, 78, 100, 'A');
INSERT INTO exam_results (student_id, exam_schedule_id, marks_obtained, max_marks, grade) VALUES (214, 30, 67, 100, 'B+');
INSERT INTO exam_results (student_id, exam_schedule_id, marks_obtained, max_marks, grade) VALUES (214, 31, 46, 100, 'C');
INSERT INTO exam_results (student_id, exam_schedule_id, marks_obtained, max_marks, grade) VALUES (214, 32, 80, 100, 'A+');
INSERT INTO exam_results (student_id, exam_schedule_id, marks_obtained, max_marks, grade) VALUES (215, 25, 71, 100, 'A');
INSERT INTO exam_results (student_id, exam_schedule_id, marks_obtained, max_marks, grade) VALUES (215, 26, 81, 100, 'A+');
INSERT INTO exam_results (student_id, exam_schedule_id, marks_obtained, max_marks, grade) VALUES (215, 27, 70, 100, 'A');
INSERT INTO exam_results (student_id, exam_schedule_id, marks_obtained, max_marks, grade) VALUES (215, 28, 80, 100, 'A+');
INSERT INTO exam_results (student_id, exam_schedule_id, marks_obtained, max_marks, grade) VALUES (215, 29, 78, 100, 'A');
INSERT INTO exam_results (student_id, exam_schedule_id, marks_obtained, max_marks, grade) VALUES (215, 30, 49, 100, 'C');
INSERT INTO exam_results (student_id, exam_schedule_id, marks_obtained, max_marks, grade) VALUES (215, 31, 67, 100, 'B+');
INSERT INTO exam_results (student_id, exam_schedule_id, marks_obtained, max_marks, grade) VALUES (215, 32, 82, 100, 'A+');
INSERT INTO exam_results (student_id, exam_schedule_id, marks_obtained, max_marks, grade) VALUES (216, 25, 90, 100, 'O');
INSERT INTO exam_results (student_id, exam_schedule_id, marks_obtained, max_marks, grade) VALUES (216, 26, 53, 100, 'B');
INSERT INTO exam_results (student_id, exam_schedule_id, marks_obtained, max_marks, grade) VALUES (216, 27, 86, 100, 'A+');
INSERT INTO exam_results (student_id, exam_schedule_id, marks_obtained, max_marks, grade) VALUES (216, 28, 56, 100, 'B');
INSERT INTO exam_results (student_id, exam_schedule_id, marks_obtained, max_marks, grade) VALUES (216, 29, 95, 100, 'O');
INSERT INTO exam_results (student_id, exam_schedule_id, marks_obtained, max_marks, grade) VALUES (216, 30, 68, 100, 'B+');
INSERT INTO exam_results (student_id, exam_schedule_id, marks_obtained, max_marks, grade) VALUES (216, 31, 75, 100, 'A');
INSERT INTO exam_results (student_id, exam_schedule_id, marks_obtained, max_marks, grade) VALUES (216, 32, 53, 100, 'B');
INSERT INTO exam_results (student_id, exam_schedule_id, marks_obtained, max_marks, grade) VALUES (217, 25, 50, 100, 'B');
INSERT INTO exam_results (student_id, exam_schedule_id, marks_obtained, max_marks, grade) VALUES (217, 26, 68, 100, 'B+');
INSERT INTO exam_results (student_id, exam_schedule_id, marks_obtained, max_marks, grade) VALUES (217, 27, 93, 100, 'O');
INSERT INTO exam_results (student_id, exam_schedule_id, marks_obtained, max_marks, grade) VALUES (217, 28, 74, 100, 'A');
INSERT INTO exam_results (student_id, exam_schedule_id, marks_obtained, max_marks, grade) VALUES (217, 29, 94, 100, 'O');
INSERT INTO exam_results (student_id, exam_schedule_id, marks_obtained, max_marks, grade) VALUES (217, 30, 74, 100, 'A');
INSERT INTO exam_results (student_id, exam_schedule_id, marks_obtained, max_marks, grade) VALUES (217, 31, 51, 100, 'B');
INSERT INTO exam_results (student_id, exam_schedule_id, marks_obtained, max_marks, grade) VALUES (217, 32, 75, 100, 'A');
INSERT INTO exam_results (student_id, exam_schedule_id, marks_obtained, max_marks, grade) VALUES (218, 25, 86, 100, 'A+');
INSERT INTO exam_results (student_id, exam_schedule_id, marks_obtained, max_marks, grade) VALUES (218, 26, 55, 100, 'B');
INSERT INTO exam_results (student_id, exam_schedule_id, marks_obtained, max_marks, grade) VALUES (218, 27, 92, 100, 'O');
INSERT INTO exam_results (student_id, exam_schedule_id, marks_obtained, max_marks, grade) VALUES (218, 28, 47, 100, 'C');
INSERT INTO exam_results (student_id, exam_schedule_id, marks_obtained, max_marks, grade) VALUES (218, 29, 92, 100, 'O');
INSERT INTO exam_results (student_id, exam_schedule_id, marks_obtained, max_marks, grade) VALUES (218, 30, 76, 100, 'A');
INSERT INTO exam_results (student_id, exam_schedule_id, marks_obtained, max_marks, grade) VALUES (218, 31, 71, 100, 'A');
INSERT INTO exam_results (student_id, exam_schedule_id, marks_obtained, max_marks, grade) VALUES (218, 32, 45, 100, 'C');
INSERT INTO exam_results (student_id, exam_schedule_id, marks_obtained, max_marks, grade) VALUES (219, 25, 81, 100, 'A+');
INSERT INTO exam_results (student_id, exam_schedule_id, marks_obtained, max_marks, grade) VALUES (219, 26, 49, 100, 'C');
INSERT INTO exam_results (student_id, exam_schedule_id, marks_obtained, max_marks, grade) VALUES (219, 27, 56, 100, 'B');
INSERT INTO exam_results (student_id, exam_schedule_id, marks_obtained, max_marks, grade) VALUES (219, 28, 74, 100, 'A');
INSERT INTO exam_results (student_id, exam_schedule_id, marks_obtained, max_marks, grade) VALUES (219, 29, 53, 100, 'B');
INSERT INTO exam_results (student_id, exam_schedule_id, marks_obtained, max_marks, grade) VALUES (219, 30, 50, 100, 'B');
INSERT INTO exam_results (student_id, exam_schedule_id, marks_obtained, max_marks, grade) VALUES (219, 31, 73, 100, 'A');
INSERT INTO exam_results (student_id, exam_schedule_id, marks_obtained, max_marks, grade) VALUES (219, 32, 69, 100, 'B+');
INSERT INTO exam_results (student_id, exam_schedule_id, marks_obtained, max_marks, grade) VALUES (220, 25, 52, 100, 'B');
INSERT INTO exam_results (student_id, exam_schedule_id, marks_obtained, max_marks, grade) VALUES (220, 26, 96, 100, 'O');
INSERT INTO exam_results (student_id, exam_schedule_id, marks_obtained, max_marks, grade) VALUES (220, 27, 98, 100, 'O');
INSERT INTO exam_results (student_id, exam_schedule_id, marks_obtained, max_marks, grade) VALUES (220, 28, 60, 100, 'B+');
INSERT INTO exam_results (student_id, exam_schedule_id, marks_obtained, max_marks, grade) VALUES (220, 29, 48, 100, 'C');
INSERT INTO exam_results (student_id, exam_schedule_id, marks_obtained, max_marks, grade) VALUES (220, 30, 74, 100, 'A');
INSERT INTO exam_results (student_id, exam_schedule_id, marks_obtained, max_marks, grade) VALUES (220, 31, 74, 100, 'A');
INSERT INTO exam_results (student_id, exam_schedule_id, marks_obtained, max_marks, grade) VALUES (220, 32, 60, 100, 'B+');
INSERT INTO exam_results (student_id, exam_schedule_id, marks_obtained, max_marks, grade) VALUES (221, 25, 96, 100, 'O');
INSERT INTO exam_results (student_id, exam_schedule_id, marks_obtained, max_marks, grade) VALUES (221, 26, 52, 100, 'B');
INSERT INTO exam_results (student_id, exam_schedule_id, marks_obtained, max_marks, grade) VALUES (221, 27, 58, 100, 'B');
INSERT INTO exam_results (student_id, exam_schedule_id, marks_obtained, max_marks, grade) VALUES (221, 28, 87, 100, 'A+');
INSERT INTO exam_results (student_id, exam_schedule_id, marks_obtained, max_marks, grade) VALUES (221, 29, 86, 100, 'A+');
INSERT INTO exam_results (student_id, exam_schedule_id, marks_obtained, max_marks, grade) VALUES (221, 30, 76, 100, 'A');
INSERT INTO exam_results (student_id, exam_schedule_id, marks_obtained, max_marks, grade) VALUES (221, 31, 90, 100, 'O');
INSERT INTO exam_results (student_id, exam_schedule_id, marks_obtained, max_marks, grade) VALUES (221, 32, 91, 100, 'O');
INSERT INTO exam_results (student_id, exam_schedule_id, marks_obtained, max_marks, grade) VALUES (222, 25, 81, 100, 'A+');
INSERT INTO exam_results (student_id, exam_schedule_id, marks_obtained, max_marks, grade) VALUES (222, 26, 60, 100, 'B+');
INSERT INTO exam_results (student_id, exam_schedule_id, marks_obtained, max_marks, grade) VALUES (222, 27, 60, 100, 'B+');
INSERT INTO exam_results (student_id, exam_schedule_id, marks_obtained, max_marks, grade) VALUES (222, 28, 46, 100, 'C');
INSERT INTO exam_results (student_id, exam_schedule_id, marks_obtained, max_marks, grade) VALUES (222, 29, 48, 100, 'C');
INSERT INTO exam_results (student_id, exam_schedule_id, marks_obtained, max_marks, grade) VALUES (222, 30, 92, 100, 'O');
INSERT INTO exam_results (student_id, exam_schedule_id, marks_obtained, max_marks, grade) VALUES (222, 31, 76, 100, 'A');
INSERT INTO exam_results (student_id, exam_schedule_id, marks_obtained, max_marks, grade) VALUES (222, 32, 66, 100, 'B+');
INSERT INTO exam_results (student_id, exam_schedule_id, marks_obtained, max_marks, grade) VALUES (223, 25, 82, 100, 'A+');
INSERT INTO exam_results (student_id, exam_schedule_id, marks_obtained, max_marks, grade) VALUES (223, 26, 70, 100, 'A');
INSERT INTO exam_results (student_id, exam_schedule_id, marks_obtained, max_marks, grade) VALUES (223, 27, 45, 100, 'C');
INSERT INTO exam_results (student_id, exam_schedule_id, marks_obtained, max_marks, grade) VALUES (223, 28, 81, 100, 'A+');
INSERT INTO exam_results (student_id, exam_schedule_id, marks_obtained, max_marks, grade) VALUES (223, 29, 74, 100, 'A');
INSERT INTO exam_results (student_id, exam_schedule_id, marks_obtained, max_marks, grade) VALUES (223, 30, 59, 100, 'B');
INSERT INTO exam_results (student_id, exam_schedule_id, marks_obtained, max_marks, grade) VALUES (223, 31, 55, 100, 'B');
INSERT INTO exam_results (student_id, exam_schedule_id, marks_obtained, max_marks, grade) VALUES (223, 32, 81, 100, 'A+');
INSERT INTO exam_results (student_id, exam_schedule_id, marks_obtained, max_marks, grade) VALUES (224, 25, 73, 100, 'A');
INSERT INTO exam_results (student_id, exam_schedule_id, marks_obtained, max_marks, grade) VALUES (224, 26, 48, 100, 'C');
INSERT INTO exam_results (student_id, exam_schedule_id, marks_obtained, max_marks, grade) VALUES (224, 27, 55, 100, 'B');
INSERT INTO exam_results (student_id, exam_schedule_id, marks_obtained, max_marks, grade) VALUES (224, 28, 74, 100, 'A');
INSERT INTO exam_results (student_id, exam_schedule_id, marks_obtained, max_marks, grade) VALUES (224, 29, 67, 100, 'B+');
INSERT INTO exam_results (student_id, exam_schedule_id, marks_obtained, max_marks, grade) VALUES (224, 30, 78, 100, 'A');
INSERT INTO exam_results (student_id, exam_schedule_id, marks_obtained, max_marks, grade) VALUES (224, 31, 76, 100, 'A');
INSERT INTO exam_results (student_id, exam_schedule_id, marks_obtained, max_marks, grade) VALUES (224, 32, 49, 100, 'C');
INSERT INTO exam_results (student_id, exam_schedule_id, marks_obtained, max_marks, grade) VALUES (227, 33, 85, 100, 'A+');
INSERT INTO exam_results (student_id, exam_schedule_id, marks_obtained, max_marks, grade) VALUES (227, 34, 85, 100, 'A+');
INSERT INTO exam_results (student_id, exam_schedule_id, marks_obtained, max_marks, grade) VALUES (227, 35, 80, 100, 'A+');
INSERT INTO exam_results (student_id, exam_schedule_id, marks_obtained, max_marks, grade) VALUES (227, 36, 64, 100, 'B+');
INSERT INTO exam_results (student_id, exam_schedule_id, marks_obtained, max_marks, grade) VALUES (228, 33, 92, 100, 'O');
INSERT INTO exam_results (student_id, exam_schedule_id, marks_obtained, max_marks, grade) VALUES (228, 34, 53, 100, 'B');
INSERT INTO exam_results (student_id, exam_schedule_id, marks_obtained, max_marks, grade) VALUES (228, 35, 57, 100, 'B');
INSERT INTO exam_results (student_id, exam_schedule_id, marks_obtained, max_marks, grade) VALUES (228, 36, 49, 100, 'C');
INSERT INTO exam_results (student_id, exam_schedule_id, marks_obtained, max_marks, grade) VALUES (229, 33, 47, 100, 'C');
INSERT INTO exam_results (student_id, exam_schedule_id, marks_obtained, max_marks, grade) VALUES (229, 34, 55, 100, 'B');
INSERT INTO exam_results (student_id, exam_schedule_id, marks_obtained, max_marks, grade) VALUES (229, 35, 91, 100, 'O');
INSERT INTO exam_results (student_id, exam_schedule_id, marks_obtained, max_marks, grade) VALUES (229, 36, 95, 100, 'O');
INSERT INTO exam_results (student_id, exam_schedule_id, marks_obtained, max_marks, grade) VALUES (229, 37, 77, 100, 'A');
INSERT INTO exam_results (student_id, exam_schedule_id, marks_obtained, max_marks, grade) VALUES (229, 38, 65, 100, 'B+');
INSERT INTO exam_results (student_id, exam_schedule_id, marks_obtained, max_marks, grade) VALUES (229, 39, 78, 100, 'A');
INSERT INTO exam_results (student_id, exam_schedule_id, marks_obtained, max_marks, grade) VALUES (229, 40, 89, 100, 'O');
INSERT INTO exam_results (student_id, exam_schedule_id, marks_obtained, max_marks, grade) VALUES (230, 33, 96, 100, 'O');
INSERT INTO exam_results (student_id, exam_schedule_id, marks_obtained, max_marks, grade) VALUES (230, 34, 88, 100, 'A+');
INSERT INTO exam_results (student_id, exam_schedule_id, marks_obtained, max_marks, grade) VALUES (230, 35, 85, 100, 'A+');
INSERT INTO exam_results (student_id, exam_schedule_id, marks_obtained, max_marks, grade) VALUES (230, 36, 93, 100, 'O');
INSERT INTO exam_results (student_id, exam_schedule_id, marks_obtained, max_marks, grade) VALUES (230, 37, 67, 100, 'B+');
INSERT INTO exam_results (student_id, exam_schedule_id, marks_obtained, max_marks, grade) VALUES (230, 38, 93, 100, 'O');
INSERT INTO exam_results (student_id, exam_schedule_id, marks_obtained, max_marks, grade) VALUES (230, 39, 64, 100, 'B+');
INSERT INTO exam_results (student_id, exam_schedule_id, marks_obtained, max_marks, grade) VALUES (230, 40, 47, 100, 'C');
INSERT INTO exam_results (student_id, exam_schedule_id, marks_obtained, max_marks, grade) VALUES (231, 33, 49, 100, 'C');
INSERT INTO exam_results (student_id, exam_schedule_id, marks_obtained, max_marks, grade) VALUES (231, 34, 52, 100, 'B');
INSERT INTO exam_results (student_id, exam_schedule_id, marks_obtained, max_marks, grade) VALUES (231, 35, 56, 100, 'B');
INSERT INTO exam_results (student_id, exam_schedule_id, marks_obtained, max_marks, grade) VALUES (231, 36, 54, 100, 'B');
INSERT INTO exam_results (student_id, exam_schedule_id, marks_obtained, max_marks, grade) VALUES (231, 37, 74, 100, 'A');
INSERT INTO exam_results (student_id, exam_schedule_id, marks_obtained, max_marks, grade) VALUES (231, 38, 76, 100, 'A');
INSERT INTO exam_results (student_id, exam_schedule_id, marks_obtained, max_marks, grade) VALUES (231, 39, 76, 100, 'A');
INSERT INTO exam_results (student_id, exam_schedule_id, marks_obtained, max_marks, grade) VALUES (231, 40, 89, 100, 'O');
INSERT INTO exam_results (student_id, exam_schedule_id, marks_obtained, max_marks, grade) VALUES (232, 33, 45, 100, 'C');
INSERT INTO exam_results (student_id, exam_schedule_id, marks_obtained, max_marks, grade) VALUES (232, 34, 56, 100, 'B');
INSERT INTO exam_results (student_id, exam_schedule_id, marks_obtained, max_marks, grade) VALUES (232, 35, 86, 100, 'A+');
INSERT INTO exam_results (student_id, exam_schedule_id, marks_obtained, max_marks, grade) VALUES (232, 36, 92, 100, 'O');
INSERT INTO exam_results (student_id, exam_schedule_id, marks_obtained, max_marks, grade) VALUES (232, 37, 50, 100, 'B');
INSERT INTO exam_results (student_id, exam_schedule_id, marks_obtained, max_marks, grade) VALUES (232, 38, 67, 100, 'B+');
INSERT INTO exam_results (student_id, exam_schedule_id, marks_obtained, max_marks, grade) VALUES (232, 39, 71, 100, 'A');
INSERT INTO exam_results (student_id, exam_schedule_id, marks_obtained, max_marks, grade) VALUES (232, 40, 98, 100, 'O');
INSERT INTO exam_results (student_id, exam_schedule_id, marks_obtained, max_marks, grade) VALUES (233, 33, 46, 100, 'C');
INSERT INTO exam_results (student_id, exam_schedule_id, marks_obtained, max_marks, grade) VALUES (233, 34, 45, 100, 'C');
INSERT INTO exam_results (student_id, exam_schedule_id, marks_obtained, max_marks, grade) VALUES (233, 35, 51, 100, 'B');
INSERT INTO exam_results (student_id, exam_schedule_id, marks_obtained, max_marks, grade) VALUES (233, 36, 92, 100, 'O');
INSERT INTO exam_results (student_id, exam_schedule_id, marks_obtained, max_marks, grade) VALUES (233, 37, 95, 100, 'O');
INSERT INTO exam_results (student_id, exam_schedule_id, marks_obtained, max_marks, grade) VALUES (233, 38, 83, 100, 'A+');
INSERT INTO exam_results (student_id, exam_schedule_id, marks_obtained, max_marks, grade) VALUES (233, 39, 87, 100, 'A+');
INSERT INTO exam_results (student_id, exam_schedule_id, marks_obtained, max_marks, grade) VALUES (233, 40, 48, 100, 'C');
INSERT INTO exam_results (student_id, exam_schedule_id, marks_obtained, max_marks, grade) VALUES (234, 33, 59, 100, 'B');
INSERT INTO exam_results (student_id, exam_schedule_id, marks_obtained, max_marks, grade) VALUES (234, 34, 68, 100, 'B+');
INSERT INTO exam_results (student_id, exam_schedule_id, marks_obtained, max_marks, grade) VALUES (234, 35, 96, 100, 'O');
INSERT INTO exam_results (student_id, exam_schedule_id, marks_obtained, max_marks, grade) VALUES (234, 36, 89, 100, 'O');
INSERT INTO exam_results (student_id, exam_schedule_id, marks_obtained, max_marks, grade) VALUES (234, 37, 57, 100, 'B');
INSERT INTO exam_results (student_id, exam_schedule_id, marks_obtained, max_marks, grade) VALUES (234, 38, 71, 100, 'A');
INSERT INTO exam_results (student_id, exam_schedule_id, marks_obtained, max_marks, grade) VALUES (234, 39, 76, 100, 'A');
INSERT INTO exam_results (student_id, exam_schedule_id, marks_obtained, max_marks, grade) VALUES (234, 40, 87, 100, 'A+');
INSERT INTO exam_results (student_id, exam_schedule_id, marks_obtained, max_marks, grade) VALUES (235, 33, 48, 100, 'C');
INSERT INTO exam_results (student_id, exam_schedule_id, marks_obtained, max_marks, grade) VALUES (235, 34, 47, 100, 'C');
INSERT INTO exam_results (student_id, exam_schedule_id, marks_obtained, max_marks, grade) VALUES (235, 35, 92, 100, 'O');
INSERT INTO exam_results (student_id, exam_schedule_id, marks_obtained, max_marks, grade) VALUES (235, 36, 79, 100, 'A+');
INSERT INTO exam_results (student_id, exam_schedule_id, marks_obtained, max_marks, grade) VALUES (235, 37, 74, 100, 'A');
INSERT INTO exam_results (student_id, exam_schedule_id, marks_obtained, max_marks, grade) VALUES (235, 38, 62, 100, 'B+');
INSERT INTO exam_results (student_id, exam_schedule_id, marks_obtained, max_marks, grade) VALUES (235, 39, 59, 100, 'B');
INSERT INTO exam_results (student_id, exam_schedule_id, marks_obtained, max_marks, grade) VALUES (235, 40, 68, 100, 'B+');
INSERT INTO exam_results (student_id, exam_schedule_id, marks_obtained, max_marks, grade) VALUES (236, 33, 49, 100, 'C');
INSERT INTO exam_results (student_id, exam_schedule_id, marks_obtained, max_marks, grade) VALUES (236, 34, 51, 100, 'B');
INSERT INTO exam_results (student_id, exam_schedule_id, marks_obtained, max_marks, grade) VALUES (236, 35, 74, 100, 'A');
INSERT INTO exam_results (student_id, exam_schedule_id, marks_obtained, max_marks, grade) VALUES (236, 36, 76, 100, 'A');
INSERT INTO exam_results (student_id, exam_schedule_id, marks_obtained, max_marks, grade) VALUES (236, 37, 68, 100, 'B+');
INSERT INTO exam_results (student_id, exam_schedule_id, marks_obtained, max_marks, grade) VALUES (236, 38, 45, 100, 'C');
INSERT INTO exam_results (student_id, exam_schedule_id, marks_obtained, max_marks, grade) VALUES (236, 39, 86, 100, 'A+');
INSERT INTO exam_results (student_id, exam_schedule_id, marks_obtained, max_marks, grade) VALUES (236, 40, 63, 100, 'B+');
INSERT INTO exam_results (student_id, exam_schedule_id, marks_obtained, max_marks, grade) VALUES (237, 33, 64, 100, 'B+');
INSERT INTO exam_results (student_id, exam_schedule_id, marks_obtained, max_marks, grade) VALUES (237, 34, 93, 100, 'O');
INSERT INTO exam_results (student_id, exam_schedule_id, marks_obtained, max_marks, grade) VALUES (237, 35, 46, 100, 'C');
INSERT INTO exam_results (student_id, exam_schedule_id, marks_obtained, max_marks, grade) VALUES (237, 36, 66, 100, 'B+');
INSERT INTO exam_results (student_id, exam_schedule_id, marks_obtained, max_marks, grade) VALUES (237, 37, 77, 100, 'A');
INSERT INTO exam_results (student_id, exam_schedule_id, marks_obtained, max_marks, grade) VALUES (237, 38, 64, 100, 'B+');
INSERT INTO exam_results (student_id, exam_schedule_id, marks_obtained, max_marks, grade) VALUES (237, 39, 70, 100, 'A');
INSERT INTO exam_results (student_id, exam_schedule_id, marks_obtained, max_marks, grade) VALUES (237, 40, 76, 100, 'A');
INSERT INTO exam_results (student_id, exam_schedule_id, marks_obtained, max_marks, grade) VALUES (238, 33, 92, 100, 'O');
INSERT INTO exam_results (student_id, exam_schedule_id, marks_obtained, max_marks, grade) VALUES (238, 34, 59, 100, 'B');
INSERT INTO exam_results (student_id, exam_schedule_id, marks_obtained, max_marks, grade) VALUES (238, 35, 54, 100, 'B');
INSERT INTO exam_results (student_id, exam_schedule_id, marks_obtained, max_marks, grade) VALUES (238, 36, 96, 100, 'O');
INSERT INTO exam_results (student_id, exam_schedule_id, marks_obtained, max_marks, grade) VALUES (238, 37, 57, 100, 'B');
INSERT INTO exam_results (student_id, exam_schedule_id, marks_obtained, max_marks, grade) VALUES (238, 38, 59, 100, 'B');
INSERT INTO exam_results (student_id, exam_schedule_id, marks_obtained, max_marks, grade) VALUES (238, 39, 73, 100, 'A');
INSERT INTO exam_results (student_id, exam_schedule_id, marks_obtained, max_marks, grade) VALUES (238, 40, 55, 100, 'B');
INSERT INTO exam_results (student_id, exam_schedule_id, marks_obtained, max_marks, grade) VALUES (239, 33, 94, 100, 'O');
INSERT INTO exam_results (student_id, exam_schedule_id, marks_obtained, max_marks, grade) VALUES (239, 34, 80, 100, 'A+');
INSERT INTO exam_results (student_id, exam_schedule_id, marks_obtained, max_marks, grade) VALUES (239, 35, 70, 100, 'A');
INSERT INTO exam_results (student_id, exam_schedule_id, marks_obtained, max_marks, grade) VALUES (239, 36, 60, 100, 'B+');
INSERT INTO exam_results (student_id, exam_schedule_id, marks_obtained, max_marks, grade) VALUES (239, 37, 98, 100, 'O');
INSERT INTO exam_results (student_id, exam_schedule_id, marks_obtained, max_marks, grade) VALUES (239, 38, 49, 100, 'C');
INSERT INTO exam_results (student_id, exam_schedule_id, marks_obtained, max_marks, grade) VALUES (239, 39, 67, 100, 'B+');
INSERT INTO exam_results (student_id, exam_schedule_id, marks_obtained, max_marks, grade) VALUES (239, 40, 45, 100, 'C');
INSERT INTO exam_results (student_id, exam_schedule_id, marks_obtained, max_marks, grade) VALUES (240, 33, 86, 100, 'A+');
INSERT INTO exam_results (student_id, exam_schedule_id, marks_obtained, max_marks, grade) VALUES (240, 34, 83, 100, 'A+');
INSERT INTO exam_results (student_id, exam_schedule_id, marks_obtained, max_marks, grade) VALUES (240, 35, 58, 100, 'B');
INSERT INTO exam_results (student_id, exam_schedule_id, marks_obtained, max_marks, grade) VALUES (240, 36, 67, 100, 'B+');
INSERT INTO exam_results (student_id, exam_schedule_id, marks_obtained, max_marks, grade) VALUES (240, 37, 94, 100, 'O');
INSERT INTO exam_results (student_id, exam_schedule_id, marks_obtained, max_marks, grade) VALUES (240, 38, 92, 100, 'O');
INSERT INTO exam_results (student_id, exam_schedule_id, marks_obtained, max_marks, grade) VALUES (240, 39, 63, 100, 'B+');
INSERT INTO exam_results (student_id, exam_schedule_id, marks_obtained, max_marks, grade) VALUES (240, 40, 87, 100, 'A+');
INSERT INTO exam_results (student_id, exam_schedule_id, marks_obtained, max_marks, grade) VALUES (243, 1, 65, 100, 'B+');
INSERT INTO exam_results (student_id, exam_schedule_id, marks_obtained, max_marks, grade) VALUES (243, 2, 75, 100, 'A');
INSERT INTO exam_results (student_id, exam_schedule_id, marks_obtained, max_marks, grade) VALUES (243, 3, 86, 100, 'A+');
INSERT INTO exam_results (student_id, exam_schedule_id, marks_obtained, max_marks, grade) VALUES (243, 4, 81, 100, 'A+');
INSERT INTO exam_results (student_id, exam_schedule_id, marks_obtained, max_marks, grade) VALUES (244, 1, 77, 100, 'A');
INSERT INTO exam_results (student_id, exam_schedule_id, marks_obtained, max_marks, grade) VALUES (244, 2, 69, 100, 'B+');
INSERT INTO exam_results (student_id, exam_schedule_id, marks_obtained, max_marks, grade) VALUES (244, 3, 94, 100, 'O');
INSERT INTO exam_results (student_id, exam_schedule_id, marks_obtained, max_marks, grade) VALUES (244, 4, 75, 100, 'A');
INSERT INTO exam_results (student_id, exam_schedule_id, marks_obtained, max_marks, grade) VALUES (245, 1, 75, 100, 'A');
INSERT INTO exam_results (student_id, exam_schedule_id, marks_obtained, max_marks, grade) VALUES (245, 2, 98, 100, 'O');
INSERT INTO exam_results (student_id, exam_schedule_id, marks_obtained, max_marks, grade) VALUES (245, 3, 59, 100, 'B');
INSERT INTO exam_results (student_id, exam_schedule_id, marks_obtained, max_marks, grade) VALUES (245, 4, 74, 100, 'A');
INSERT INTO exam_results (student_id, exam_schedule_id, marks_obtained, max_marks, grade) VALUES (245, 5, 68, 100, 'B+');
INSERT INTO exam_results (student_id, exam_schedule_id, marks_obtained, max_marks, grade) VALUES (245, 6, 76, 100, 'A');
INSERT INTO exam_results (student_id, exam_schedule_id, marks_obtained, max_marks, grade) VALUES (245, 7, 67, 100, 'B+');
INSERT INTO exam_results (student_id, exam_schedule_id, marks_obtained, max_marks, grade) VALUES (245, 8, 86, 100, 'A+');
INSERT INTO exam_results (student_id, exam_schedule_id, marks_obtained, max_marks, grade) VALUES (246, 1, 61, 100, 'B+');
INSERT INTO exam_results (student_id, exam_schedule_id, marks_obtained, max_marks, grade) VALUES (246, 2, 74, 100, 'A');
INSERT INTO exam_results (student_id, exam_schedule_id, marks_obtained, max_marks, grade) VALUES (246, 3, 46, 100, 'C');
INSERT INTO exam_results (student_id, exam_schedule_id, marks_obtained, max_marks, grade) VALUES (246, 4, 94, 100, 'O');
INSERT INTO exam_results (student_id, exam_schedule_id, marks_obtained, max_marks, grade) VALUES (246, 5, 94, 100, 'O');
INSERT INTO exam_results (student_id, exam_schedule_id, marks_obtained, max_marks, grade) VALUES (246, 6, 81, 100, 'A+');
INSERT INTO exam_results (student_id, exam_schedule_id, marks_obtained, max_marks, grade) VALUES (246, 7, 45, 100, 'C');
INSERT INTO exam_results (student_id, exam_schedule_id, marks_obtained, max_marks, grade) VALUES (246, 8, 66, 100, 'B+');
INSERT INTO exam_results (student_id, exam_schedule_id, marks_obtained, max_marks, grade) VALUES (247, 1, 68, 100, 'B+');
INSERT INTO exam_results (student_id, exam_schedule_id, marks_obtained, max_marks, grade) VALUES (247, 2, 72, 100, 'A');
INSERT INTO exam_results (student_id, exam_schedule_id, marks_obtained, max_marks, grade) VALUES (247, 3, 49, 100, 'C');
INSERT INTO exam_results (student_id, exam_schedule_id, marks_obtained, max_marks, grade) VALUES (247, 4, 49, 100, 'C');
INSERT INTO exam_results (student_id, exam_schedule_id, marks_obtained, max_marks, grade) VALUES (247, 5, 97, 100, 'O');
INSERT INTO exam_results (student_id, exam_schedule_id, marks_obtained, max_marks, grade) VALUES (247, 6, 92, 100, 'O');
INSERT INTO exam_results (student_id, exam_schedule_id, marks_obtained, max_marks, grade) VALUES (247, 7, 98, 100, 'O');
INSERT INTO exam_results (student_id, exam_schedule_id, marks_obtained, max_marks, grade) VALUES (247, 8, 87, 100, 'A+');
INSERT INTO exam_results (student_id, exam_schedule_id, marks_obtained, max_marks, grade) VALUES (248, 1, 78, 100, 'A');
INSERT INTO exam_results (student_id, exam_schedule_id, marks_obtained, max_marks, grade) VALUES (248, 2, 49, 100, 'C');
INSERT INTO exam_results (student_id, exam_schedule_id, marks_obtained, max_marks, grade) VALUES (248, 3, 94, 100, 'O');
INSERT INTO exam_results (student_id, exam_schedule_id, marks_obtained, max_marks, grade) VALUES (248, 4, 69, 100, 'B+');
INSERT INTO exam_results (student_id, exam_schedule_id, marks_obtained, max_marks, grade) VALUES (248, 5, 68, 100, 'B+');
INSERT INTO exam_results (student_id, exam_schedule_id, marks_obtained, max_marks, grade) VALUES (248, 6, 77, 100, 'A');
INSERT INTO exam_results (student_id, exam_schedule_id, marks_obtained, max_marks, grade) VALUES (248, 7, 58, 100, 'B');
INSERT INTO exam_results (student_id, exam_schedule_id, marks_obtained, max_marks, grade) VALUES (248, 8, 51, 100, 'B');
INSERT INTO exam_results (student_id, exam_schedule_id, marks_obtained, max_marks, grade) VALUES (249, 1, 50, 100, 'B');
INSERT INTO exam_results (student_id, exam_schedule_id, marks_obtained, max_marks, grade) VALUES (249, 2, 49, 100, 'C');
INSERT INTO exam_results (student_id, exam_schedule_id, marks_obtained, max_marks, grade) VALUES (249, 3, 68, 100, 'B+');
INSERT INTO exam_results (student_id, exam_schedule_id, marks_obtained, max_marks, grade) VALUES (249, 4, 66, 100, 'B+');
INSERT INTO exam_results (student_id, exam_schedule_id, marks_obtained, max_marks, grade) VALUES (249, 5, 79, 100, 'A+');
INSERT INTO exam_results (student_id, exam_schedule_id, marks_obtained, max_marks, grade) VALUES (249, 6, 55, 100, 'B');
INSERT INTO exam_results (student_id, exam_schedule_id, marks_obtained, max_marks, grade) VALUES (249, 7, 63, 100, 'B+');
INSERT INTO exam_results (student_id, exam_schedule_id, marks_obtained, max_marks, grade) VALUES (249, 8, 57, 100, 'B');
INSERT INTO exam_results (student_id, exam_schedule_id, marks_obtained, max_marks, grade) VALUES (250, 1, 91, 100, 'O');
INSERT INTO exam_results (student_id, exam_schedule_id, marks_obtained, max_marks, grade) VALUES (250, 2, 73, 100, 'A');
INSERT INTO exam_results (student_id, exam_schedule_id, marks_obtained, max_marks, grade) VALUES (250, 3, 57, 100, 'B');
INSERT INTO exam_results (student_id, exam_schedule_id, marks_obtained, max_marks, grade) VALUES (250, 4, 89, 100, 'O');
INSERT INTO exam_results (student_id, exam_schedule_id, marks_obtained, max_marks, grade) VALUES (250, 5, 94, 100, 'O');
INSERT INTO exam_results (student_id, exam_schedule_id, marks_obtained, max_marks, grade) VALUES (250, 6, 71, 100, 'A');
INSERT INTO exam_results (student_id, exam_schedule_id, marks_obtained, max_marks, grade) VALUES (250, 7, 71, 100, 'A');
INSERT INTO exam_results (student_id, exam_schedule_id, marks_obtained, max_marks, grade) VALUES (250, 8, 87, 100, 'A+');
INSERT INTO exam_results (student_id, exam_schedule_id, marks_obtained, max_marks, grade) VALUES (251, 1, 86, 100, 'A+');
INSERT INTO exam_results (student_id, exam_schedule_id, marks_obtained, max_marks, grade) VALUES (251, 2, 63, 100, 'B+');
INSERT INTO exam_results (student_id, exam_schedule_id, marks_obtained, max_marks, grade) VALUES (251, 3, 97, 100, 'O');
INSERT INTO exam_results (student_id, exam_schedule_id, marks_obtained, max_marks, grade) VALUES (251, 4, 70, 100, 'A');
INSERT INTO exam_results (student_id, exam_schedule_id, marks_obtained, max_marks, grade) VALUES (251, 5, 65, 100, 'B+');
INSERT INTO exam_results (student_id, exam_schedule_id, marks_obtained, max_marks, grade) VALUES (251, 6, 47, 100, 'C');
INSERT INTO exam_results (student_id, exam_schedule_id, marks_obtained, max_marks, grade) VALUES (251, 7, 95, 100, 'O');
INSERT INTO exam_results (student_id, exam_schedule_id, marks_obtained, max_marks, grade) VALUES (251, 8, 53, 100, 'B');
INSERT INTO exam_results (student_id, exam_schedule_id, marks_obtained, max_marks, grade) VALUES (252, 1, 79, 100, 'A+');
INSERT INTO exam_results (student_id, exam_schedule_id, marks_obtained, max_marks, grade) VALUES (252, 2, 49, 100, 'C');
INSERT INTO exam_results (student_id, exam_schedule_id, marks_obtained, max_marks, grade) VALUES (252, 3, 74, 100, 'A');
INSERT INTO exam_results (student_id, exam_schedule_id, marks_obtained, max_marks, grade) VALUES (252, 4, 69, 100, 'B+');
INSERT INTO exam_results (student_id, exam_schedule_id, marks_obtained, max_marks, grade) VALUES (252, 5, 71, 100, 'A');
INSERT INTO exam_results (student_id, exam_schedule_id, marks_obtained, max_marks, grade) VALUES (252, 6, 57, 100, 'B');
INSERT INTO exam_results (student_id, exam_schedule_id, marks_obtained, max_marks, grade) VALUES (252, 7, 62, 100, 'B+');
INSERT INTO exam_results (student_id, exam_schedule_id, marks_obtained, max_marks, grade) VALUES (252, 8, 80, 100, 'A+');
INSERT INTO exam_results (student_id, exam_schedule_id, marks_obtained, max_marks, grade) VALUES (253, 1, 56, 100, 'B');
INSERT INTO exam_results (student_id, exam_schedule_id, marks_obtained, max_marks, grade) VALUES (253, 2, 63, 100, 'B+');
INSERT INTO exam_results (student_id, exam_schedule_id, marks_obtained, max_marks, grade) VALUES (253, 3, 51, 100, 'B');
INSERT INTO exam_results (student_id, exam_schedule_id, marks_obtained, max_marks, grade) VALUES (253, 4, 57, 100, 'B');
INSERT INTO exam_results (student_id, exam_schedule_id, marks_obtained, max_marks, grade) VALUES (253, 5, 90, 100, 'O');
INSERT INTO exam_results (student_id, exam_schedule_id, marks_obtained, max_marks, grade) VALUES (253, 6, 95, 100, 'O');
INSERT INTO exam_results (student_id, exam_schedule_id, marks_obtained, max_marks, grade) VALUES (253, 7, 88, 100, 'A+');
INSERT INTO exam_results (student_id, exam_schedule_id, marks_obtained, max_marks, grade) VALUES (253, 8, 87, 100, 'A+');
INSERT INTO exam_results (student_id, exam_schedule_id, marks_obtained, max_marks, grade) VALUES (254, 1, 50, 100, 'B');
INSERT INTO exam_results (student_id, exam_schedule_id, marks_obtained, max_marks, grade) VALUES (254, 2, 80, 100, 'A+');
INSERT INTO exam_results (student_id, exam_schedule_id, marks_obtained, max_marks, grade) VALUES (254, 3, 56, 100, 'B');
INSERT INTO exam_results (student_id, exam_schedule_id, marks_obtained, max_marks, grade) VALUES (254, 4, 82, 100, 'A+');
INSERT INTO exam_results (student_id, exam_schedule_id, marks_obtained, max_marks, grade) VALUES (254, 5, 71, 100, 'A');
INSERT INTO exam_results (student_id, exam_schedule_id, marks_obtained, max_marks, grade) VALUES (254, 6, 46, 100, 'C');
INSERT INTO exam_results (student_id, exam_schedule_id, marks_obtained, max_marks, grade) VALUES (254, 7, 80, 100, 'A+');
INSERT INTO exam_results (student_id, exam_schedule_id, marks_obtained, max_marks, grade) VALUES (254, 8, 80, 100, 'A+');
INSERT INTO exam_results (student_id, exam_schedule_id, marks_obtained, max_marks, grade) VALUES (255, 1, 59, 100, 'B');
INSERT INTO exam_results (student_id, exam_schedule_id, marks_obtained, max_marks, grade) VALUES (255, 2, 52, 100, 'B');
INSERT INTO exam_results (student_id, exam_schedule_id, marks_obtained, max_marks, grade) VALUES (255, 3, 47, 100, 'C');
INSERT INTO exam_results (student_id, exam_schedule_id, marks_obtained, max_marks, grade) VALUES (255, 4, 55, 100, 'B');
INSERT INTO exam_results (student_id, exam_schedule_id, marks_obtained, max_marks, grade) VALUES (255, 5, 98, 100, 'O');
INSERT INTO exam_results (student_id, exam_schedule_id, marks_obtained, max_marks, grade) VALUES (255, 6, 52, 100, 'B');
INSERT INTO exam_results (student_id, exam_schedule_id, marks_obtained, max_marks, grade) VALUES (255, 7, 86, 100, 'A+');
INSERT INTO exam_results (student_id, exam_schedule_id, marks_obtained, max_marks, grade) VALUES (255, 8, 50, 100, 'B');
INSERT INTO exam_results (student_id, exam_schedule_id, marks_obtained, max_marks, grade) VALUES (256, 1, 81, 100, 'A+');
INSERT INTO exam_results (student_id, exam_schedule_id, marks_obtained, max_marks, grade) VALUES (256, 2, 98, 100, 'O');
INSERT INTO exam_results (student_id, exam_schedule_id, marks_obtained, max_marks, grade) VALUES (256, 3, 73, 100, 'A');
INSERT INTO exam_results (student_id, exam_schedule_id, marks_obtained, max_marks, grade) VALUES (256, 4, 76, 100, 'A');
INSERT INTO exam_results (student_id, exam_schedule_id, marks_obtained, max_marks, grade) VALUES (256, 5, 89, 100, 'O');
INSERT INTO exam_results (student_id, exam_schedule_id, marks_obtained, max_marks, grade) VALUES (256, 6, 53, 100, 'B');
INSERT INTO exam_results (student_id, exam_schedule_id, marks_obtained, max_marks, grade) VALUES (256, 7, 92, 100, 'O');
INSERT INTO exam_results (student_id, exam_schedule_id, marks_obtained, max_marks, grade) VALUES (256, 8, 48, 100, 'C');
INSERT INTO exam_results (student_id, exam_schedule_id, marks_obtained, max_marks, grade) VALUES (259, 9, 49, 100, 'C');
INSERT INTO exam_results (student_id, exam_schedule_id, marks_obtained, max_marks, grade) VALUES (259, 10, 65, 100, 'B+');
INSERT INTO exam_results (student_id, exam_schedule_id, marks_obtained, max_marks, grade) VALUES (259, 11, 85, 100, 'A+');
INSERT INTO exam_results (student_id, exam_schedule_id, marks_obtained, max_marks, grade) VALUES (259, 12, 61, 100, 'B+');
INSERT INTO exam_results (student_id, exam_schedule_id, marks_obtained, max_marks, grade) VALUES (260, 9, 48, 100, 'C');
INSERT INTO exam_results (student_id, exam_schedule_id, marks_obtained, max_marks, grade) VALUES (260, 10, 59, 100, 'B');
INSERT INTO exam_results (student_id, exam_schedule_id, marks_obtained, max_marks, grade) VALUES (260, 11, 70, 100, 'A');
INSERT INTO exam_results (student_id, exam_schedule_id, marks_obtained, max_marks, grade) VALUES (260, 12, 48, 100, 'C');
INSERT INTO exam_results (student_id, exam_schedule_id, marks_obtained, max_marks, grade) VALUES (261, 9, 70, 100, 'A');
INSERT INTO exam_results (student_id, exam_schedule_id, marks_obtained, max_marks, grade) VALUES (261, 10, 58, 100, 'B');
INSERT INTO exam_results (student_id, exam_schedule_id, marks_obtained, max_marks, grade) VALUES (261, 11, 91, 100, 'O');
INSERT INTO exam_results (student_id, exam_schedule_id, marks_obtained, max_marks, grade) VALUES (261, 12, 84, 100, 'A+');
INSERT INTO exam_results (student_id, exam_schedule_id, marks_obtained, max_marks, grade) VALUES (261, 13, 79, 100, 'A+');
INSERT INTO exam_results (student_id, exam_schedule_id, marks_obtained, max_marks, grade) VALUES (261, 14, 80, 100, 'A+');
INSERT INTO exam_results (student_id, exam_schedule_id, marks_obtained, max_marks, grade) VALUES (261, 15, 62, 100, 'B+');
INSERT INTO exam_results (student_id, exam_schedule_id, marks_obtained, max_marks, grade) VALUES (261, 16, 72, 100, 'A');
INSERT INTO exam_results (student_id, exam_schedule_id, marks_obtained, max_marks, grade) VALUES (262, 9, 87, 100, 'A+');
INSERT INTO exam_results (student_id, exam_schedule_id, marks_obtained, max_marks, grade) VALUES (262, 10, 60, 100, 'B+');
INSERT INTO exam_results (student_id, exam_schedule_id, marks_obtained, max_marks, grade) VALUES (262, 11, 69, 100, 'B+');
INSERT INTO exam_results (student_id, exam_schedule_id, marks_obtained, max_marks, grade) VALUES (262, 12, 76, 100, 'A');
INSERT INTO exam_results (student_id, exam_schedule_id, marks_obtained, max_marks, grade) VALUES (262, 13, 47, 100, 'C');
INSERT INTO exam_results (student_id, exam_schedule_id, marks_obtained, max_marks, grade) VALUES (262, 14, 89, 100, 'O');
INSERT INTO exam_results (student_id, exam_schedule_id, marks_obtained, max_marks, grade) VALUES (262, 15, 84, 100, 'A+');
INSERT INTO exam_results (student_id, exam_schedule_id, marks_obtained, max_marks, grade) VALUES (262, 16, 68, 100, 'B+');
INSERT INTO exam_results (student_id, exam_schedule_id, marks_obtained, max_marks, grade) VALUES (263, 9, 74, 100, 'A');
INSERT INTO exam_results (student_id, exam_schedule_id, marks_obtained, max_marks, grade) VALUES (263, 10, 45, 100, 'C');
INSERT INTO exam_results (student_id, exam_schedule_id, marks_obtained, max_marks, grade) VALUES (263, 11, 48, 100, 'C');
INSERT INTO exam_results (student_id, exam_schedule_id, marks_obtained, max_marks, grade) VALUES (263, 12, 71, 100, 'A');
INSERT INTO exam_results (student_id, exam_schedule_id, marks_obtained, max_marks, grade) VALUES (263, 13, 87, 100, 'A+');
INSERT INTO exam_results (student_id, exam_schedule_id, marks_obtained, max_marks, grade) VALUES (263, 14, 48, 100, 'C');
INSERT INTO exam_results (student_id, exam_schedule_id, marks_obtained, max_marks, grade) VALUES (263, 15, 91, 100, 'O');
INSERT INTO exam_results (student_id, exam_schedule_id, marks_obtained, max_marks, grade) VALUES (263, 16, 49, 100, 'C');
INSERT INTO exam_results (student_id, exam_schedule_id, marks_obtained, max_marks, grade) VALUES (264, 9, 77, 100, 'A');
INSERT INTO exam_results (student_id, exam_schedule_id, marks_obtained, max_marks, grade) VALUES (264, 10, 76, 100, 'A');
INSERT INTO exam_results (student_id, exam_schedule_id, marks_obtained, max_marks, grade) VALUES (264, 11, 61, 100, 'B+');
INSERT INTO exam_results (student_id, exam_schedule_id, marks_obtained, max_marks, grade) VALUES (264, 12, 89, 100, 'O');
INSERT INTO exam_results (student_id, exam_schedule_id, marks_obtained, max_marks, grade) VALUES (264, 13, 70, 100, 'A');
INSERT INTO exam_results (student_id, exam_schedule_id, marks_obtained, max_marks, grade) VALUES (264, 14, 60, 100, 'B+');
INSERT INTO exam_results (student_id, exam_schedule_id, marks_obtained, max_marks, grade) VALUES (264, 15, 70, 100, 'A');
INSERT INTO exam_results (student_id, exam_schedule_id, marks_obtained, max_marks, grade) VALUES (264, 16, 78, 100, 'A');
INSERT INTO exam_results (student_id, exam_schedule_id, marks_obtained, max_marks, grade) VALUES (265, 9, 90, 100, 'O');
INSERT INTO exam_results (student_id, exam_schedule_id, marks_obtained, max_marks, grade) VALUES (265, 10, 67, 100, 'B+');
INSERT INTO exam_results (student_id, exam_schedule_id, marks_obtained, max_marks, grade) VALUES (265, 11, 65, 100, 'B+');
INSERT INTO exam_results (student_id, exam_schedule_id, marks_obtained, max_marks, grade) VALUES (265, 12, 54, 100, 'B');
INSERT INTO exam_results (student_id, exam_schedule_id, marks_obtained, max_marks, grade) VALUES (265, 13, 56, 100, 'B');
INSERT INTO exam_results (student_id, exam_schedule_id, marks_obtained, max_marks, grade) VALUES (265, 14, 80, 100, 'A+');
INSERT INTO exam_results (student_id, exam_schedule_id, marks_obtained, max_marks, grade) VALUES (265, 15, 77, 100, 'A');
INSERT INTO exam_results (student_id, exam_schedule_id, marks_obtained, max_marks, grade) VALUES (265, 16, 83, 100, 'A+');
INSERT INTO exam_results (student_id, exam_schedule_id, marks_obtained, max_marks, grade) VALUES (266, 9, 80, 100, 'A+');
INSERT INTO exam_results (student_id, exam_schedule_id, marks_obtained, max_marks, grade) VALUES (266, 10, 87, 100, 'A+');
INSERT INTO exam_results (student_id, exam_schedule_id, marks_obtained, max_marks, grade) VALUES (266, 11, 96, 100, 'O');
INSERT INTO exam_results (student_id, exam_schedule_id, marks_obtained, max_marks, grade) VALUES (266, 12, 73, 100, 'A');
INSERT INTO exam_results (student_id, exam_schedule_id, marks_obtained, max_marks, grade) VALUES (266, 13, 84, 100, 'A+');
INSERT INTO exam_results (student_id, exam_schedule_id, marks_obtained, max_marks, grade) VALUES (266, 14, 76, 100, 'A');
INSERT INTO exam_results (student_id, exam_schedule_id, marks_obtained, max_marks, grade) VALUES (266, 15, 58, 100, 'B');
INSERT INTO exam_results (student_id, exam_schedule_id, marks_obtained, max_marks, grade) VALUES (266, 16, 64, 100, 'B+');
INSERT INTO exam_results (student_id, exam_schedule_id, marks_obtained, max_marks, grade) VALUES (267, 9, 98, 100, 'O');
INSERT INTO exam_results (student_id, exam_schedule_id, marks_obtained, max_marks, grade) VALUES (267, 10, 53, 100, 'B');
INSERT INTO exam_results (student_id, exam_schedule_id, marks_obtained, max_marks, grade) VALUES (267, 11, 87, 100, 'A+');
INSERT INTO exam_results (student_id, exam_schedule_id, marks_obtained, max_marks, grade) VALUES (267, 12, 48, 100, 'C');
INSERT INTO exam_results (student_id, exam_schedule_id, marks_obtained, max_marks, grade) VALUES (267, 13, 51, 100, 'B');
INSERT INTO exam_results (student_id, exam_schedule_id, marks_obtained, max_marks, grade) VALUES (267, 14, 63, 100, 'B+');
INSERT INTO exam_results (student_id, exam_schedule_id, marks_obtained, max_marks, grade) VALUES (267, 15, 45, 100, 'C');
INSERT INTO exam_results (student_id, exam_schedule_id, marks_obtained, max_marks, grade) VALUES (267, 16, 57, 100, 'B');
INSERT INTO exam_results (student_id, exam_schedule_id, marks_obtained, max_marks, grade) VALUES (268, 9, 49, 100, 'C');
INSERT INTO exam_results (student_id, exam_schedule_id, marks_obtained, max_marks, grade) VALUES (268, 10, 94, 100, 'O');
INSERT INTO exam_results (student_id, exam_schedule_id, marks_obtained, max_marks, grade) VALUES (268, 11, 81, 100, 'A+');
INSERT INTO exam_results (student_id, exam_schedule_id, marks_obtained, max_marks, grade) VALUES (268, 12, 95, 100, 'O');
INSERT INTO exam_results (student_id, exam_schedule_id, marks_obtained, max_marks, grade) VALUES (268, 13, 77, 100, 'A');
INSERT INTO exam_results (student_id, exam_schedule_id, marks_obtained, max_marks, grade) VALUES (268, 14, 98, 100, 'O');
INSERT INTO exam_results (student_id, exam_schedule_id, marks_obtained, max_marks, grade) VALUES (268, 15, 70, 100, 'A');
INSERT INTO exam_results (student_id, exam_schedule_id, marks_obtained, max_marks, grade) VALUES (268, 16, 58, 100, 'B');
INSERT INTO exam_results (student_id, exam_schedule_id, marks_obtained, max_marks, grade) VALUES (269, 9, 50, 100, 'B');
INSERT INTO exam_results (student_id, exam_schedule_id, marks_obtained, max_marks, grade) VALUES (269, 10, 48, 100, 'C');
INSERT INTO exam_results (student_id, exam_schedule_id, marks_obtained, max_marks, grade) VALUES (269, 11, 73, 100, 'A');
INSERT INTO exam_results (student_id, exam_schedule_id, marks_obtained, max_marks, grade) VALUES (269, 12, 46, 100, 'C');
INSERT INTO exam_results (student_id, exam_schedule_id, marks_obtained, max_marks, grade) VALUES (269, 13, 47, 100, 'C');
INSERT INTO exam_results (student_id, exam_schedule_id, marks_obtained, max_marks, grade) VALUES (269, 14, 97, 100, 'O');
INSERT INTO exam_results (student_id, exam_schedule_id, marks_obtained, max_marks, grade) VALUES (269, 15, 88, 100, 'A+');
INSERT INTO exam_results (student_id, exam_schedule_id, marks_obtained, max_marks, grade) VALUES (269, 16, 83, 100, 'A+');
INSERT INTO exam_results (student_id, exam_schedule_id, marks_obtained, max_marks, grade) VALUES (270, 9, 98, 100, 'O');
INSERT INTO exam_results (student_id, exam_schedule_id, marks_obtained, max_marks, grade) VALUES (270, 10, 73, 100, 'A');
INSERT INTO exam_results (student_id, exam_schedule_id, marks_obtained, max_marks, grade) VALUES (270, 11, 95, 100, 'O');
INSERT INTO exam_results (student_id, exam_schedule_id, marks_obtained, max_marks, grade) VALUES (270, 12, 46, 100, 'C');
INSERT INTO exam_results (student_id, exam_schedule_id, marks_obtained, max_marks, grade) VALUES (270, 13, 74, 100, 'A');
INSERT INTO exam_results (student_id, exam_schedule_id, marks_obtained, max_marks, grade) VALUES (270, 14, 50, 100, 'B');
INSERT INTO exam_results (student_id, exam_schedule_id, marks_obtained, max_marks, grade) VALUES (270, 15, 56, 100, 'B');
INSERT INTO exam_results (student_id, exam_schedule_id, marks_obtained, max_marks, grade) VALUES (270, 16, 64, 100, 'B+');
INSERT INTO exam_results (student_id, exam_schedule_id, marks_obtained, max_marks, grade) VALUES (271, 9, 97, 100, 'O');
INSERT INTO exam_results (student_id, exam_schedule_id, marks_obtained, max_marks, grade) VALUES (271, 10, 60, 100, 'B+');
INSERT INTO exam_results (student_id, exam_schedule_id, marks_obtained, max_marks, grade) VALUES (271, 11, 90, 100, 'O');
INSERT INTO exam_results (student_id, exam_schedule_id, marks_obtained, max_marks, grade) VALUES (271, 12, 92, 100, 'O');
INSERT INTO exam_results (student_id, exam_schedule_id, marks_obtained, max_marks, grade) VALUES (271, 13, 47, 100, 'C');
INSERT INTO exam_results (student_id, exam_schedule_id, marks_obtained, max_marks, grade) VALUES (271, 14, 72, 100, 'A');
INSERT INTO exam_results (student_id, exam_schedule_id, marks_obtained, max_marks, grade) VALUES (271, 15, 72, 100, 'A');
INSERT INTO exam_results (student_id, exam_schedule_id, marks_obtained, max_marks, grade) VALUES (271, 16, 82, 100, 'A+');
INSERT INTO exam_results (student_id, exam_schedule_id, marks_obtained, max_marks, grade) VALUES (272, 9, 52, 100, 'B');
INSERT INTO exam_results (student_id, exam_schedule_id, marks_obtained, max_marks, grade) VALUES (272, 10, 68, 100, 'B+');
INSERT INTO exam_results (student_id, exam_schedule_id, marks_obtained, max_marks, grade) VALUES (272, 11, 78, 100, 'A');
INSERT INTO exam_results (student_id, exam_schedule_id, marks_obtained, max_marks, grade) VALUES (272, 12, 87, 100, 'A+');
INSERT INTO exam_results (student_id, exam_schedule_id, marks_obtained, max_marks, grade) VALUES (272, 13, 73, 100, 'A');
INSERT INTO exam_results (student_id, exam_schedule_id, marks_obtained, max_marks, grade) VALUES (272, 14, 94, 100, 'O');
INSERT INTO exam_results (student_id, exam_schedule_id, marks_obtained, max_marks, grade) VALUES (272, 15, 51, 100, 'B');
INSERT INTO exam_results (student_id, exam_schedule_id, marks_obtained, max_marks, grade) VALUES (272, 16, 77, 100, 'A');
INSERT INTO exam_results (student_id, exam_schedule_id, marks_obtained, max_marks, grade) VALUES (275, 17, 93, 100, 'O');
INSERT INTO exam_results (student_id, exam_schedule_id, marks_obtained, max_marks, grade) VALUES (275, 18, 67, 100, 'B+');
INSERT INTO exam_results (student_id, exam_schedule_id, marks_obtained, max_marks, grade) VALUES (275, 19, 81, 100, 'A+');
INSERT INTO exam_results (student_id, exam_schedule_id, marks_obtained, max_marks, grade) VALUES (275, 20, 62, 100, 'B+');
INSERT INTO exam_results (student_id, exam_schedule_id, marks_obtained, max_marks, grade) VALUES (276, 17, 48, 100, 'C');
INSERT INTO exam_results (student_id, exam_schedule_id, marks_obtained, max_marks, grade) VALUES (276, 18, 79, 100, 'A+');
INSERT INTO exam_results (student_id, exam_schedule_id, marks_obtained, max_marks, grade) VALUES (276, 19, 98, 100, 'O');
INSERT INTO exam_results (student_id, exam_schedule_id, marks_obtained, max_marks, grade) VALUES (276, 20, 78, 100, 'A');
INSERT INTO exam_results (student_id, exam_schedule_id, marks_obtained, max_marks, grade) VALUES (277, 17, 64, 100, 'B+');
INSERT INTO exam_results (student_id, exam_schedule_id, marks_obtained, max_marks, grade) VALUES (277, 18, 54, 100, 'B');
INSERT INTO exam_results (student_id, exam_schedule_id, marks_obtained, max_marks, grade) VALUES (277, 19, 57, 100, 'B');
INSERT INTO exam_results (student_id, exam_schedule_id, marks_obtained, max_marks, grade) VALUES (277, 20, 69, 100, 'B+');
INSERT INTO exam_results (student_id, exam_schedule_id, marks_obtained, max_marks, grade) VALUES (277, 21, 66, 100, 'B+');
INSERT INTO exam_results (student_id, exam_schedule_id, marks_obtained, max_marks, grade) VALUES (277, 22, 71, 100, 'A');
INSERT INTO exam_results (student_id, exam_schedule_id, marks_obtained, max_marks, grade) VALUES (277, 23, 51, 100, 'B');
INSERT INTO exam_results (student_id, exam_schedule_id, marks_obtained, max_marks, grade) VALUES (277, 24, 97, 100, 'O');
INSERT INTO exam_results (student_id, exam_schedule_id, marks_obtained, max_marks, grade) VALUES (278, 17, 87, 100, 'A+');
INSERT INTO exam_results (student_id, exam_schedule_id, marks_obtained, max_marks, grade) VALUES (278, 18, 78, 100, 'A');
INSERT INTO exam_results (student_id, exam_schedule_id, marks_obtained, max_marks, grade) VALUES (278, 19, 81, 100, 'A+');
INSERT INTO exam_results (student_id, exam_schedule_id, marks_obtained, max_marks, grade) VALUES (278, 20, 49, 100, 'C');
INSERT INTO exam_results (student_id, exam_schedule_id, marks_obtained, max_marks, grade) VALUES (278, 21, 86, 100, 'A+');
INSERT INTO exam_results (student_id, exam_schedule_id, marks_obtained, max_marks, grade) VALUES (278, 22, 86, 100, 'A+');
INSERT INTO exam_results (student_id, exam_schedule_id, marks_obtained, max_marks, grade) VALUES (278, 23, 67, 100, 'B+');
INSERT INTO exam_results (student_id, exam_schedule_id, marks_obtained, max_marks, grade) VALUES (278, 24, 46, 100, 'C');
INSERT INTO exam_results (student_id, exam_schedule_id, marks_obtained, max_marks, grade) VALUES (279, 17, 78, 100, 'A');
INSERT INTO exam_results (student_id, exam_schedule_id, marks_obtained, max_marks, grade) VALUES (279, 18, 59, 100, 'B');
INSERT INTO exam_results (student_id, exam_schedule_id, marks_obtained, max_marks, grade) VALUES (279, 19, 75, 100, 'A');
INSERT INTO exam_results (student_id, exam_schedule_id, marks_obtained, max_marks, grade) VALUES (279, 20, 87, 100, 'A+');
INSERT INTO exam_results (student_id, exam_schedule_id, marks_obtained, max_marks, grade) VALUES (279, 21, 53, 100, 'B');
INSERT INTO exam_results (student_id, exam_schedule_id, marks_obtained, max_marks, grade) VALUES (279, 22, 92, 100, 'O');
INSERT INTO exam_results (student_id, exam_schedule_id, marks_obtained, max_marks, grade) VALUES (279, 23, 47, 100, 'C');
INSERT INTO exam_results (student_id, exam_schedule_id, marks_obtained, max_marks, grade) VALUES (279, 24, 90, 100, 'O');
INSERT INTO exam_results (student_id, exam_schedule_id, marks_obtained, max_marks, grade) VALUES (280, 17, 92, 100, 'O');
INSERT INTO exam_results (student_id, exam_schedule_id, marks_obtained, max_marks, grade) VALUES (280, 18, 60, 100, 'B+');
INSERT INTO exam_results (student_id, exam_schedule_id, marks_obtained, max_marks, grade) VALUES (280, 19, 88, 100, 'A+');
INSERT INTO exam_results (student_id, exam_schedule_id, marks_obtained, max_marks, grade) VALUES (280, 20, 67, 100, 'B+');
INSERT INTO exam_results (student_id, exam_schedule_id, marks_obtained, max_marks, grade) VALUES (280, 21, 84, 100, 'A+');
INSERT INTO exam_results (student_id, exam_schedule_id, marks_obtained, max_marks, grade) VALUES (280, 22, 55, 100, 'B');
INSERT INTO exam_results (student_id, exam_schedule_id, marks_obtained, max_marks, grade) VALUES (280, 23, 87, 100, 'A+');
INSERT INTO exam_results (student_id, exam_schedule_id, marks_obtained, max_marks, grade) VALUES (280, 24, 82, 100, 'A+');
INSERT INTO exam_results (student_id, exam_schedule_id, marks_obtained, max_marks, grade) VALUES (281, 17, 46, 100, 'C');
INSERT INTO exam_results (student_id, exam_schedule_id, marks_obtained, max_marks, grade) VALUES (281, 18, 67, 100, 'B+');
INSERT INTO exam_results (student_id, exam_schedule_id, marks_obtained, max_marks, grade) VALUES (281, 19, 49, 100, 'C');
INSERT INTO exam_results (student_id, exam_schedule_id, marks_obtained, max_marks, grade) VALUES (281, 20, 79, 100, 'A+');
INSERT INTO exam_results (student_id, exam_schedule_id, marks_obtained, max_marks, grade) VALUES (281, 21, 47, 100, 'C');
INSERT INTO exam_results (student_id, exam_schedule_id, marks_obtained, max_marks, grade) VALUES (281, 22, 91, 100, 'O');
INSERT INTO exam_results (student_id, exam_schedule_id, marks_obtained, max_marks, grade) VALUES (281, 23, 58, 100, 'B');
INSERT INTO exam_results (student_id, exam_schedule_id, marks_obtained, max_marks, grade) VALUES (281, 24, 79, 100, 'A+');
INSERT INTO exam_results (student_id, exam_schedule_id, marks_obtained, max_marks, grade) VALUES (282, 17, 76, 100, 'A');
INSERT INTO exam_results (student_id, exam_schedule_id, marks_obtained, max_marks, grade) VALUES (282, 18, 69, 100, 'B+');
INSERT INTO exam_results (student_id, exam_schedule_id, marks_obtained, max_marks, grade) VALUES (282, 19, 69, 100, 'B+');
INSERT INTO exam_results (student_id, exam_schedule_id, marks_obtained, max_marks, grade) VALUES (282, 20, 87, 100, 'A+');
INSERT INTO exam_results (student_id, exam_schedule_id, marks_obtained, max_marks, grade) VALUES (282, 21, 48, 100, 'C');
INSERT INTO exam_results (student_id, exam_schedule_id, marks_obtained, max_marks, grade) VALUES (282, 22, 68, 100, 'B+');
INSERT INTO exam_results (student_id, exam_schedule_id, marks_obtained, max_marks, grade) VALUES (282, 23, 53, 100, 'B');
INSERT INTO exam_results (student_id, exam_schedule_id, marks_obtained, max_marks, grade) VALUES (282, 24, 80, 100, 'A+');
INSERT INTO exam_results (student_id, exam_schedule_id, marks_obtained, max_marks, grade) VALUES (283, 17, 54, 100, 'B');
INSERT INTO exam_results (student_id, exam_schedule_id, marks_obtained, max_marks, grade) VALUES (283, 18, 75, 100, 'A');
INSERT INTO exam_results (student_id, exam_schedule_id, marks_obtained, max_marks, grade) VALUES (283, 19, 85, 100, 'A+');
INSERT INTO exam_results (student_id, exam_schedule_id, marks_obtained, max_marks, grade) VALUES (283, 20, 62, 100, 'B+');
INSERT INTO exam_results (student_id, exam_schedule_id, marks_obtained, max_marks, grade) VALUES (283, 21, 66, 100, 'B+');
INSERT INTO exam_results (student_id, exam_schedule_id, marks_obtained, max_marks, grade) VALUES (283, 22, 95, 100, 'O');
INSERT INTO exam_results (student_id, exam_schedule_id, marks_obtained, max_marks, grade) VALUES (283, 23, 63, 100, 'B+');
INSERT INTO exam_results (student_id, exam_schedule_id, marks_obtained, max_marks, grade) VALUES (283, 24, 56, 100, 'B');
INSERT INTO exam_results (student_id, exam_schedule_id, marks_obtained, max_marks, grade) VALUES (284, 17, 45, 100, 'C');
INSERT INTO exam_results (student_id, exam_schedule_id, marks_obtained, max_marks, grade) VALUES (284, 18, 57, 100, 'B');
INSERT INTO exam_results (student_id, exam_schedule_id, marks_obtained, max_marks, grade) VALUES (284, 19, 55, 100, 'B');
INSERT INTO exam_results (student_id, exam_schedule_id, marks_obtained, max_marks, grade) VALUES (284, 20, 62, 100, 'B+');
INSERT INTO exam_results (student_id, exam_schedule_id, marks_obtained, max_marks, grade) VALUES (284, 21, 47, 100, 'C');
INSERT INTO exam_results (student_id, exam_schedule_id, marks_obtained, max_marks, grade) VALUES (284, 22, 58, 100, 'B');
INSERT INTO exam_results (student_id, exam_schedule_id, marks_obtained, max_marks, grade) VALUES (284, 23, 85, 100, 'A+');
INSERT INTO exam_results (student_id, exam_schedule_id, marks_obtained, max_marks, grade) VALUES (284, 24, 79, 100, 'A+');
INSERT INTO exam_results (student_id, exam_schedule_id, marks_obtained, max_marks, grade) VALUES (285, 17, 98, 100, 'O');
INSERT INTO exam_results (student_id, exam_schedule_id, marks_obtained, max_marks, grade) VALUES (285, 18, 71, 100, 'A');
INSERT INTO exam_results (student_id, exam_schedule_id, marks_obtained, max_marks, grade) VALUES (285, 19, 47, 100, 'C');
INSERT INTO exam_results (student_id, exam_schedule_id, marks_obtained, max_marks, grade) VALUES (285, 20, 49, 100, 'C');
INSERT INTO exam_results (student_id, exam_schedule_id, marks_obtained, max_marks, grade) VALUES (285, 21, 59, 100, 'B');
INSERT INTO exam_results (student_id, exam_schedule_id, marks_obtained, max_marks, grade) VALUES (285, 22, 58, 100, 'B');
INSERT INTO exam_results (student_id, exam_schedule_id, marks_obtained, max_marks, grade) VALUES (285, 23, 68, 100, 'B+');
INSERT INTO exam_results (student_id, exam_schedule_id, marks_obtained, max_marks, grade) VALUES (285, 24, 47, 100, 'C');
INSERT INTO exam_results (student_id, exam_schedule_id, marks_obtained, max_marks, grade) VALUES (286, 17, 68, 100, 'B+');
INSERT INTO exam_results (student_id, exam_schedule_id, marks_obtained, max_marks, grade) VALUES (286, 18, 91, 100, 'O');
INSERT INTO exam_results (student_id, exam_schedule_id, marks_obtained, max_marks, grade) VALUES (286, 19, 85, 100, 'A+');
INSERT INTO exam_results (student_id, exam_schedule_id, marks_obtained, max_marks, grade) VALUES (286, 20, 87, 100, 'A+');
INSERT INTO exam_results (student_id, exam_schedule_id, marks_obtained, max_marks, grade) VALUES (286, 21, 70, 100, 'A');
INSERT INTO exam_results (student_id, exam_schedule_id, marks_obtained, max_marks, grade) VALUES (286, 22, 47, 100, 'C');
INSERT INTO exam_results (student_id, exam_schedule_id, marks_obtained, max_marks, grade) VALUES (286, 23, 97, 100, 'O');
INSERT INTO exam_results (student_id, exam_schedule_id, marks_obtained, max_marks, grade) VALUES (286, 24, 65, 100, 'B+');
INSERT INTO exam_results (student_id, exam_schedule_id, marks_obtained, max_marks, grade) VALUES (287, 17, 56, 100, 'B');
INSERT INTO exam_results (student_id, exam_schedule_id, marks_obtained, max_marks, grade) VALUES (287, 18, 97, 100, 'O');
INSERT INTO exam_results (student_id, exam_schedule_id, marks_obtained, max_marks, grade) VALUES (287, 19, 93, 100, 'O');
INSERT INTO exam_results (student_id, exam_schedule_id, marks_obtained, max_marks, grade) VALUES (287, 20, 75, 100, 'A');
INSERT INTO exam_results (student_id, exam_schedule_id, marks_obtained, max_marks, grade) VALUES (287, 21, 46, 100, 'C');
INSERT INTO exam_results (student_id, exam_schedule_id, marks_obtained, max_marks, grade) VALUES (287, 22, 60, 100, 'B+');
INSERT INTO exam_results (student_id, exam_schedule_id, marks_obtained, max_marks, grade) VALUES (287, 23, 72, 100, 'A');
INSERT INTO exam_results (student_id, exam_schedule_id, marks_obtained, max_marks, grade) VALUES (287, 24, 56, 100, 'B');
INSERT INTO exam_results (student_id, exam_schedule_id, marks_obtained, max_marks, grade) VALUES (288, 17, 71, 100, 'A');
INSERT INTO exam_results (student_id, exam_schedule_id, marks_obtained, max_marks, grade) VALUES (288, 18, 55, 100, 'B');
INSERT INTO exam_results (student_id, exam_schedule_id, marks_obtained, max_marks, grade) VALUES (288, 19, 96, 100, 'O');
INSERT INTO exam_results (student_id, exam_schedule_id, marks_obtained, max_marks, grade) VALUES (288, 20, 63, 100, 'B+');
INSERT INTO exam_results (student_id, exam_schedule_id, marks_obtained, max_marks, grade) VALUES (288, 21, 45, 100, 'C');
INSERT INTO exam_results (student_id, exam_schedule_id, marks_obtained, max_marks, grade) VALUES (288, 22, 78, 100, 'A');
INSERT INTO exam_results (student_id, exam_schedule_id, marks_obtained, max_marks, grade) VALUES (288, 23, 77, 100, 'A');
INSERT INTO exam_results (student_id, exam_schedule_id, marks_obtained, max_marks, grade) VALUES (288, 24, 62, 100, 'B+');
INSERT INTO exam_results (student_id, exam_schedule_id, marks_obtained, max_marks, grade) VALUES (291, 25, 89, 100, 'O');
INSERT INTO exam_results (student_id, exam_schedule_id, marks_obtained, max_marks, grade) VALUES (291, 26, 56, 100, 'B');
INSERT INTO exam_results (student_id, exam_schedule_id, marks_obtained, max_marks, grade) VALUES (291, 27, 84, 100, 'A+');
INSERT INTO exam_results (student_id, exam_schedule_id, marks_obtained, max_marks, grade) VALUES (291, 28, 80, 100, 'A+');
INSERT INTO exam_results (student_id, exam_schedule_id, marks_obtained, max_marks, grade) VALUES (292, 25, 65, 100, 'B+');
INSERT INTO exam_results (student_id, exam_schedule_id, marks_obtained, max_marks, grade) VALUES (292, 26, 71, 100, 'A');
INSERT INTO exam_results (student_id, exam_schedule_id, marks_obtained, max_marks, grade) VALUES (292, 27, 73, 100, 'A');
INSERT INTO exam_results (student_id, exam_schedule_id, marks_obtained, max_marks, grade) VALUES (292, 28, 73, 100, 'A');
INSERT INTO exam_results (student_id, exam_schedule_id, marks_obtained, max_marks, grade) VALUES (293, 25, 78, 100, 'A');
INSERT INTO exam_results (student_id, exam_schedule_id, marks_obtained, max_marks, grade) VALUES (293, 26, 46, 100, 'C');
INSERT INTO exam_results (student_id, exam_schedule_id, marks_obtained, max_marks, grade) VALUES (293, 27, 52, 100, 'B');
INSERT INTO exam_results (student_id, exam_schedule_id, marks_obtained, max_marks, grade) VALUES (293, 28, 74, 100, 'A');
INSERT INTO exam_results (student_id, exam_schedule_id, marks_obtained, max_marks, grade) VALUES (293, 29, 55, 100, 'B');
INSERT INTO exam_results (student_id, exam_schedule_id, marks_obtained, max_marks, grade) VALUES (293, 30, 79, 100, 'A+');
INSERT INTO exam_results (student_id, exam_schedule_id, marks_obtained, max_marks, grade) VALUES (293, 31, 50, 100, 'B');
INSERT INTO exam_results (student_id, exam_schedule_id, marks_obtained, max_marks, grade) VALUES (293, 32, 49, 100, 'C');
INSERT INTO exam_results (student_id, exam_schedule_id, marks_obtained, max_marks, grade) VALUES (294, 25, 68, 100, 'B+');
INSERT INTO exam_results (student_id, exam_schedule_id, marks_obtained, max_marks, grade) VALUES (294, 26, 77, 100, 'A');
INSERT INTO exam_results (student_id, exam_schedule_id, marks_obtained, max_marks, grade) VALUES (294, 27, 53, 100, 'B');
INSERT INTO exam_results (student_id, exam_schedule_id, marks_obtained, max_marks, grade) VALUES (294, 28, 83, 100, 'A+');
INSERT INTO exam_results (student_id, exam_schedule_id, marks_obtained, max_marks, grade) VALUES (294, 29, 69, 100, 'B+');
INSERT INTO exam_results (student_id, exam_schedule_id, marks_obtained, max_marks, grade) VALUES (294, 30, 71, 100, 'A');
INSERT INTO exam_results (student_id, exam_schedule_id, marks_obtained, max_marks, grade) VALUES (294, 31, 58, 100, 'B');
INSERT INTO exam_results (student_id, exam_schedule_id, marks_obtained, max_marks, grade) VALUES (294, 32, 48, 100, 'C');
INSERT INTO exam_results (student_id, exam_schedule_id, marks_obtained, max_marks, grade) VALUES (295, 25, 50, 100, 'B');
INSERT INTO exam_results (student_id, exam_schedule_id, marks_obtained, max_marks, grade) VALUES (295, 26, 77, 100, 'A');
INSERT INTO exam_results (student_id, exam_schedule_id, marks_obtained, max_marks, grade) VALUES (295, 27, 83, 100, 'A+');
INSERT INTO exam_results (student_id, exam_schedule_id, marks_obtained, max_marks, grade) VALUES (295, 28, 47, 100, 'C');
INSERT INTO exam_results (student_id, exam_schedule_id, marks_obtained, max_marks, grade) VALUES (295, 29, 79, 100, 'A+');
INSERT INTO exam_results (student_id, exam_schedule_id, marks_obtained, max_marks, grade) VALUES (295, 30, 70, 100, 'A');
INSERT INTO exam_results (student_id, exam_schedule_id, marks_obtained, max_marks, grade) VALUES (295, 31, 54, 100, 'B');
INSERT INTO exam_results (student_id, exam_schedule_id, marks_obtained, max_marks, grade) VALUES (295, 32, 83, 100, 'A+');
INSERT INTO exam_results (student_id, exam_schedule_id, marks_obtained, max_marks, grade) VALUES (296, 25, 78, 100, 'A');
INSERT INTO exam_results (student_id, exam_schedule_id, marks_obtained, max_marks, grade) VALUES (296, 26, 49, 100, 'C');
INSERT INTO exam_results (student_id, exam_schedule_id, marks_obtained, max_marks, grade) VALUES (296, 27, 61, 100, 'B+');
INSERT INTO exam_results (student_id, exam_schedule_id, marks_obtained, max_marks, grade) VALUES (296, 28, 90, 100, 'O');
INSERT INTO exam_results (student_id, exam_schedule_id, marks_obtained, max_marks, grade) VALUES (296, 29, 90, 100, 'O');
INSERT INTO exam_results (student_id, exam_schedule_id, marks_obtained, max_marks, grade) VALUES (296, 30, 83, 100, 'A+');
INSERT INTO exam_results (student_id, exam_schedule_id, marks_obtained, max_marks, grade) VALUES (296, 31, 85, 100, 'A+');
INSERT INTO exam_results (student_id, exam_schedule_id, marks_obtained, max_marks, grade) VALUES (296, 32, 52, 100, 'B');
INSERT INTO exam_results (student_id, exam_schedule_id, marks_obtained, max_marks, grade) VALUES (297, 25, 68, 100, 'B+');
INSERT INTO exam_results (student_id, exam_schedule_id, marks_obtained, max_marks, grade) VALUES (297, 26, 48, 100, 'C');
INSERT INTO exam_results (student_id, exam_schedule_id, marks_obtained, max_marks, grade) VALUES (297, 27, 86, 100, 'A+');
INSERT INTO exam_results (student_id, exam_schedule_id, marks_obtained, max_marks, grade) VALUES (297, 28, 75, 100, 'A');
INSERT INTO exam_results (student_id, exam_schedule_id, marks_obtained, max_marks, grade) VALUES (297, 29, 52, 100, 'B');
INSERT INTO exam_results (student_id, exam_schedule_id, marks_obtained, max_marks, grade) VALUES (297, 30, 54, 100, 'B');
INSERT INTO exam_results (student_id, exam_schedule_id, marks_obtained, max_marks, grade) VALUES (297, 31, 95, 100, 'O');
INSERT INTO exam_results (student_id, exam_schedule_id, marks_obtained, max_marks, grade) VALUES (297, 32, 60, 100, 'B+');
INSERT INTO exam_results (student_id, exam_schedule_id, marks_obtained, max_marks, grade) VALUES (298, 25, 59, 100, 'B');
INSERT INTO exam_results (student_id, exam_schedule_id, marks_obtained, max_marks, grade) VALUES (298, 26, 60, 100, 'B+');
INSERT INTO exam_results (student_id, exam_schedule_id, marks_obtained, max_marks, grade) VALUES (298, 27, 51, 100, 'B');
INSERT INTO exam_results (student_id, exam_schedule_id, marks_obtained, max_marks, grade) VALUES (298, 28, 73, 100, 'A');
INSERT INTO exam_results (student_id, exam_schedule_id, marks_obtained, max_marks, grade) VALUES (298, 29, 92, 100, 'O');
INSERT INTO exam_results (student_id, exam_schedule_id, marks_obtained, max_marks, grade) VALUES (298, 30, 65, 100, 'B+');
INSERT INTO exam_results (student_id, exam_schedule_id, marks_obtained, max_marks, grade) VALUES (298, 31, 86, 100, 'A+');
INSERT INTO exam_results (student_id, exam_schedule_id, marks_obtained, max_marks, grade) VALUES (298, 32, 61, 100, 'B+');
INSERT INTO exam_results (student_id, exam_schedule_id, marks_obtained, max_marks, grade) VALUES (299, 25, 49, 100, 'C');
INSERT INTO exam_results (student_id, exam_schedule_id, marks_obtained, max_marks, grade) VALUES (299, 26, 95, 100, 'O');
INSERT INTO exam_results (student_id, exam_schedule_id, marks_obtained, max_marks, grade) VALUES (299, 27, 94, 100, 'O');
INSERT INTO exam_results (student_id, exam_schedule_id, marks_obtained, max_marks, grade) VALUES (299, 28, 56, 100, 'B');
INSERT INTO exam_results (student_id, exam_schedule_id, marks_obtained, max_marks, grade) VALUES (299, 29, 48, 100, 'C');
INSERT INTO exam_results (student_id, exam_schedule_id, marks_obtained, max_marks, grade) VALUES (299, 30, 71, 100, 'A');
INSERT INTO exam_results (student_id, exam_schedule_id, marks_obtained, max_marks, grade) VALUES (299, 31, 84, 100, 'A+');
INSERT INTO exam_results (student_id, exam_schedule_id, marks_obtained, max_marks, grade) VALUES (299, 32, 82, 100, 'A+');
INSERT INTO exam_results (student_id, exam_schedule_id, marks_obtained, max_marks, grade) VALUES (300, 25, 57, 100, 'B');
INSERT INTO exam_results (student_id, exam_schedule_id, marks_obtained, max_marks, grade) VALUES (300, 26, 83, 100, 'A+');
INSERT INTO exam_results (student_id, exam_schedule_id, marks_obtained, max_marks, grade) VALUES (300, 27, 52, 100, 'B');
INSERT INTO exam_results (student_id, exam_schedule_id, marks_obtained, max_marks, grade) VALUES (300, 28, 56, 100, 'B');
INSERT INTO exam_results (student_id, exam_schedule_id, marks_obtained, max_marks, grade) VALUES (300, 29, 97, 100, 'O');
INSERT INTO exam_results (student_id, exam_schedule_id, marks_obtained, max_marks, grade) VALUES (300, 30, 70, 100, 'A');
INSERT INTO exam_results (student_id, exam_schedule_id, marks_obtained, max_marks, grade) VALUES (300, 31, 96, 100, 'O');
INSERT INTO exam_results (student_id, exam_schedule_id, marks_obtained, max_marks, grade) VALUES (300, 32, 60, 100, 'B+');
INSERT INTO exam_results (student_id, exam_schedule_id, marks_obtained, max_marks, grade) VALUES (301, 25, 79, 100, 'A+');
INSERT INTO exam_results (student_id, exam_schedule_id, marks_obtained, max_marks, grade) VALUES (301, 26, 84, 100, 'A+');
INSERT INTO exam_results (student_id, exam_schedule_id, marks_obtained, max_marks, grade) VALUES (301, 27, 63, 100, 'B+');
INSERT INTO exam_results (student_id, exam_schedule_id, marks_obtained, max_marks, grade) VALUES (301, 28, 87, 100, 'A+');
INSERT INTO exam_results (student_id, exam_schedule_id, marks_obtained, max_marks, grade) VALUES (301, 29, 46, 100, 'C');
INSERT INTO exam_results (student_id, exam_schedule_id, marks_obtained, max_marks, grade) VALUES (301, 30, 83, 100, 'A+');
INSERT INTO exam_results (student_id, exam_schedule_id, marks_obtained, max_marks, grade) VALUES (301, 31, 65, 100, 'B+');
INSERT INTO exam_results (student_id, exam_schedule_id, marks_obtained, max_marks, grade) VALUES (301, 32, 70, 100, 'A');
INSERT INTO exam_results (student_id, exam_schedule_id, marks_obtained, max_marks, grade) VALUES (302, 25, 68, 100, 'B+');
INSERT INTO exam_results (student_id, exam_schedule_id, marks_obtained, max_marks, grade) VALUES (302, 26, 62, 100, 'B+');
INSERT INTO exam_results (student_id, exam_schedule_id, marks_obtained, max_marks, grade) VALUES (302, 27, 96, 100, 'O');
INSERT INTO exam_results (student_id, exam_schedule_id, marks_obtained, max_marks, grade) VALUES (302, 28, 71, 100, 'A');
INSERT INTO exam_results (student_id, exam_schedule_id, marks_obtained, max_marks, grade) VALUES (302, 29, 59, 100, 'B');
INSERT INTO exam_results (student_id, exam_schedule_id, marks_obtained, max_marks, grade) VALUES (302, 30, 48, 100, 'C');
INSERT INTO exam_results (student_id, exam_schedule_id, marks_obtained, max_marks, grade) VALUES (302, 31, 87, 100, 'A+');
INSERT INTO exam_results (student_id, exam_schedule_id, marks_obtained, max_marks, grade) VALUES (302, 32, 68, 100, 'B+');
INSERT INTO exam_results (student_id, exam_schedule_id, marks_obtained, max_marks, grade) VALUES (303, 25, 88, 100, 'A+');
INSERT INTO exam_results (student_id, exam_schedule_id, marks_obtained, max_marks, grade) VALUES (303, 26, 71, 100, 'A');
INSERT INTO exam_results (student_id, exam_schedule_id, marks_obtained, max_marks, grade) VALUES (303, 27, 86, 100, 'A+');
INSERT INTO exam_results (student_id, exam_schedule_id, marks_obtained, max_marks, grade) VALUES (303, 28, 60, 100, 'B+');
INSERT INTO exam_results (student_id, exam_schedule_id, marks_obtained, max_marks, grade) VALUES (303, 29, 67, 100, 'B+');
INSERT INTO exam_results (student_id, exam_schedule_id, marks_obtained, max_marks, grade) VALUES (303, 30, 80, 100, 'A+');
INSERT INTO exam_results (student_id, exam_schedule_id, marks_obtained, max_marks, grade) VALUES (303, 31, 88, 100, 'A+');
INSERT INTO exam_results (student_id, exam_schedule_id, marks_obtained, max_marks, grade) VALUES (303, 32, 86, 100, 'A+');
INSERT INTO exam_results (student_id, exam_schedule_id, marks_obtained, max_marks, grade) VALUES (304, 25, 65, 100, 'B+');
INSERT INTO exam_results (student_id, exam_schedule_id, marks_obtained, max_marks, grade) VALUES (304, 26, 73, 100, 'A');
INSERT INTO exam_results (student_id, exam_schedule_id, marks_obtained, max_marks, grade) VALUES (304, 27, 61, 100, 'B+');
INSERT INTO exam_results (student_id, exam_schedule_id, marks_obtained, max_marks, grade) VALUES (304, 28, 98, 100, 'O');
INSERT INTO exam_results (student_id, exam_schedule_id, marks_obtained, max_marks, grade) VALUES (304, 29, 92, 100, 'O');
INSERT INTO exam_results (student_id, exam_schedule_id, marks_obtained, max_marks, grade) VALUES (304, 30, 81, 100, 'A+');
INSERT INTO exam_results (student_id, exam_schedule_id, marks_obtained, max_marks, grade) VALUES (304, 31, 76, 100, 'A');
INSERT INTO exam_results (student_id, exam_schedule_id, marks_obtained, max_marks, grade) VALUES (304, 32, 50, 100, 'B');
INSERT INTO exam_results (student_id, exam_schedule_id, marks_obtained, max_marks, grade) VALUES (307, 33, 63, 100, 'B+');
INSERT INTO exam_results (student_id, exam_schedule_id, marks_obtained, max_marks, grade) VALUES (307, 34, 93, 100, 'O');
INSERT INTO exam_results (student_id, exam_schedule_id, marks_obtained, max_marks, grade) VALUES (307, 35, 46, 100, 'C');
INSERT INTO exam_results (student_id, exam_schedule_id, marks_obtained, max_marks, grade) VALUES (307, 36, 53, 100, 'B');
INSERT INTO exam_results (student_id, exam_schedule_id, marks_obtained, max_marks, grade) VALUES (308, 33, 87, 100, 'A+');
INSERT INTO exam_results (student_id, exam_schedule_id, marks_obtained, max_marks, grade) VALUES (308, 34, 59, 100, 'B');
INSERT INTO exam_results (student_id, exam_schedule_id, marks_obtained, max_marks, grade) VALUES (308, 35, 81, 100, 'A+');
INSERT INTO exam_results (student_id, exam_schedule_id, marks_obtained, max_marks, grade) VALUES (308, 36, 89, 100, 'O');
INSERT INTO exam_results (student_id, exam_schedule_id, marks_obtained, max_marks, grade) VALUES (309, 33, 47, 100, 'C');
INSERT INTO exam_results (student_id, exam_schedule_id, marks_obtained, max_marks, grade) VALUES (309, 34, 61, 100, 'B+');
INSERT INTO exam_results (student_id, exam_schedule_id, marks_obtained, max_marks, grade) VALUES (309, 35, 46, 100, 'C');
INSERT INTO exam_results (student_id, exam_schedule_id, marks_obtained, max_marks, grade) VALUES (309, 36, 71, 100, 'A');
INSERT INTO exam_results (student_id, exam_schedule_id, marks_obtained, max_marks, grade) VALUES (309, 37, 46, 100, 'C');
INSERT INTO exam_results (student_id, exam_schedule_id, marks_obtained, max_marks, grade) VALUES (309, 38, 51, 100, 'B');
INSERT INTO exam_results (student_id, exam_schedule_id, marks_obtained, max_marks, grade) VALUES (309, 39, 68, 100, 'B+');
INSERT INTO exam_results (student_id, exam_schedule_id, marks_obtained, max_marks, grade) VALUES (309, 40, 80, 100, 'A+');
INSERT INTO exam_results (student_id, exam_schedule_id, marks_obtained, max_marks, grade) VALUES (310, 33, 92, 100, 'O');
INSERT INTO exam_results (student_id, exam_schedule_id, marks_obtained, max_marks, grade) VALUES (310, 34, 65, 100, 'B+');
INSERT INTO exam_results (student_id, exam_schedule_id, marks_obtained, max_marks, grade) VALUES (310, 35, 86, 100, 'A+');
INSERT INTO exam_results (student_id, exam_schedule_id, marks_obtained, max_marks, grade) VALUES (310, 36, 80, 100, 'A+');
INSERT INTO exam_results (student_id, exam_schedule_id, marks_obtained, max_marks, grade) VALUES (310, 37, 52, 100, 'B');
INSERT INTO exam_results (student_id, exam_schedule_id, marks_obtained, max_marks, grade) VALUES (310, 38, 87, 100, 'A+');
INSERT INTO exam_results (student_id, exam_schedule_id, marks_obtained, max_marks, grade) VALUES (310, 39, 67, 100, 'B+');
INSERT INTO exam_results (student_id, exam_schedule_id, marks_obtained, max_marks, grade) VALUES (310, 40, 64, 100, 'B+');
INSERT INTO exam_results (student_id, exam_schedule_id, marks_obtained, max_marks, grade) VALUES (311, 33, 94, 100, 'O');
INSERT INTO exam_results (student_id, exam_schedule_id, marks_obtained, max_marks, grade) VALUES (311, 34, 89, 100, 'O');
INSERT INTO exam_results (student_id, exam_schedule_id, marks_obtained, max_marks, grade) VALUES (311, 35, 68, 100, 'B+');
INSERT INTO exam_results (student_id, exam_schedule_id, marks_obtained, max_marks, grade) VALUES (311, 36, 91, 100, 'O');
INSERT INTO exam_results (student_id, exam_schedule_id, marks_obtained, max_marks, grade) VALUES (311, 37, 85, 100, 'A+');
INSERT INTO exam_results (student_id, exam_schedule_id, marks_obtained, max_marks, grade) VALUES (311, 38, 53, 100, 'B');
INSERT INTO exam_results (student_id, exam_schedule_id, marks_obtained, max_marks, grade) VALUES (311, 39, 89, 100, 'O');
INSERT INTO exam_results (student_id, exam_schedule_id, marks_obtained, max_marks, grade) VALUES (311, 40, 83, 100, 'A+');
INSERT INTO exam_results (student_id, exam_schedule_id, marks_obtained, max_marks, grade) VALUES (312, 33, 57, 100, 'B');
INSERT INTO exam_results (student_id, exam_schedule_id, marks_obtained, max_marks, grade) VALUES (312, 34, 79, 100, 'A+');
INSERT INTO exam_results (student_id, exam_schedule_id, marks_obtained, max_marks, grade) VALUES (312, 35, 81, 100, 'A+');
INSERT INTO exam_results (student_id, exam_schedule_id, marks_obtained, max_marks, grade) VALUES (312, 36, 74, 100, 'A');
INSERT INTO exam_results (student_id, exam_schedule_id, marks_obtained, max_marks, grade) VALUES (312, 37, 74, 100, 'A');
INSERT INTO exam_results (student_id, exam_schedule_id, marks_obtained, max_marks, grade) VALUES (312, 38, 97, 100, 'O');
INSERT INTO exam_results (student_id, exam_schedule_id, marks_obtained, max_marks, grade) VALUES (312, 39, 55, 100, 'B');
INSERT INTO exam_results (student_id, exam_schedule_id, marks_obtained, max_marks, grade) VALUES (312, 40, 89, 100, 'O');
INSERT INTO exam_results (student_id, exam_schedule_id, marks_obtained, max_marks, grade) VALUES (313, 33, 52, 100, 'B');
INSERT INTO exam_results (student_id, exam_schedule_id, marks_obtained, max_marks, grade) VALUES (313, 34, 92, 100, 'O');
INSERT INTO exam_results (student_id, exam_schedule_id, marks_obtained, max_marks, grade) VALUES (313, 35, 62, 100, 'B+');
INSERT INTO exam_results (student_id, exam_schedule_id, marks_obtained, max_marks, grade) VALUES (313, 36, 86, 100, 'A+');
INSERT INTO exam_results (student_id, exam_schedule_id, marks_obtained, max_marks, grade) VALUES (313, 37, 74, 100, 'A');
INSERT INTO exam_results (student_id, exam_schedule_id, marks_obtained, max_marks, grade) VALUES (313, 38, 89, 100, 'O');
INSERT INTO exam_results (student_id, exam_schedule_id, marks_obtained, max_marks, grade) VALUES (313, 39, 53, 100, 'B');
INSERT INTO exam_results (student_id, exam_schedule_id, marks_obtained, max_marks, grade) VALUES (313, 40, 51, 100, 'B');
INSERT INTO exam_results (student_id, exam_schedule_id, marks_obtained, max_marks, grade) VALUES (314, 33, 74, 100, 'A');
INSERT INTO exam_results (student_id, exam_schedule_id, marks_obtained, max_marks, grade) VALUES (314, 34, 48, 100, 'C');
INSERT INTO exam_results (student_id, exam_schedule_id, marks_obtained, max_marks, grade) VALUES (314, 35, 59, 100, 'B');
INSERT INTO exam_results (student_id, exam_schedule_id, marks_obtained, max_marks, grade) VALUES (314, 36, 69, 100, 'B+');
INSERT INTO exam_results (student_id, exam_schedule_id, marks_obtained, max_marks, grade) VALUES (314, 37, 47, 100, 'C');
INSERT INTO exam_results (student_id, exam_schedule_id, marks_obtained, max_marks, grade) VALUES (314, 38, 77, 100, 'A');
INSERT INTO exam_results (student_id, exam_schedule_id, marks_obtained, max_marks, grade) VALUES (314, 39, 97, 100, 'O');
INSERT INTO exam_results (student_id, exam_schedule_id, marks_obtained, max_marks, grade) VALUES (314, 40, 65, 100, 'B+');
INSERT INTO exam_results (student_id, exam_schedule_id, marks_obtained, max_marks, grade) VALUES (315, 33, 47, 100, 'C');
INSERT INTO exam_results (student_id, exam_schedule_id, marks_obtained, max_marks, grade) VALUES (315, 34, 91, 100, 'O');
INSERT INTO exam_results (student_id, exam_schedule_id, marks_obtained, max_marks, grade) VALUES (315, 35, 62, 100, 'B+');
INSERT INTO exam_results (student_id, exam_schedule_id, marks_obtained, max_marks, grade) VALUES (315, 36, 94, 100, 'O');
INSERT INTO exam_results (student_id, exam_schedule_id, marks_obtained, max_marks, grade) VALUES (315, 37, 55, 100, 'B');
INSERT INTO exam_results (student_id, exam_schedule_id, marks_obtained, max_marks, grade) VALUES (315, 38, 76, 100, 'A');
INSERT INTO exam_results (student_id, exam_schedule_id, marks_obtained, max_marks, grade) VALUES (315, 39, 98, 100, 'O');
INSERT INTO exam_results (student_id, exam_schedule_id, marks_obtained, max_marks, grade) VALUES (315, 40, 66, 100, 'B+');
INSERT INTO exam_results (student_id, exam_schedule_id, marks_obtained, max_marks, grade) VALUES (316, 33, 81, 100, 'A+');
INSERT INTO exam_results (student_id, exam_schedule_id, marks_obtained, max_marks, grade) VALUES (316, 34, 94, 100, 'O');
INSERT INTO exam_results (student_id, exam_schedule_id, marks_obtained, max_marks, grade) VALUES (316, 35, 95, 100, 'O');
INSERT INTO exam_results (student_id, exam_schedule_id, marks_obtained, max_marks, grade) VALUES (316, 36, 76, 100, 'A');
INSERT INTO exam_results (student_id, exam_schedule_id, marks_obtained, max_marks, grade) VALUES (316, 37, 92, 100, 'O');
INSERT INTO exam_results (student_id, exam_schedule_id, marks_obtained, max_marks, grade) VALUES (316, 38, 55, 100, 'B');
INSERT INTO exam_results (student_id, exam_schedule_id, marks_obtained, max_marks, grade) VALUES (316, 39, 71, 100, 'A');
INSERT INTO exam_results (student_id, exam_schedule_id, marks_obtained, max_marks, grade) VALUES (316, 40, 51, 100, 'B');
INSERT INTO exam_results (student_id, exam_schedule_id, marks_obtained, max_marks, grade) VALUES (317, 33, 96, 100, 'O');
INSERT INTO exam_results (student_id, exam_schedule_id, marks_obtained, max_marks, grade) VALUES (317, 34, 84, 100, 'A+');
INSERT INTO exam_results (student_id, exam_schedule_id, marks_obtained, max_marks, grade) VALUES (317, 35, 67, 100, 'B+');
INSERT INTO exam_results (student_id, exam_schedule_id, marks_obtained, max_marks, grade) VALUES (317, 36, 52, 100, 'B');
INSERT INTO exam_results (student_id, exam_schedule_id, marks_obtained, max_marks, grade) VALUES (317, 37, 59, 100, 'B');
INSERT INTO exam_results (student_id, exam_schedule_id, marks_obtained, max_marks, grade) VALUES (317, 38, 97, 100, 'O');
INSERT INTO exam_results (student_id, exam_schedule_id, marks_obtained, max_marks, grade) VALUES (317, 39, 74, 100, 'A');
INSERT INTO exam_results (student_id, exam_schedule_id, marks_obtained, max_marks, grade) VALUES (317, 40, 45, 100, 'C');
INSERT INTO exam_results (student_id, exam_schedule_id, marks_obtained, max_marks, grade) VALUES (318, 33, 60, 100, 'B+');
INSERT INTO exam_results (student_id, exam_schedule_id, marks_obtained, max_marks, grade) VALUES (318, 34, 91, 100, 'O');
INSERT INTO exam_results (student_id, exam_schedule_id, marks_obtained, max_marks, grade) VALUES (318, 35, 64, 100, 'B+');
INSERT INTO exam_results (student_id, exam_schedule_id, marks_obtained, max_marks, grade) VALUES (318, 36, 63, 100, 'B+');
INSERT INTO exam_results (student_id, exam_schedule_id, marks_obtained, max_marks, grade) VALUES (318, 37, 46, 100, 'C');
INSERT INTO exam_results (student_id, exam_schedule_id, marks_obtained, max_marks, grade) VALUES (318, 38, 67, 100, 'B+');
INSERT INTO exam_results (student_id, exam_schedule_id, marks_obtained, max_marks, grade) VALUES (318, 39, 88, 100, 'A+');
INSERT INTO exam_results (student_id, exam_schedule_id, marks_obtained, max_marks, grade) VALUES (318, 40, 90, 100, 'O');
INSERT INTO exam_results (student_id, exam_schedule_id, marks_obtained, max_marks, grade) VALUES (319, 33, 96, 100, 'O');
INSERT INTO exam_results (student_id, exam_schedule_id, marks_obtained, max_marks, grade) VALUES (319, 34, 70, 100, 'A');
INSERT INTO exam_results (student_id, exam_schedule_id, marks_obtained, max_marks, grade) VALUES (319, 35, 46, 100, 'C');
INSERT INTO exam_results (student_id, exam_schedule_id, marks_obtained, max_marks, grade) VALUES (319, 36, 77, 100, 'A');
INSERT INTO exam_results (student_id, exam_schedule_id, marks_obtained, max_marks, grade) VALUES (319, 37, 56, 100, 'B');
INSERT INTO exam_results (student_id, exam_schedule_id, marks_obtained, max_marks, grade) VALUES (319, 38, 97, 100, 'O');
INSERT INTO exam_results (student_id, exam_schedule_id, marks_obtained, max_marks, grade) VALUES (319, 39, 87, 100, 'A+');
INSERT INTO exam_results (student_id, exam_schedule_id, marks_obtained, max_marks, grade) VALUES (319, 40, 46, 100, 'C');
INSERT INTO exam_results (student_id, exam_schedule_id, marks_obtained, max_marks, grade) VALUES (320, 33, 54, 100, 'B');
INSERT INTO exam_results (student_id, exam_schedule_id, marks_obtained, max_marks, grade) VALUES (320, 34, 90, 100, 'O');
INSERT INTO exam_results (student_id, exam_schedule_id, marks_obtained, max_marks, grade) VALUES (320, 35, 68, 100, 'B+');
INSERT INTO exam_results (student_id, exam_schedule_id, marks_obtained, max_marks, grade) VALUES (320, 36, 69, 100, 'B+');
INSERT INTO exam_results (student_id, exam_schedule_id, marks_obtained, max_marks, grade) VALUES (320, 37, 47, 100, 'C');
INSERT INTO exam_results (student_id, exam_schedule_id, marks_obtained, max_marks, grade) VALUES (320, 38, 77, 100, 'A');
INSERT INTO exam_results (student_id, exam_schedule_id, marks_obtained, max_marks, grade) VALUES (320, 39, 46, 100, 'C');
INSERT INTO exam_results (student_id, exam_schedule_id, marks_obtained, max_marks, grade) VALUES (320, 40, 74, 100, 'A');
INSERT INTO exam_results (student_id, exam_schedule_id, marks_obtained, max_marks, grade) VALUES (323, 1, 71, 100, 'A');
INSERT INTO exam_results (student_id, exam_schedule_id, marks_obtained, max_marks, grade) VALUES (323, 2, 84, 100, 'A+');
INSERT INTO exam_results (student_id, exam_schedule_id, marks_obtained, max_marks, grade) VALUES (323, 3, 57, 100, 'B');
INSERT INTO exam_results (student_id, exam_schedule_id, marks_obtained, max_marks, grade) VALUES (323, 4, 73, 100, 'A');
INSERT INTO exam_results (student_id, exam_schedule_id, marks_obtained, max_marks, grade) VALUES (324, 1, 65, 100, 'B+');
INSERT INTO exam_results (student_id, exam_schedule_id, marks_obtained, max_marks, grade) VALUES (324, 2, 50, 100, 'B');
INSERT INTO exam_results (student_id, exam_schedule_id, marks_obtained, max_marks, grade) VALUES (324, 3, 51, 100, 'B');
INSERT INTO exam_results (student_id, exam_schedule_id, marks_obtained, max_marks, grade) VALUES (324, 4, 45, 100, 'C');
INSERT INTO exam_results (student_id, exam_schedule_id, marks_obtained, max_marks, grade) VALUES (325, 1, 61, 100, 'B+');
INSERT INTO exam_results (student_id, exam_schedule_id, marks_obtained, max_marks, grade) VALUES (325, 2, 76, 100, 'A');
INSERT INTO exam_results (student_id, exam_schedule_id, marks_obtained, max_marks, grade) VALUES (325, 3, 89, 100, 'O');
INSERT INTO exam_results (student_id, exam_schedule_id, marks_obtained, max_marks, grade) VALUES (325, 4, 88, 100, 'A+');
INSERT INTO exam_results (student_id, exam_schedule_id, marks_obtained, max_marks, grade) VALUES (325, 5, 60, 100, 'B+');
INSERT INTO exam_results (student_id, exam_schedule_id, marks_obtained, max_marks, grade) VALUES (325, 6, 85, 100, 'A+');
INSERT INTO exam_results (student_id, exam_schedule_id, marks_obtained, max_marks, grade) VALUES (325, 7, 95, 100, 'O');
INSERT INTO exam_results (student_id, exam_schedule_id, marks_obtained, max_marks, grade) VALUES (325, 8, 53, 100, 'B');
INSERT INTO exam_results (student_id, exam_schedule_id, marks_obtained, max_marks, grade) VALUES (326, 1, 76, 100, 'A');
INSERT INTO exam_results (student_id, exam_schedule_id, marks_obtained, max_marks, grade) VALUES (326, 2, 89, 100, 'O');
INSERT INTO exam_results (student_id, exam_schedule_id, marks_obtained, max_marks, grade) VALUES (326, 3, 74, 100, 'A');
INSERT INTO exam_results (student_id, exam_schedule_id, marks_obtained, max_marks, grade) VALUES (326, 4, 49, 100, 'C');
INSERT INTO exam_results (student_id, exam_schedule_id, marks_obtained, max_marks, grade) VALUES (326, 5, 52, 100, 'B');
INSERT INTO exam_results (student_id, exam_schedule_id, marks_obtained, max_marks, grade) VALUES (326, 6, 65, 100, 'B+');
INSERT INTO exam_results (student_id, exam_schedule_id, marks_obtained, max_marks, grade) VALUES (326, 7, 88, 100, 'A+');
INSERT INTO exam_results (student_id, exam_schedule_id, marks_obtained, max_marks, grade) VALUES (326, 8, 90, 100, 'O');
INSERT INTO exam_results (student_id, exam_schedule_id, marks_obtained, max_marks, grade) VALUES (327, 1, 67, 100, 'B+');
INSERT INTO exam_results (student_id, exam_schedule_id, marks_obtained, max_marks, grade) VALUES (327, 2, 93, 100, 'O');
INSERT INTO exam_results (student_id, exam_schedule_id, marks_obtained, max_marks, grade) VALUES (327, 3, 57, 100, 'B');
INSERT INTO exam_results (student_id, exam_schedule_id, marks_obtained, max_marks, grade) VALUES (327, 4, 53, 100, 'B');
INSERT INTO exam_results (student_id, exam_schedule_id, marks_obtained, max_marks, grade) VALUES (327, 5, 86, 100, 'A+');
INSERT INTO exam_results (student_id, exam_schedule_id, marks_obtained, max_marks, grade) VALUES (327, 6, 69, 100, 'B+');
INSERT INTO exam_results (student_id, exam_schedule_id, marks_obtained, max_marks, grade) VALUES (327, 7, 74, 100, 'A');
INSERT INTO exam_results (student_id, exam_schedule_id, marks_obtained, max_marks, grade) VALUES (327, 8, 55, 100, 'B');
INSERT INTO exam_results (student_id, exam_schedule_id, marks_obtained, max_marks, grade) VALUES (328, 1, 58, 100, 'B');
INSERT INTO exam_results (student_id, exam_schedule_id, marks_obtained, max_marks, grade) VALUES (328, 2, 91, 100, 'O');
INSERT INTO exam_results (student_id, exam_schedule_id, marks_obtained, max_marks, grade) VALUES (328, 3, 70, 100, 'A');
INSERT INTO exam_results (student_id, exam_schedule_id, marks_obtained, max_marks, grade) VALUES (328, 4, 75, 100, 'A');
INSERT INTO exam_results (student_id, exam_schedule_id, marks_obtained, max_marks, grade) VALUES (328, 5, 75, 100, 'A');
INSERT INTO exam_results (student_id, exam_schedule_id, marks_obtained, max_marks, grade) VALUES (328, 6, 63, 100, 'B+');
INSERT INTO exam_results (student_id, exam_schedule_id, marks_obtained, max_marks, grade) VALUES (328, 7, 94, 100, 'O');
INSERT INTO exam_results (student_id, exam_schedule_id, marks_obtained, max_marks, grade) VALUES (328, 8, 87, 100, 'A+');
INSERT INTO exam_results (student_id, exam_schedule_id, marks_obtained, max_marks, grade) VALUES (329, 1, 70, 100, 'A');
INSERT INTO exam_results (student_id, exam_schedule_id, marks_obtained, max_marks, grade) VALUES (329, 2, 48, 100, 'C');
INSERT INTO exam_results (student_id, exam_schedule_id, marks_obtained, max_marks, grade) VALUES (329, 3, 68, 100, 'B+');
INSERT INTO exam_results (student_id, exam_schedule_id, marks_obtained, max_marks, grade) VALUES (329, 4, 72, 100, 'A');
INSERT INTO exam_results (student_id, exam_schedule_id, marks_obtained, max_marks, grade) VALUES (329, 5, 48, 100, 'C');
INSERT INTO exam_results (student_id, exam_schedule_id, marks_obtained, max_marks, grade) VALUES (329, 6, 64, 100, 'B+');
INSERT INTO exam_results (student_id, exam_schedule_id, marks_obtained, max_marks, grade) VALUES (329, 7, 92, 100, 'O');
INSERT INTO exam_results (student_id, exam_schedule_id, marks_obtained, max_marks, grade) VALUES (329, 8, 65, 100, 'B+');
INSERT INTO exam_results (student_id, exam_schedule_id, marks_obtained, max_marks, grade) VALUES (330, 1, 51, 100, 'B');
INSERT INTO exam_results (student_id, exam_schedule_id, marks_obtained, max_marks, grade) VALUES (330, 2, 47, 100, 'C');
INSERT INTO exam_results (student_id, exam_schedule_id, marks_obtained, max_marks, grade) VALUES (330, 3, 83, 100, 'A+');
INSERT INTO exam_results (student_id, exam_schedule_id, marks_obtained, max_marks, grade) VALUES (330, 4, 89, 100, 'O');
INSERT INTO exam_results (student_id, exam_schedule_id, marks_obtained, max_marks, grade) VALUES (330, 5, 69, 100, 'B+');
INSERT INTO exam_results (student_id, exam_schedule_id, marks_obtained, max_marks, grade) VALUES (330, 6, 71, 100, 'A');
INSERT INTO exam_results (student_id, exam_schedule_id, marks_obtained, max_marks, grade) VALUES (330, 7, 94, 100, 'O');
INSERT INTO exam_results (student_id, exam_schedule_id, marks_obtained, max_marks, grade) VALUES (330, 8, 56, 100, 'B');
INSERT INTO exam_results (student_id, exam_schedule_id, marks_obtained, max_marks, grade) VALUES (331, 1, 93, 100, 'O');
INSERT INTO exam_results (student_id, exam_schedule_id, marks_obtained, max_marks, grade) VALUES (331, 2, 51, 100, 'B');
INSERT INTO exam_results (student_id, exam_schedule_id, marks_obtained, max_marks, grade) VALUES (331, 3, 97, 100, 'O');
INSERT INTO exam_results (student_id, exam_schedule_id, marks_obtained, max_marks, grade) VALUES (331, 4, 83, 100, 'A+');
INSERT INTO exam_results (student_id, exam_schedule_id, marks_obtained, max_marks, grade) VALUES (331, 5, 82, 100, 'A+');
INSERT INTO exam_results (student_id, exam_schedule_id, marks_obtained, max_marks, grade) VALUES (331, 6, 88, 100, 'A+');
INSERT INTO exam_results (student_id, exam_schedule_id, marks_obtained, max_marks, grade) VALUES (331, 7, 82, 100, 'A+');
INSERT INTO exam_results (student_id, exam_schedule_id, marks_obtained, max_marks, grade) VALUES (331, 8, 92, 100, 'O');
INSERT INTO exam_results (student_id, exam_schedule_id, marks_obtained, max_marks, grade) VALUES (332, 1, 76, 100, 'A');
INSERT INTO exam_results (student_id, exam_schedule_id, marks_obtained, max_marks, grade) VALUES (332, 2, 81, 100, 'A+');
INSERT INTO exam_results (student_id, exam_schedule_id, marks_obtained, max_marks, grade) VALUES (332, 3, 67, 100, 'B+');
INSERT INTO exam_results (student_id, exam_schedule_id, marks_obtained, max_marks, grade) VALUES (332, 4, 81, 100, 'A+');
INSERT INTO exam_results (student_id, exam_schedule_id, marks_obtained, max_marks, grade) VALUES (332, 5, 90, 100, 'O');
INSERT INTO exam_results (student_id, exam_schedule_id, marks_obtained, max_marks, grade) VALUES (332, 6, 86, 100, 'A+');
INSERT INTO exam_results (student_id, exam_schedule_id, marks_obtained, max_marks, grade) VALUES (332, 7, 68, 100, 'B+');
INSERT INTO exam_results (student_id, exam_schedule_id, marks_obtained, max_marks, grade) VALUES (332, 8, 48, 100, 'C');
INSERT INTO exam_results (student_id, exam_schedule_id, marks_obtained, max_marks, grade) VALUES (333, 1, 74, 100, 'A');
INSERT INTO exam_results (student_id, exam_schedule_id, marks_obtained, max_marks, grade) VALUES (333, 2, 95, 100, 'O');
INSERT INTO exam_results (student_id, exam_schedule_id, marks_obtained, max_marks, grade) VALUES (333, 3, 81, 100, 'A+');
INSERT INTO exam_results (student_id, exam_schedule_id, marks_obtained, max_marks, grade) VALUES (333, 4, 93, 100, 'O');
INSERT INTO exam_results (student_id, exam_schedule_id, marks_obtained, max_marks, grade) VALUES (333, 5, 78, 100, 'A');
INSERT INTO exam_results (student_id, exam_schedule_id, marks_obtained, max_marks, grade) VALUES (333, 6, 89, 100, 'O');
INSERT INTO exam_results (student_id, exam_schedule_id, marks_obtained, max_marks, grade) VALUES (333, 7, 76, 100, 'A');
INSERT INTO exam_results (student_id, exam_schedule_id, marks_obtained, max_marks, grade) VALUES (333, 8, 89, 100, 'O');
INSERT INTO exam_results (student_id, exam_schedule_id, marks_obtained, max_marks, grade) VALUES (334, 1, 71, 100, 'A');
INSERT INTO exam_results (student_id, exam_schedule_id, marks_obtained, max_marks, grade) VALUES (334, 2, 87, 100, 'A+');
INSERT INTO exam_results (student_id, exam_schedule_id, marks_obtained, max_marks, grade) VALUES (334, 3, 80, 100, 'A+');
INSERT INTO exam_results (student_id, exam_schedule_id, marks_obtained, max_marks, grade) VALUES (334, 4, 66, 100, 'B+');
INSERT INTO exam_results (student_id, exam_schedule_id, marks_obtained, max_marks, grade) VALUES (334, 5, 47, 100, 'C');
INSERT INTO exam_results (student_id, exam_schedule_id, marks_obtained, max_marks, grade) VALUES (334, 6, 95, 100, 'O');
INSERT INTO exam_results (student_id, exam_schedule_id, marks_obtained, max_marks, grade) VALUES (334, 7, 49, 100, 'C');
INSERT INTO exam_results (student_id, exam_schedule_id, marks_obtained, max_marks, grade) VALUES (334, 8, 98, 100, 'O');
INSERT INTO exam_results (student_id, exam_schedule_id, marks_obtained, max_marks, grade) VALUES (335, 1, 77, 100, 'A');
INSERT INTO exam_results (student_id, exam_schedule_id, marks_obtained, max_marks, grade) VALUES (335, 2, 59, 100, 'B');
INSERT INTO exam_results (student_id, exam_schedule_id, marks_obtained, max_marks, grade) VALUES (335, 3, 60, 100, 'B+');
INSERT INTO exam_results (student_id, exam_schedule_id, marks_obtained, max_marks, grade) VALUES (335, 4, 64, 100, 'B+');
INSERT INTO exam_results (student_id, exam_schedule_id, marks_obtained, max_marks, grade) VALUES (335, 5, 47, 100, 'C');
INSERT INTO exam_results (student_id, exam_schedule_id, marks_obtained, max_marks, grade) VALUES (335, 6, 66, 100, 'B+');
INSERT INTO exam_results (student_id, exam_schedule_id, marks_obtained, max_marks, grade) VALUES (335, 7, 96, 100, 'O');
INSERT INTO exam_results (student_id, exam_schedule_id, marks_obtained, max_marks, grade) VALUES (335, 8, 85, 100, 'A+');
INSERT INTO exam_results (student_id, exam_schedule_id, marks_obtained, max_marks, grade) VALUES (336, 1, 69, 100, 'B+');
INSERT INTO exam_results (student_id, exam_schedule_id, marks_obtained, max_marks, grade) VALUES (336, 2, 87, 100, 'A+');
INSERT INTO exam_results (student_id, exam_schedule_id, marks_obtained, max_marks, grade) VALUES (336, 3, 48, 100, 'C');
INSERT INTO exam_results (student_id, exam_schedule_id, marks_obtained, max_marks, grade) VALUES (336, 4, 91, 100, 'O');
INSERT INTO exam_results (student_id, exam_schedule_id, marks_obtained, max_marks, grade) VALUES (336, 5, 56, 100, 'B');
INSERT INTO exam_results (student_id, exam_schedule_id, marks_obtained, max_marks, grade) VALUES (336, 6, 92, 100, 'O');
INSERT INTO exam_results (student_id, exam_schedule_id, marks_obtained, max_marks, grade) VALUES (336, 7, 88, 100, 'A+');
INSERT INTO exam_results (student_id, exam_schedule_id, marks_obtained, max_marks, grade) VALUES (336, 8, 93, 100, 'O');
INSERT INTO exam_results (student_id, exam_schedule_id, marks_obtained, max_marks, grade) VALUES (339, 9, 78, 100, 'A');
INSERT INTO exam_results (student_id, exam_schedule_id, marks_obtained, max_marks, grade) VALUES (339, 10, 87, 100, 'A+');
INSERT INTO exam_results (student_id, exam_schedule_id, marks_obtained, max_marks, grade) VALUES (339, 11, 48, 100, 'C');
INSERT INTO exam_results (student_id, exam_schedule_id, marks_obtained, max_marks, grade) VALUES (339, 12, 54, 100, 'B');
INSERT INTO exam_results (student_id, exam_schedule_id, marks_obtained, max_marks, grade) VALUES (340, 9, 79, 100, 'A+');
INSERT INTO exam_results (student_id, exam_schedule_id, marks_obtained, max_marks, grade) VALUES (340, 10, 73, 100, 'A');
INSERT INTO exam_results (student_id, exam_schedule_id, marks_obtained, max_marks, grade) VALUES (340, 11, 81, 100, 'A+');
INSERT INTO exam_results (student_id, exam_schedule_id, marks_obtained, max_marks, grade) VALUES (340, 12, 98, 100, 'O');
INSERT INTO exam_results (student_id, exam_schedule_id, marks_obtained, max_marks, grade) VALUES (341, 9, 88, 100, 'A+');
INSERT INTO exam_results (student_id, exam_schedule_id, marks_obtained, max_marks, grade) VALUES (341, 10, 69, 100, 'B+');
INSERT INTO exam_results (student_id, exam_schedule_id, marks_obtained, max_marks, grade) VALUES (341, 11, 61, 100, 'B+');
INSERT INTO exam_results (student_id, exam_schedule_id, marks_obtained, max_marks, grade) VALUES (341, 12, 56, 100, 'B');
INSERT INTO exam_results (student_id, exam_schedule_id, marks_obtained, max_marks, grade) VALUES (341, 13, 85, 100, 'A+');
INSERT INTO exam_results (student_id, exam_schedule_id, marks_obtained, max_marks, grade) VALUES (341, 14, 71, 100, 'A');
INSERT INTO exam_results (student_id, exam_schedule_id, marks_obtained, max_marks, grade) VALUES (341, 15, 47, 100, 'C');
INSERT INTO exam_results (student_id, exam_schedule_id, marks_obtained, max_marks, grade) VALUES (341, 16, 60, 100, 'B+');
INSERT INTO exam_results (student_id, exam_schedule_id, marks_obtained, max_marks, grade) VALUES (342, 9, 98, 100, 'O');
INSERT INTO exam_results (student_id, exam_schedule_id, marks_obtained, max_marks, grade) VALUES (342, 10, 91, 100, 'O');
INSERT INTO exam_results (student_id, exam_schedule_id, marks_obtained, max_marks, grade) VALUES (342, 11, 79, 100, 'A+');
INSERT INTO exam_results (student_id, exam_schedule_id, marks_obtained, max_marks, grade) VALUES (342, 12, 86, 100, 'A+');
INSERT INTO exam_results (student_id, exam_schedule_id, marks_obtained, max_marks, grade) VALUES (342, 13, 71, 100, 'A');
INSERT INTO exam_results (student_id, exam_schedule_id, marks_obtained, max_marks, grade) VALUES (342, 14, 84, 100, 'A+');
INSERT INTO exam_results (student_id, exam_schedule_id, marks_obtained, max_marks, grade) VALUES (342, 15, 94, 100, 'O');
INSERT INTO exam_results (student_id, exam_schedule_id, marks_obtained, max_marks, grade) VALUES (342, 16, 55, 100, 'B');
INSERT INTO exam_results (student_id, exam_schedule_id, marks_obtained, max_marks, grade) VALUES (343, 9, 65, 100, 'B+');
INSERT INTO exam_results (student_id, exam_schedule_id, marks_obtained, max_marks, grade) VALUES (343, 10, 68, 100, 'B+');
INSERT INTO exam_results (student_id, exam_schedule_id, marks_obtained, max_marks, grade) VALUES (343, 11, 77, 100, 'A');
INSERT INTO exam_results (student_id, exam_schedule_id, marks_obtained, max_marks, grade) VALUES (343, 12, 84, 100, 'A+');
INSERT INTO exam_results (student_id, exam_schedule_id, marks_obtained, max_marks, grade) VALUES (343, 13, 77, 100, 'A');
INSERT INTO exam_results (student_id, exam_schedule_id, marks_obtained, max_marks, grade) VALUES (343, 14, 76, 100, 'A');
INSERT INTO exam_results (student_id, exam_schedule_id, marks_obtained, max_marks, grade) VALUES (343, 15, 85, 100, 'A+');
INSERT INTO exam_results (student_id, exam_schedule_id, marks_obtained, max_marks, grade) VALUES (343, 16, 47, 100, 'C');
INSERT INTO exam_results (student_id, exam_schedule_id, marks_obtained, max_marks, grade) VALUES (344, 9, 55, 100, 'B');
INSERT INTO exam_results (student_id, exam_schedule_id, marks_obtained, max_marks, grade) VALUES (344, 10, 65, 100, 'B+');
INSERT INTO exam_results (student_id, exam_schedule_id, marks_obtained, max_marks, grade) VALUES (344, 11, 67, 100, 'B+');
INSERT INTO exam_results (student_id, exam_schedule_id, marks_obtained, max_marks, grade) VALUES (344, 12, 74, 100, 'A');
INSERT INTO exam_results (student_id, exam_schedule_id, marks_obtained, max_marks, grade) VALUES (344, 13, 45, 100, 'C');
INSERT INTO exam_results (student_id, exam_schedule_id, marks_obtained, max_marks, grade) VALUES (344, 14, 50, 100, 'B');
INSERT INTO exam_results (student_id, exam_schedule_id, marks_obtained, max_marks, grade) VALUES (344, 15, 75, 100, 'A');
INSERT INTO exam_results (student_id, exam_schedule_id, marks_obtained, max_marks, grade) VALUES (344, 16, 62, 100, 'B+');
INSERT INTO exam_results (student_id, exam_schedule_id, marks_obtained, max_marks, grade) VALUES (345, 9, 51, 100, 'B');
INSERT INTO exam_results (student_id, exam_schedule_id, marks_obtained, max_marks, grade) VALUES (345, 10, 74, 100, 'A');
INSERT INTO exam_results (student_id, exam_schedule_id, marks_obtained, max_marks, grade) VALUES (345, 11, 66, 100, 'B+');
INSERT INTO exam_results (student_id, exam_schedule_id, marks_obtained, max_marks, grade) VALUES (345, 12, 93, 100, 'O');
INSERT INTO exam_results (student_id, exam_schedule_id, marks_obtained, max_marks, grade) VALUES (345, 13, 62, 100, 'B+');
INSERT INTO exam_results (student_id, exam_schedule_id, marks_obtained, max_marks, grade) VALUES (345, 14, 67, 100, 'B+');
INSERT INTO exam_results (student_id, exam_schedule_id, marks_obtained, max_marks, grade) VALUES (345, 15, 76, 100, 'A');
INSERT INTO exam_results (student_id, exam_schedule_id, marks_obtained, max_marks, grade) VALUES (345, 16, 97, 100, 'O');
INSERT INTO exam_results (student_id, exam_schedule_id, marks_obtained, max_marks, grade) VALUES (346, 9, 53, 100, 'B');
INSERT INTO exam_results (student_id, exam_schedule_id, marks_obtained, max_marks, grade) VALUES (346, 10, 66, 100, 'B+');
INSERT INTO exam_results (student_id, exam_schedule_id, marks_obtained, max_marks, grade) VALUES (346, 11, 48, 100, 'C');
INSERT INTO exam_results (student_id, exam_schedule_id, marks_obtained, max_marks, grade) VALUES (346, 12, 90, 100, 'O');
INSERT INTO exam_results (student_id, exam_schedule_id, marks_obtained, max_marks, grade) VALUES (346, 13, 72, 100, 'A');
INSERT INTO exam_results (student_id, exam_schedule_id, marks_obtained, max_marks, grade) VALUES (346, 14, 80, 100, 'A+');
INSERT INTO exam_results (student_id, exam_schedule_id, marks_obtained, max_marks, grade) VALUES (346, 15, 55, 100, 'B');
INSERT INTO exam_results (student_id, exam_schedule_id, marks_obtained, max_marks, grade) VALUES (346, 16, 61, 100, 'B+');
INSERT INTO exam_results (student_id, exam_schedule_id, marks_obtained, max_marks, grade) VALUES (347, 9, 93, 100, 'O');
INSERT INTO exam_results (student_id, exam_schedule_id, marks_obtained, max_marks, grade) VALUES (347, 10, 71, 100, 'A');
INSERT INTO exam_results (student_id, exam_schedule_id, marks_obtained, max_marks, grade) VALUES (347, 11, 90, 100, 'O');
INSERT INTO exam_results (student_id, exam_schedule_id, marks_obtained, max_marks, grade) VALUES (347, 12, 98, 100, 'O');
INSERT INTO exam_results (student_id, exam_schedule_id, marks_obtained, max_marks, grade) VALUES (347, 13, 91, 100, 'O');
INSERT INTO exam_results (student_id, exam_schedule_id, marks_obtained, max_marks, grade) VALUES (347, 14, 79, 100, 'A+');
INSERT INTO exam_results (student_id, exam_schedule_id, marks_obtained, max_marks, grade) VALUES (347, 15, 96, 100, 'O');
INSERT INTO exam_results (student_id, exam_schedule_id, marks_obtained, max_marks, grade) VALUES (347, 16, 91, 100, 'O');
INSERT INTO exam_results (student_id, exam_schedule_id, marks_obtained, max_marks, grade) VALUES (348, 9, 88, 100, 'A+');
INSERT INTO exam_results (student_id, exam_schedule_id, marks_obtained, max_marks, grade) VALUES (348, 10, 75, 100, 'A');
INSERT INTO exam_results (student_id, exam_schedule_id, marks_obtained, max_marks, grade) VALUES (348, 11, 64, 100, 'B+');
INSERT INTO exam_results (student_id, exam_schedule_id, marks_obtained, max_marks, grade) VALUES (348, 12, 77, 100, 'A');
INSERT INTO exam_results (student_id, exam_schedule_id, marks_obtained, max_marks, grade) VALUES (348, 13, 74, 100, 'A');
INSERT INTO exam_results (student_id, exam_schedule_id, marks_obtained, max_marks, grade) VALUES (348, 14, 90, 100, 'O');
INSERT INTO exam_results (student_id, exam_schedule_id, marks_obtained, max_marks, grade) VALUES (348, 15, 96, 100, 'O');
INSERT INTO exam_results (student_id, exam_schedule_id, marks_obtained, max_marks, grade) VALUES (348, 16, 83, 100, 'A+');
INSERT INTO exam_results (student_id, exam_schedule_id, marks_obtained, max_marks, grade) VALUES (349, 9, 70, 100, 'A');
INSERT INTO exam_results (student_id, exam_schedule_id, marks_obtained, max_marks, grade) VALUES (349, 10, 94, 100, 'O');
INSERT INTO exam_results (student_id, exam_schedule_id, marks_obtained, max_marks, grade) VALUES (349, 11, 59, 100, 'B');
INSERT INTO exam_results (student_id, exam_schedule_id, marks_obtained, max_marks, grade) VALUES (349, 12, 48, 100, 'C');
INSERT INTO exam_results (student_id, exam_schedule_id, marks_obtained, max_marks, grade) VALUES (349, 13, 97, 100, 'O');
INSERT INTO exam_results (student_id, exam_schedule_id, marks_obtained, max_marks, grade) VALUES (349, 14, 69, 100, 'B+');
INSERT INTO exam_results (student_id, exam_schedule_id, marks_obtained, max_marks, grade) VALUES (349, 15, 47, 100, 'C');
INSERT INTO exam_results (student_id, exam_schedule_id, marks_obtained, max_marks, grade) VALUES (349, 16, 51, 100, 'B');
INSERT INTO exam_results (student_id, exam_schedule_id, marks_obtained, max_marks, grade) VALUES (350, 9, 55, 100, 'B');
INSERT INTO exam_results (student_id, exam_schedule_id, marks_obtained, max_marks, grade) VALUES (350, 10, 56, 100, 'B');
INSERT INTO exam_results (student_id, exam_schedule_id, marks_obtained, max_marks, grade) VALUES (350, 11, 90, 100, 'O');
INSERT INTO exam_results (student_id, exam_schedule_id, marks_obtained, max_marks, grade) VALUES (350, 12, 92, 100, 'O');
INSERT INTO exam_results (student_id, exam_schedule_id, marks_obtained, max_marks, grade) VALUES (350, 13, 57, 100, 'B');
INSERT INTO exam_results (student_id, exam_schedule_id, marks_obtained, max_marks, grade) VALUES (350, 14, 56, 100, 'B');
INSERT INTO exam_results (student_id, exam_schedule_id, marks_obtained, max_marks, grade) VALUES (350, 15, 98, 100, 'O');
INSERT INTO exam_results (student_id, exam_schedule_id, marks_obtained, max_marks, grade) VALUES (350, 16, 66, 100, 'B+');
INSERT INTO exam_results (student_id, exam_schedule_id, marks_obtained, max_marks, grade) VALUES (351, 9, 47, 100, 'C');
INSERT INTO exam_results (student_id, exam_schedule_id, marks_obtained, max_marks, grade) VALUES (351, 10, 72, 100, 'A');
INSERT INTO exam_results (student_id, exam_schedule_id, marks_obtained, max_marks, grade) VALUES (351, 11, 84, 100, 'A+');
INSERT INTO exam_results (student_id, exam_schedule_id, marks_obtained, max_marks, grade) VALUES (351, 12, 45, 100, 'C');
INSERT INTO exam_results (student_id, exam_schedule_id, marks_obtained, max_marks, grade) VALUES (351, 13, 59, 100, 'B');
INSERT INTO exam_results (student_id, exam_schedule_id, marks_obtained, max_marks, grade) VALUES (351, 14, 85, 100, 'A+');
INSERT INTO exam_results (student_id, exam_schedule_id, marks_obtained, max_marks, grade) VALUES (351, 15, 67, 100, 'B+');
INSERT INTO exam_results (student_id, exam_schedule_id, marks_obtained, max_marks, grade) VALUES (351, 16, 56, 100, 'B');
INSERT INTO exam_results (student_id, exam_schedule_id, marks_obtained, max_marks, grade) VALUES (352, 9, 71, 100, 'A');
INSERT INTO exam_results (student_id, exam_schedule_id, marks_obtained, max_marks, grade) VALUES (352, 10, 74, 100, 'A');
INSERT INTO exam_results (student_id, exam_schedule_id, marks_obtained, max_marks, grade) VALUES (352, 11, 52, 100, 'B');
INSERT INTO exam_results (student_id, exam_schedule_id, marks_obtained, max_marks, grade) VALUES (352, 12, 46, 100, 'C');
INSERT INTO exam_results (student_id, exam_schedule_id, marks_obtained, max_marks, grade) VALUES (352, 13, 55, 100, 'B');
INSERT INTO exam_results (student_id, exam_schedule_id, marks_obtained, max_marks, grade) VALUES (352, 14, 67, 100, 'B+');
INSERT INTO exam_results (student_id, exam_schedule_id, marks_obtained, max_marks, grade) VALUES (352, 15, 89, 100, 'O');
INSERT INTO exam_results (student_id, exam_schedule_id, marks_obtained, max_marks, grade) VALUES (352, 16, 58, 100, 'B');
INSERT INTO exam_results (student_id, exam_schedule_id, marks_obtained, max_marks, grade) VALUES (355, 17, 77, 100, 'A');
INSERT INTO exam_results (student_id, exam_schedule_id, marks_obtained, max_marks, grade) VALUES (355, 18, 60, 100, 'B+');
INSERT INTO exam_results (student_id, exam_schedule_id, marks_obtained, max_marks, grade) VALUES (355, 19, 89, 100, 'O');
INSERT INTO exam_results (student_id, exam_schedule_id, marks_obtained, max_marks, grade) VALUES (355, 20, 46, 100, 'C');
INSERT INTO exam_results (student_id, exam_schedule_id, marks_obtained, max_marks, grade) VALUES (356, 17, 70, 100, 'A');
INSERT INTO exam_results (student_id, exam_schedule_id, marks_obtained, max_marks, grade) VALUES (356, 18, 73, 100, 'A');
INSERT INTO exam_results (student_id, exam_schedule_id, marks_obtained, max_marks, grade) VALUES (356, 19, 87, 100, 'A+');
INSERT INTO exam_results (student_id, exam_schedule_id, marks_obtained, max_marks, grade) VALUES (356, 20, 88, 100, 'A+');
INSERT INTO exam_results (student_id, exam_schedule_id, marks_obtained, max_marks, grade) VALUES (357, 17, 95, 100, 'O');
INSERT INTO exam_results (student_id, exam_schedule_id, marks_obtained, max_marks, grade) VALUES (357, 18, 69, 100, 'B+');
INSERT INTO exam_results (student_id, exam_schedule_id, marks_obtained, max_marks, grade) VALUES (357, 19, 51, 100, 'B');
INSERT INTO exam_results (student_id, exam_schedule_id, marks_obtained, max_marks, grade) VALUES (357, 20, 70, 100, 'A');
INSERT INTO exam_results (student_id, exam_schedule_id, marks_obtained, max_marks, grade) VALUES (357, 21, 96, 100, 'O');
INSERT INTO exam_results (student_id, exam_schedule_id, marks_obtained, max_marks, grade) VALUES (357, 22, 53, 100, 'B');
INSERT INTO exam_results (student_id, exam_schedule_id, marks_obtained, max_marks, grade) VALUES (357, 23, 93, 100, 'O');
INSERT INTO exam_results (student_id, exam_schedule_id, marks_obtained, max_marks, grade) VALUES (357, 24, 68, 100, 'B+');
INSERT INTO exam_results (student_id, exam_schedule_id, marks_obtained, max_marks, grade) VALUES (358, 17, 74, 100, 'A');
INSERT INTO exam_results (student_id, exam_schedule_id, marks_obtained, max_marks, grade) VALUES (358, 18, 92, 100, 'O');
INSERT INTO exam_results (student_id, exam_schedule_id, marks_obtained, max_marks, grade) VALUES (358, 19, 96, 100, 'O');
INSERT INTO exam_results (student_id, exam_schedule_id, marks_obtained, max_marks, grade) VALUES (358, 20, 89, 100, 'O');
INSERT INTO exam_results (student_id, exam_schedule_id, marks_obtained, max_marks, grade) VALUES (358, 21, 87, 100, 'A+');
INSERT INTO exam_results (student_id, exam_schedule_id, marks_obtained, max_marks, grade) VALUES (358, 22, 84, 100, 'A+');
INSERT INTO exam_results (student_id, exam_schedule_id, marks_obtained, max_marks, grade) VALUES (358, 23, 64, 100, 'B+');
INSERT INTO exam_results (student_id, exam_schedule_id, marks_obtained, max_marks, grade) VALUES (358, 24, 46, 100, 'C');
INSERT INTO exam_results (student_id, exam_schedule_id, marks_obtained, max_marks, grade) VALUES (359, 17, 82, 100, 'A+');
INSERT INTO exam_results (student_id, exam_schedule_id, marks_obtained, max_marks, grade) VALUES (359, 18, 54, 100, 'B');
INSERT INTO exam_results (student_id, exam_schedule_id, marks_obtained, max_marks, grade) VALUES (359, 19, 60, 100, 'B+');
INSERT INTO exam_results (student_id, exam_schedule_id, marks_obtained, max_marks, grade) VALUES (359, 20, 82, 100, 'A+');
INSERT INTO exam_results (student_id, exam_schedule_id, marks_obtained, max_marks, grade) VALUES (359, 21, 71, 100, 'A');
INSERT INTO exam_results (student_id, exam_schedule_id, marks_obtained, max_marks, grade) VALUES (359, 22, 87, 100, 'A+');
INSERT INTO exam_results (student_id, exam_schedule_id, marks_obtained, max_marks, grade) VALUES (359, 23, 46, 100, 'C');
INSERT INTO exam_results (student_id, exam_schedule_id, marks_obtained, max_marks, grade) VALUES (359, 24, 92, 100, 'O');
INSERT INTO exam_results (student_id, exam_schedule_id, marks_obtained, max_marks, grade) VALUES (360, 17, 98, 100, 'O');
INSERT INTO exam_results (student_id, exam_schedule_id, marks_obtained, max_marks, grade) VALUES (360, 18, 84, 100, 'A+');
INSERT INTO exam_results (student_id, exam_schedule_id, marks_obtained, max_marks, grade) VALUES (360, 19, 51, 100, 'B');
INSERT INTO exam_results (student_id, exam_schedule_id, marks_obtained, max_marks, grade) VALUES (360, 20, 59, 100, 'B');
INSERT INTO exam_results (student_id, exam_schedule_id, marks_obtained, max_marks, grade) VALUES (360, 21, 67, 100, 'B+');
INSERT INTO exam_results (student_id, exam_schedule_id, marks_obtained, max_marks, grade) VALUES (360, 22, 91, 100, 'O');
INSERT INTO exam_results (student_id, exam_schedule_id, marks_obtained, max_marks, grade) VALUES (360, 23, 64, 100, 'B+');
INSERT INTO exam_results (student_id, exam_schedule_id, marks_obtained, max_marks, grade) VALUES (360, 24, 97, 100, 'O');
INSERT INTO exam_results (student_id, exam_schedule_id, marks_obtained, max_marks, grade) VALUES (361, 17, 75, 100, 'A');
INSERT INTO exam_results (student_id, exam_schedule_id, marks_obtained, max_marks, grade) VALUES (361, 18, 67, 100, 'B+');
INSERT INTO exam_results (student_id, exam_schedule_id, marks_obtained, max_marks, grade) VALUES (361, 19, 48, 100, 'C');
INSERT INTO exam_results (student_id, exam_schedule_id, marks_obtained, max_marks, grade) VALUES (361, 20, 58, 100, 'B');
INSERT INTO exam_results (student_id, exam_schedule_id, marks_obtained, max_marks, grade) VALUES (361, 21, 55, 100, 'B');
INSERT INTO exam_results (student_id, exam_schedule_id, marks_obtained, max_marks, grade) VALUES (361, 22, 94, 100, 'O');
INSERT INTO exam_results (student_id, exam_schedule_id, marks_obtained, max_marks, grade) VALUES (361, 23, 58, 100, 'B');
INSERT INTO exam_results (student_id, exam_schedule_id, marks_obtained, max_marks, grade) VALUES (361, 24, 94, 100, 'O');
INSERT INTO exam_results (student_id, exam_schedule_id, marks_obtained, max_marks, grade) VALUES (362, 17, 82, 100, 'A+');
INSERT INTO exam_results (student_id, exam_schedule_id, marks_obtained, max_marks, grade) VALUES (362, 18, 51, 100, 'B');
INSERT INTO exam_results (student_id, exam_schedule_id, marks_obtained, max_marks, grade) VALUES (362, 19, 98, 100, 'O');
INSERT INTO exam_results (student_id, exam_schedule_id, marks_obtained, max_marks, grade) VALUES (362, 20, 52, 100, 'B');
INSERT INTO exam_results (student_id, exam_schedule_id, marks_obtained, max_marks, grade) VALUES (362, 21, 74, 100, 'A');
INSERT INTO exam_results (student_id, exam_schedule_id, marks_obtained, max_marks, grade) VALUES (362, 22, 62, 100, 'B+');
INSERT INTO exam_results (student_id, exam_schedule_id, marks_obtained, max_marks, grade) VALUES (362, 23, 73, 100, 'A');
INSERT INTO exam_results (student_id, exam_schedule_id, marks_obtained, max_marks, grade) VALUES (362, 24, 84, 100, 'A+');
INSERT INTO exam_results (student_id, exam_schedule_id, marks_obtained, max_marks, grade) VALUES (363, 17, 46, 100, 'C');
INSERT INTO exam_results (student_id, exam_schedule_id, marks_obtained, max_marks, grade) VALUES (363, 18, 47, 100, 'C');
INSERT INTO exam_results (student_id, exam_schedule_id, marks_obtained, max_marks, grade) VALUES (363, 19, 86, 100, 'A+');
INSERT INTO exam_results (student_id, exam_schedule_id, marks_obtained, max_marks, grade) VALUES (363, 20, 53, 100, 'B');
INSERT INTO exam_results (student_id, exam_schedule_id, marks_obtained, max_marks, grade) VALUES (363, 21, 54, 100, 'B');
INSERT INTO exam_results (student_id, exam_schedule_id, marks_obtained, max_marks, grade) VALUES (363, 22, 77, 100, 'A');
INSERT INTO exam_results (student_id, exam_schedule_id, marks_obtained, max_marks, grade) VALUES (363, 23, 78, 100, 'A');
INSERT INTO exam_results (student_id, exam_schedule_id, marks_obtained, max_marks, grade) VALUES (363, 24, 79, 100, 'A+');
INSERT INTO exam_results (student_id, exam_schedule_id, marks_obtained, max_marks, grade) VALUES (364, 17, 55, 100, 'B');
INSERT INTO exam_results (student_id, exam_schedule_id, marks_obtained, max_marks, grade) VALUES (364, 18, 62, 100, 'B+');
INSERT INTO exam_results (student_id, exam_schedule_id, marks_obtained, max_marks, grade) VALUES (364, 19, 95, 100, 'O');
INSERT INTO exam_results (student_id, exam_schedule_id, marks_obtained, max_marks, grade) VALUES (364, 20, 79, 100, 'A+');
INSERT INTO exam_results (student_id, exam_schedule_id, marks_obtained, max_marks, grade) VALUES (364, 21, 56, 100, 'B');
INSERT INTO exam_results (student_id, exam_schedule_id, marks_obtained, max_marks, grade) VALUES (364, 22, 48, 100, 'C');
INSERT INTO exam_results (student_id, exam_schedule_id, marks_obtained, max_marks, grade) VALUES (364, 23, 82, 100, 'A+');
INSERT INTO exam_results (student_id, exam_schedule_id, marks_obtained, max_marks, grade) VALUES (364, 24, 83, 100, 'A+');
INSERT INTO exam_results (student_id, exam_schedule_id, marks_obtained, max_marks, grade) VALUES (365, 17, 52, 100, 'B');
INSERT INTO exam_results (student_id, exam_schedule_id, marks_obtained, max_marks, grade) VALUES (365, 18, 58, 100, 'B');
INSERT INTO exam_results (student_id, exam_schedule_id, marks_obtained, max_marks, grade) VALUES (365, 19, 45, 100, 'C');
INSERT INTO exam_results (student_id, exam_schedule_id, marks_obtained, max_marks, grade) VALUES (365, 20, 71, 100, 'A');
INSERT INTO exam_results (student_id, exam_schedule_id, marks_obtained, max_marks, grade) VALUES (365, 21, 69, 100, 'B+');
INSERT INTO exam_results (student_id, exam_schedule_id, marks_obtained, max_marks, grade) VALUES (365, 22, 76, 100, 'A');
INSERT INTO exam_results (student_id, exam_schedule_id, marks_obtained, max_marks, grade) VALUES (365, 23, 59, 100, 'B');
INSERT INTO exam_results (student_id, exam_schedule_id, marks_obtained, max_marks, grade) VALUES (365, 24, 95, 100, 'O');
INSERT INTO exam_results (student_id, exam_schedule_id, marks_obtained, max_marks, grade) VALUES (366, 17, 91, 100, 'O');
INSERT INTO exam_results (student_id, exam_schedule_id, marks_obtained, max_marks, grade) VALUES (366, 18, 80, 100, 'A+');
INSERT INTO exam_results (student_id, exam_schedule_id, marks_obtained, max_marks, grade) VALUES (366, 19, 76, 100, 'A');
INSERT INTO exam_results (student_id, exam_schedule_id, marks_obtained, max_marks, grade) VALUES (366, 20, 76, 100, 'A');
INSERT INTO exam_results (student_id, exam_schedule_id, marks_obtained, max_marks, grade) VALUES (366, 21, 75, 100, 'A');
INSERT INTO exam_results (student_id, exam_schedule_id, marks_obtained, max_marks, grade) VALUES (366, 22, 71, 100, 'A');
INSERT INTO exam_results (student_id, exam_schedule_id, marks_obtained, max_marks, grade) VALUES (366, 23, 50, 100, 'B');
INSERT INTO exam_results (student_id, exam_schedule_id, marks_obtained, max_marks, grade) VALUES (366, 24, 89, 100, 'O');
INSERT INTO exam_results (student_id, exam_schedule_id, marks_obtained, max_marks, grade) VALUES (367, 17, 46, 100, 'C');
INSERT INTO exam_results (student_id, exam_schedule_id, marks_obtained, max_marks, grade) VALUES (367, 18, 89, 100, 'O');
INSERT INTO exam_results (student_id, exam_schedule_id, marks_obtained, max_marks, grade) VALUES (367, 19, 75, 100, 'A');
INSERT INTO exam_results (student_id, exam_schedule_id, marks_obtained, max_marks, grade) VALUES (367, 20, 68, 100, 'B+');
INSERT INTO exam_results (student_id, exam_schedule_id, marks_obtained, max_marks, grade) VALUES (367, 21, 98, 100, 'O');
INSERT INTO exam_results (student_id, exam_schedule_id, marks_obtained, max_marks, grade) VALUES (367, 22, 98, 100, 'O');
INSERT INTO exam_results (student_id, exam_schedule_id, marks_obtained, max_marks, grade) VALUES (367, 23, 68, 100, 'B+');
INSERT INTO exam_results (student_id, exam_schedule_id, marks_obtained, max_marks, grade) VALUES (367, 24, 60, 100, 'B+');
INSERT INTO exam_results (student_id, exam_schedule_id, marks_obtained, max_marks, grade) VALUES (368, 17, 70, 100, 'A');
INSERT INTO exam_results (student_id, exam_schedule_id, marks_obtained, max_marks, grade) VALUES (368, 18, 76, 100, 'A');
INSERT INTO exam_results (student_id, exam_schedule_id, marks_obtained, max_marks, grade) VALUES (368, 19, 81, 100, 'A+');
INSERT INTO exam_results (student_id, exam_schedule_id, marks_obtained, max_marks, grade) VALUES (368, 20, 76, 100, 'A');
INSERT INTO exam_results (student_id, exam_schedule_id, marks_obtained, max_marks, grade) VALUES (368, 21, 94, 100, 'O');
INSERT INTO exam_results (student_id, exam_schedule_id, marks_obtained, max_marks, grade) VALUES (368, 22, 67, 100, 'B+');
INSERT INTO exam_results (student_id, exam_schedule_id, marks_obtained, max_marks, grade) VALUES (368, 23, 80, 100, 'A+');
INSERT INTO exam_results (student_id, exam_schedule_id, marks_obtained, max_marks, grade) VALUES (368, 24, 81, 100, 'A+');
INSERT INTO exam_results (student_id, exam_schedule_id, marks_obtained, max_marks, grade) VALUES (371, 25, 71, 100, 'A');
INSERT INTO exam_results (student_id, exam_schedule_id, marks_obtained, max_marks, grade) VALUES (371, 26, 48, 100, 'C');
INSERT INTO exam_results (student_id, exam_schedule_id, marks_obtained, max_marks, grade) VALUES (371, 27, 58, 100, 'B');
INSERT INTO exam_results (student_id, exam_schedule_id, marks_obtained, max_marks, grade) VALUES (371, 28, 54, 100, 'B');
INSERT INTO exam_results (student_id, exam_schedule_id, marks_obtained, max_marks, grade) VALUES (372, 25, 51, 100, 'B');
INSERT INTO exam_results (student_id, exam_schedule_id, marks_obtained, max_marks, grade) VALUES (372, 26, 86, 100, 'A+');
INSERT INTO exam_results (student_id, exam_schedule_id, marks_obtained, max_marks, grade) VALUES (372, 27, 46, 100, 'C');
INSERT INTO exam_results (student_id, exam_schedule_id, marks_obtained, max_marks, grade) VALUES (372, 28, 73, 100, 'A');
INSERT INTO exam_results (student_id, exam_schedule_id, marks_obtained, max_marks, grade) VALUES (373, 25, 68, 100, 'B+');
INSERT INTO exam_results (student_id, exam_schedule_id, marks_obtained, max_marks, grade) VALUES (373, 26, 78, 100, 'A');
INSERT INTO exam_results (student_id, exam_schedule_id, marks_obtained, max_marks, grade) VALUES (373, 27, 95, 100, 'O');
INSERT INTO exam_results (student_id, exam_schedule_id, marks_obtained, max_marks, grade) VALUES (373, 28, 87, 100, 'A+');
INSERT INTO exam_results (student_id, exam_schedule_id, marks_obtained, max_marks, grade) VALUES (373, 29, 84, 100, 'A+');
INSERT INTO exam_results (student_id, exam_schedule_id, marks_obtained, max_marks, grade) VALUES (373, 30, 92, 100, 'O');
INSERT INTO exam_results (student_id, exam_schedule_id, marks_obtained, max_marks, grade) VALUES (373, 31, 48, 100, 'C');
INSERT INTO exam_results (student_id, exam_schedule_id, marks_obtained, max_marks, grade) VALUES (373, 32, 90, 100, 'O');
INSERT INTO exam_results (student_id, exam_schedule_id, marks_obtained, max_marks, grade) VALUES (374, 25, 96, 100, 'O');
INSERT INTO exam_results (student_id, exam_schedule_id, marks_obtained, max_marks, grade) VALUES (374, 26, 81, 100, 'A+');
INSERT INTO exam_results (student_id, exam_schedule_id, marks_obtained, max_marks, grade) VALUES (374, 27, 94, 100, 'O');
INSERT INTO exam_results (student_id, exam_schedule_id, marks_obtained, max_marks, grade) VALUES (374, 28, 70, 100, 'A');
INSERT INTO exam_results (student_id, exam_schedule_id, marks_obtained, max_marks, grade) VALUES (374, 29, 79, 100, 'A+');
INSERT INTO exam_results (student_id, exam_schedule_id, marks_obtained, max_marks, grade) VALUES (374, 30, 77, 100, 'A');
INSERT INTO exam_results (student_id, exam_schedule_id, marks_obtained, max_marks, grade) VALUES (374, 31, 61, 100, 'B+');
INSERT INTO exam_results (student_id, exam_schedule_id, marks_obtained, max_marks, grade) VALUES (374, 32, 93, 100, 'O');
INSERT INTO exam_results (student_id, exam_schedule_id, marks_obtained, max_marks, grade) VALUES (375, 25, 58, 100, 'B');
INSERT INTO exam_results (student_id, exam_schedule_id, marks_obtained, max_marks, grade) VALUES (375, 26, 66, 100, 'B+');
INSERT INTO exam_results (student_id, exam_schedule_id, marks_obtained, max_marks, grade) VALUES (375, 27, 77, 100, 'A');
INSERT INTO exam_results (student_id, exam_schedule_id, marks_obtained, max_marks, grade) VALUES (375, 28, 73, 100, 'A');
INSERT INTO exam_results (student_id, exam_schedule_id, marks_obtained, max_marks, grade) VALUES (375, 29, 75, 100, 'A');
INSERT INTO exam_results (student_id, exam_schedule_id, marks_obtained, max_marks, grade) VALUES (375, 30, 68, 100, 'B+');
INSERT INTO exam_results (student_id, exam_schedule_id, marks_obtained, max_marks, grade) VALUES (375, 31, 90, 100, 'O');
INSERT INTO exam_results (student_id, exam_schedule_id, marks_obtained, max_marks, grade) VALUES (375, 32, 58, 100, 'B');
INSERT INTO exam_results (student_id, exam_schedule_id, marks_obtained, max_marks, grade) VALUES (376, 25, 80, 100, 'A+');
INSERT INTO exam_results (student_id, exam_schedule_id, marks_obtained, max_marks, grade) VALUES (376, 26, 96, 100, 'O');
INSERT INTO exam_results (student_id, exam_schedule_id, marks_obtained, max_marks, grade) VALUES (376, 27, 51, 100, 'B');
INSERT INTO exam_results (student_id, exam_schedule_id, marks_obtained, max_marks, grade) VALUES (376, 28, 60, 100, 'B+');
INSERT INTO exam_results (student_id, exam_schedule_id, marks_obtained, max_marks, grade) VALUES (376, 29, 98, 100, 'O');
INSERT INTO exam_results (student_id, exam_schedule_id, marks_obtained, max_marks, grade) VALUES (376, 30, 55, 100, 'B');
INSERT INTO exam_results (student_id, exam_schedule_id, marks_obtained, max_marks, grade) VALUES (376, 31, 97, 100, 'O');
INSERT INTO exam_results (student_id, exam_schedule_id, marks_obtained, max_marks, grade) VALUES (376, 32, 95, 100, 'O');
INSERT INTO exam_results (student_id, exam_schedule_id, marks_obtained, max_marks, grade) VALUES (377, 25, 97, 100, 'O');
INSERT INTO exam_results (student_id, exam_schedule_id, marks_obtained, max_marks, grade) VALUES (377, 26, 62, 100, 'B+');
INSERT INTO exam_results (student_id, exam_schedule_id, marks_obtained, max_marks, grade) VALUES (377, 27, 79, 100, 'A+');
INSERT INTO exam_results (student_id, exam_schedule_id, marks_obtained, max_marks, grade) VALUES (377, 28, 84, 100, 'A+');
INSERT INTO exam_results (student_id, exam_schedule_id, marks_obtained, max_marks, grade) VALUES (377, 29, 52, 100, 'B');
INSERT INTO exam_results (student_id, exam_schedule_id, marks_obtained, max_marks, grade) VALUES (377, 30, 49, 100, 'C');
INSERT INTO exam_results (student_id, exam_schedule_id, marks_obtained, max_marks, grade) VALUES (377, 31, 85, 100, 'A+');
INSERT INTO exam_results (student_id, exam_schedule_id, marks_obtained, max_marks, grade) VALUES (377, 32, 82, 100, 'A+');
INSERT INTO exam_results (student_id, exam_schedule_id, marks_obtained, max_marks, grade) VALUES (378, 25, 70, 100, 'A');
INSERT INTO exam_results (student_id, exam_schedule_id, marks_obtained, max_marks, grade) VALUES (378, 26, 49, 100, 'C');
INSERT INTO exam_results (student_id, exam_schedule_id, marks_obtained, max_marks, grade) VALUES (378, 27, 85, 100, 'A+');
INSERT INTO exam_results (student_id, exam_schedule_id, marks_obtained, max_marks, grade) VALUES (378, 28, 97, 100, 'O');
INSERT INTO exam_results (student_id, exam_schedule_id, marks_obtained, max_marks, grade) VALUES (378, 29, 79, 100, 'A+');
INSERT INTO exam_results (student_id, exam_schedule_id, marks_obtained, max_marks, grade) VALUES (378, 30, 59, 100, 'B');
INSERT INTO exam_results (student_id, exam_schedule_id, marks_obtained, max_marks, grade) VALUES (378, 31, 74, 100, 'A');
INSERT INTO exam_results (student_id, exam_schedule_id, marks_obtained, max_marks, grade) VALUES (378, 32, 86, 100, 'A+');
INSERT INTO exam_results (student_id, exam_schedule_id, marks_obtained, max_marks, grade) VALUES (379, 25, 46, 100, 'C');
INSERT INTO exam_results (student_id, exam_schedule_id, marks_obtained, max_marks, grade) VALUES (379, 26, 46, 100, 'C');
INSERT INTO exam_results (student_id, exam_schedule_id, marks_obtained, max_marks, grade) VALUES (379, 27, 50, 100, 'B');
INSERT INTO exam_results (student_id, exam_schedule_id, marks_obtained, max_marks, grade) VALUES (379, 28, 91, 100, 'O');
INSERT INTO exam_results (student_id, exam_schedule_id, marks_obtained, max_marks, grade) VALUES (379, 29, 70, 100, 'A');
INSERT INTO exam_results (student_id, exam_schedule_id, marks_obtained, max_marks, grade) VALUES (379, 30, 91, 100, 'O');
INSERT INTO exam_results (student_id, exam_schedule_id, marks_obtained, max_marks, grade) VALUES (379, 31, 96, 100, 'O');
INSERT INTO exam_results (student_id, exam_schedule_id, marks_obtained, max_marks, grade) VALUES (379, 32, 72, 100, 'A');
INSERT INTO exam_results (student_id, exam_schedule_id, marks_obtained, max_marks, grade) VALUES (380, 25, 45, 100, 'C');
INSERT INTO exam_results (student_id, exam_schedule_id, marks_obtained, max_marks, grade) VALUES (380, 26, 96, 100, 'O');
INSERT INTO exam_results (student_id, exam_schedule_id, marks_obtained, max_marks, grade) VALUES (380, 27, 52, 100, 'B');
INSERT INTO exam_results (student_id, exam_schedule_id, marks_obtained, max_marks, grade) VALUES (380, 28, 76, 100, 'A');
INSERT INTO exam_results (student_id, exam_schedule_id, marks_obtained, max_marks, grade) VALUES (380, 29, 71, 100, 'A');
INSERT INTO exam_results (student_id, exam_schedule_id, marks_obtained, max_marks, grade) VALUES (380, 30, 62, 100, 'B+');
INSERT INTO exam_results (student_id, exam_schedule_id, marks_obtained, max_marks, grade) VALUES (380, 31, 49, 100, 'C');
INSERT INTO exam_results (student_id, exam_schedule_id, marks_obtained, max_marks, grade) VALUES (380, 32, 74, 100, 'A');
INSERT INTO exam_results (student_id, exam_schedule_id, marks_obtained, max_marks, grade) VALUES (381, 25, 55, 100, 'B');
INSERT INTO exam_results (student_id, exam_schedule_id, marks_obtained, max_marks, grade) VALUES (381, 26, 98, 100, 'O');
INSERT INTO exam_results (student_id, exam_schedule_id, marks_obtained, max_marks, grade) VALUES (381, 27, 82, 100, 'A+');
INSERT INTO exam_results (student_id, exam_schedule_id, marks_obtained, max_marks, grade) VALUES (381, 28, 88, 100, 'A+');
INSERT INTO exam_results (student_id, exam_schedule_id, marks_obtained, max_marks, grade) VALUES (381, 29, 49, 100, 'C');
INSERT INTO exam_results (student_id, exam_schedule_id, marks_obtained, max_marks, grade) VALUES (381, 30, 57, 100, 'B');
INSERT INTO exam_results (student_id, exam_schedule_id, marks_obtained, max_marks, grade) VALUES (381, 31, 63, 100, 'B+');
INSERT INTO exam_results (student_id, exam_schedule_id, marks_obtained, max_marks, grade) VALUES (381, 32, 46, 100, 'C');
INSERT INTO exam_results (student_id, exam_schedule_id, marks_obtained, max_marks, grade) VALUES (382, 25, 48, 100, 'C');
INSERT INTO exam_results (student_id, exam_schedule_id, marks_obtained, max_marks, grade) VALUES (382, 26, 94, 100, 'O');
INSERT INTO exam_results (student_id, exam_schedule_id, marks_obtained, max_marks, grade) VALUES (382, 27, 81, 100, 'A+');
INSERT INTO exam_results (student_id, exam_schedule_id, marks_obtained, max_marks, grade) VALUES (382, 28, 93, 100, 'O');
INSERT INTO exam_results (student_id, exam_schedule_id, marks_obtained, max_marks, grade) VALUES (382, 29, 54, 100, 'B');
INSERT INTO exam_results (student_id, exam_schedule_id, marks_obtained, max_marks, grade) VALUES (382, 30, 87, 100, 'A+');
INSERT INTO exam_results (student_id, exam_schedule_id, marks_obtained, max_marks, grade) VALUES (382, 31, 88, 100, 'A+');
INSERT INTO exam_results (student_id, exam_schedule_id, marks_obtained, max_marks, grade) VALUES (382, 32, 62, 100, 'B+');
INSERT INTO exam_results (student_id, exam_schedule_id, marks_obtained, max_marks, grade) VALUES (383, 25, 67, 100, 'B+');
INSERT INTO exam_results (student_id, exam_schedule_id, marks_obtained, max_marks, grade) VALUES (383, 26, 76, 100, 'A');
INSERT INTO exam_results (student_id, exam_schedule_id, marks_obtained, max_marks, grade) VALUES (383, 27, 86, 100, 'A+');
INSERT INTO exam_results (student_id, exam_schedule_id, marks_obtained, max_marks, grade) VALUES (383, 28, 59, 100, 'B');
INSERT INTO exam_results (student_id, exam_schedule_id, marks_obtained, max_marks, grade) VALUES (383, 29, 72, 100, 'A');
INSERT INTO exam_results (student_id, exam_schedule_id, marks_obtained, max_marks, grade) VALUES (383, 30, 64, 100, 'B+');
INSERT INTO exam_results (student_id, exam_schedule_id, marks_obtained, max_marks, grade) VALUES (383, 31, 56, 100, 'B');
INSERT INTO exam_results (student_id, exam_schedule_id, marks_obtained, max_marks, grade) VALUES (383, 32, 66, 100, 'B+');
INSERT INTO exam_results (student_id, exam_schedule_id, marks_obtained, max_marks, grade) VALUES (384, 25, 47, 100, 'C');
INSERT INTO exam_results (student_id, exam_schedule_id, marks_obtained, max_marks, grade) VALUES (384, 26, 69, 100, 'B+');
INSERT INTO exam_results (student_id, exam_schedule_id, marks_obtained, max_marks, grade) VALUES (384, 27, 80, 100, 'A+');
INSERT INTO exam_results (student_id, exam_schedule_id, marks_obtained, max_marks, grade) VALUES (384, 28, 77, 100, 'A');
INSERT INTO exam_results (student_id, exam_schedule_id, marks_obtained, max_marks, grade) VALUES (384, 29, 58, 100, 'B');
INSERT INTO exam_results (student_id, exam_schedule_id, marks_obtained, max_marks, grade) VALUES (384, 30, 50, 100, 'B');
INSERT INTO exam_results (student_id, exam_schedule_id, marks_obtained, max_marks, grade) VALUES (384, 31, 82, 100, 'A+');
INSERT INTO exam_results (student_id, exam_schedule_id, marks_obtained, max_marks, grade) VALUES (384, 32, 46, 100, 'C');
INSERT INTO exam_results (student_id, exam_schedule_id, marks_obtained, max_marks, grade) VALUES (387, 33, 77, 100, 'A');
INSERT INTO exam_results (student_id, exam_schedule_id, marks_obtained, max_marks, grade) VALUES (387, 34, 66, 100, 'B+');
INSERT INTO exam_results (student_id, exam_schedule_id, marks_obtained, max_marks, grade) VALUES (387, 35, 95, 100, 'O');
INSERT INTO exam_results (student_id, exam_schedule_id, marks_obtained, max_marks, grade) VALUES (387, 36, 77, 100, 'A');
INSERT INTO exam_results (student_id, exam_schedule_id, marks_obtained, max_marks, grade) VALUES (388, 33, 58, 100, 'B');
INSERT INTO exam_results (student_id, exam_schedule_id, marks_obtained, max_marks, grade) VALUES (388, 34, 83, 100, 'A+');
INSERT INTO exam_results (student_id, exam_schedule_id, marks_obtained, max_marks, grade) VALUES (388, 35, 55, 100, 'B');
INSERT INTO exam_results (student_id, exam_schedule_id, marks_obtained, max_marks, grade) VALUES (388, 36, 69, 100, 'B+');
INSERT INTO exam_results (student_id, exam_schedule_id, marks_obtained, max_marks, grade) VALUES (389, 33, 68, 100, 'B+');
INSERT INTO exam_results (student_id, exam_schedule_id, marks_obtained, max_marks, grade) VALUES (389, 34, 95, 100, 'O');
INSERT INTO exam_results (student_id, exam_schedule_id, marks_obtained, max_marks, grade) VALUES (389, 35, 95, 100, 'O');
INSERT INTO exam_results (student_id, exam_schedule_id, marks_obtained, max_marks, grade) VALUES (389, 36, 80, 100, 'A+');
INSERT INTO exam_results (student_id, exam_schedule_id, marks_obtained, max_marks, grade) VALUES (389, 37, 83, 100, 'A+');
INSERT INTO exam_results (student_id, exam_schedule_id, marks_obtained, max_marks, grade) VALUES (389, 38, 64, 100, 'B+');
INSERT INTO exam_results (student_id, exam_schedule_id, marks_obtained, max_marks, grade) VALUES (389, 39, 82, 100, 'A+');
INSERT INTO exam_results (student_id, exam_schedule_id, marks_obtained, max_marks, grade) VALUES (389, 40, 98, 100, 'O');
INSERT INTO exam_results (student_id, exam_schedule_id, marks_obtained, max_marks, grade) VALUES (390, 33, 61, 100, 'B+');
INSERT INTO exam_results (student_id, exam_schedule_id, marks_obtained, max_marks, grade) VALUES (390, 34, 79, 100, 'A+');
INSERT INTO exam_results (student_id, exam_schedule_id, marks_obtained, max_marks, grade) VALUES (390, 35, 84, 100, 'A+');
INSERT INTO exam_results (student_id, exam_schedule_id, marks_obtained, max_marks, grade) VALUES (390, 36, 88, 100, 'A+');
INSERT INTO exam_results (student_id, exam_schedule_id, marks_obtained, max_marks, grade) VALUES (390, 37, 50, 100, 'B');
INSERT INTO exam_results (student_id, exam_schedule_id, marks_obtained, max_marks, grade) VALUES (390, 38, 55, 100, 'B');
INSERT INTO exam_results (student_id, exam_schedule_id, marks_obtained, max_marks, grade) VALUES (390, 39, 87, 100, 'A+');
INSERT INTO exam_results (student_id, exam_schedule_id, marks_obtained, max_marks, grade) VALUES (390, 40, 56, 100, 'B');
INSERT INTO exam_results (student_id, exam_schedule_id, marks_obtained, max_marks, grade) VALUES (391, 33, 90, 100, 'O');
INSERT INTO exam_results (student_id, exam_schedule_id, marks_obtained, max_marks, grade) VALUES (391, 34, 63, 100, 'B+');
INSERT INTO exam_results (student_id, exam_schedule_id, marks_obtained, max_marks, grade) VALUES (391, 35, 48, 100, 'C');
INSERT INTO exam_results (student_id, exam_schedule_id, marks_obtained, max_marks, grade) VALUES (391, 36, 62, 100, 'B+');
INSERT INTO exam_results (student_id, exam_schedule_id, marks_obtained, max_marks, grade) VALUES (391, 37, 82, 100, 'A+');
INSERT INTO exam_results (student_id, exam_schedule_id, marks_obtained, max_marks, grade) VALUES (391, 38, 70, 100, 'A');
INSERT INTO exam_results (student_id, exam_schedule_id, marks_obtained, max_marks, grade) VALUES (391, 39, 77, 100, 'A');
INSERT INTO exam_results (student_id, exam_schedule_id, marks_obtained, max_marks, grade) VALUES (391, 40, 90, 100, 'O');
INSERT INTO exam_results (student_id, exam_schedule_id, marks_obtained, max_marks, grade) VALUES (392, 33, 73, 100, 'A');
INSERT INTO exam_results (student_id, exam_schedule_id, marks_obtained, max_marks, grade) VALUES (392, 34, 52, 100, 'B');
INSERT INTO exam_results (student_id, exam_schedule_id, marks_obtained, max_marks, grade) VALUES (392, 35, 74, 100, 'A');
INSERT INTO exam_results (student_id, exam_schedule_id, marks_obtained, max_marks, grade) VALUES (392, 36, 70, 100, 'A');
INSERT INTO exam_results (student_id, exam_schedule_id, marks_obtained, max_marks, grade) VALUES (392, 37, 63, 100, 'B+');
INSERT INTO exam_results (student_id, exam_schedule_id, marks_obtained, max_marks, grade) VALUES (392, 38, 55, 100, 'B');
INSERT INTO exam_results (student_id, exam_schedule_id, marks_obtained, max_marks, grade) VALUES (392, 39, 53, 100, 'B');
INSERT INTO exam_results (student_id, exam_schedule_id, marks_obtained, max_marks, grade) VALUES (392, 40, 78, 100, 'A');
INSERT INTO exam_results (student_id, exam_schedule_id, marks_obtained, max_marks, grade) VALUES (393, 33, 68, 100, 'B+');
INSERT INTO exam_results (student_id, exam_schedule_id, marks_obtained, max_marks, grade) VALUES (393, 34, 66, 100, 'B+');
INSERT INTO exam_results (student_id, exam_schedule_id, marks_obtained, max_marks, grade) VALUES (393, 35, 78, 100, 'A');
INSERT INTO exam_results (student_id, exam_schedule_id, marks_obtained, max_marks, grade) VALUES (393, 36, 81, 100, 'A+');
INSERT INTO exam_results (student_id, exam_schedule_id, marks_obtained, max_marks, grade) VALUES (393, 37, 76, 100, 'A');
INSERT INTO exam_results (student_id, exam_schedule_id, marks_obtained, max_marks, grade) VALUES (393, 38, 54, 100, 'B');
INSERT INTO exam_results (student_id, exam_schedule_id, marks_obtained, max_marks, grade) VALUES (393, 39, 72, 100, 'A');
INSERT INTO exam_results (student_id, exam_schedule_id, marks_obtained, max_marks, grade) VALUES (393, 40, 81, 100, 'A+');
INSERT INTO exam_results (student_id, exam_schedule_id, marks_obtained, max_marks, grade) VALUES (394, 33, 54, 100, 'B');
INSERT INTO exam_results (student_id, exam_schedule_id, marks_obtained, max_marks, grade) VALUES (394, 34, 58, 100, 'B');
INSERT INTO exam_results (student_id, exam_schedule_id, marks_obtained, max_marks, grade) VALUES (394, 35, 89, 100, 'O');
INSERT INTO exam_results (student_id, exam_schedule_id, marks_obtained, max_marks, grade) VALUES (394, 36, 55, 100, 'B');
INSERT INTO exam_results (student_id, exam_schedule_id, marks_obtained, max_marks, grade) VALUES (394, 37, 97, 100, 'O');
INSERT INTO exam_results (student_id, exam_schedule_id, marks_obtained, max_marks, grade) VALUES (394, 38, 57, 100, 'B');
INSERT INTO exam_results (student_id, exam_schedule_id, marks_obtained, max_marks, grade) VALUES (394, 39, 78, 100, 'A');
INSERT INTO exam_results (student_id, exam_schedule_id, marks_obtained, max_marks, grade) VALUES (394, 40, 62, 100, 'B+');
INSERT INTO exam_results (student_id, exam_schedule_id, marks_obtained, max_marks, grade) VALUES (395, 33, 80, 100, 'A+');
INSERT INTO exam_results (student_id, exam_schedule_id, marks_obtained, max_marks, grade) VALUES (395, 34, 95, 100, 'O');
INSERT INTO exam_results (student_id, exam_schedule_id, marks_obtained, max_marks, grade) VALUES (395, 35, 83, 100, 'A+');
INSERT INTO exam_results (student_id, exam_schedule_id, marks_obtained, max_marks, grade) VALUES (395, 36, 91, 100, 'O');
INSERT INTO exam_results (student_id, exam_schedule_id, marks_obtained, max_marks, grade) VALUES (395, 37, 79, 100, 'A+');
INSERT INTO exam_results (student_id, exam_schedule_id, marks_obtained, max_marks, grade) VALUES (395, 38, 85, 100, 'A+');
INSERT INTO exam_results (student_id, exam_schedule_id, marks_obtained, max_marks, grade) VALUES (395, 39, 95, 100, 'O');
INSERT INTO exam_results (student_id, exam_schedule_id, marks_obtained, max_marks, grade) VALUES (395, 40, 48, 100, 'C');
INSERT INTO exam_results (student_id, exam_schedule_id, marks_obtained, max_marks, grade) VALUES (396, 33, 62, 100, 'B+');
INSERT INTO exam_results (student_id, exam_schedule_id, marks_obtained, max_marks, grade) VALUES (396, 34, 76, 100, 'A');
INSERT INTO exam_results (student_id, exam_schedule_id, marks_obtained, max_marks, grade) VALUES (396, 35, 46, 100, 'C');
INSERT INTO exam_results (student_id, exam_schedule_id, marks_obtained, max_marks, grade) VALUES (396, 36, 66, 100, 'B+');
INSERT INTO exam_results (student_id, exam_schedule_id, marks_obtained, max_marks, grade) VALUES (396, 37, 85, 100, 'A+');
INSERT INTO exam_results (student_id, exam_schedule_id, marks_obtained, max_marks, grade) VALUES (396, 38, 53, 100, 'B');
INSERT INTO exam_results (student_id, exam_schedule_id, marks_obtained, max_marks, grade) VALUES (396, 39, 47, 100, 'C');
INSERT INTO exam_results (student_id, exam_schedule_id, marks_obtained, max_marks, grade) VALUES (396, 40, 76, 100, 'A');
INSERT INTO exam_results (student_id, exam_schedule_id, marks_obtained, max_marks, grade) VALUES (397, 33, 83, 100, 'A+');
INSERT INTO exam_results (student_id, exam_schedule_id, marks_obtained, max_marks, grade) VALUES (397, 34, 92, 100, 'O');
INSERT INTO exam_results (student_id, exam_schedule_id, marks_obtained, max_marks, grade) VALUES (397, 35, 57, 100, 'B');
INSERT INTO exam_results (student_id, exam_schedule_id, marks_obtained, max_marks, grade) VALUES (397, 36, 55, 100, 'B');
INSERT INTO exam_results (student_id, exam_schedule_id, marks_obtained, max_marks, grade) VALUES (397, 37, 57, 100, 'B');
INSERT INTO exam_results (student_id, exam_schedule_id, marks_obtained, max_marks, grade) VALUES (397, 38, 80, 100, 'A+');
INSERT INTO exam_results (student_id, exam_schedule_id, marks_obtained, max_marks, grade) VALUES (397, 39, 71, 100, 'A');
INSERT INTO exam_results (student_id, exam_schedule_id, marks_obtained, max_marks, grade) VALUES (397, 40, 66, 100, 'B+');
INSERT INTO exam_results (student_id, exam_schedule_id, marks_obtained, max_marks, grade) VALUES (398, 33, 49, 100, 'C');
INSERT INTO exam_results (student_id, exam_schedule_id, marks_obtained, max_marks, grade) VALUES (398, 34, 48, 100, 'C');
INSERT INTO exam_results (student_id, exam_schedule_id, marks_obtained, max_marks, grade) VALUES (398, 35, 76, 100, 'A');
INSERT INTO exam_results (student_id, exam_schedule_id, marks_obtained, max_marks, grade) VALUES (398, 36, 88, 100, 'A+');
INSERT INTO exam_results (student_id, exam_schedule_id, marks_obtained, max_marks, grade) VALUES (398, 37, 60, 100, 'B+');
INSERT INTO exam_results (student_id, exam_schedule_id, marks_obtained, max_marks, grade) VALUES (398, 38, 97, 100, 'O');
INSERT INTO exam_results (student_id, exam_schedule_id, marks_obtained, max_marks, grade) VALUES (398, 39, 58, 100, 'B');
INSERT INTO exam_results (student_id, exam_schedule_id, marks_obtained, max_marks, grade) VALUES (398, 40, 53, 100, 'B');
INSERT INTO exam_results (student_id, exam_schedule_id, marks_obtained, max_marks, grade) VALUES (399, 33, 77, 100, 'A');
INSERT INTO exam_results (student_id, exam_schedule_id, marks_obtained, max_marks, grade) VALUES (399, 34, 81, 100, 'A+');
INSERT INTO exam_results (student_id, exam_schedule_id, marks_obtained, max_marks, grade) VALUES (399, 35, 68, 100, 'B+');
INSERT INTO exam_results (student_id, exam_schedule_id, marks_obtained, max_marks, grade) VALUES (399, 36, 59, 100, 'B');
INSERT INTO exam_results (student_id, exam_schedule_id, marks_obtained, max_marks, grade) VALUES (399, 37, 90, 100, 'O');
INSERT INTO exam_results (student_id, exam_schedule_id, marks_obtained, max_marks, grade) VALUES (399, 38, 80, 100, 'A+');
INSERT INTO exam_results (student_id, exam_schedule_id, marks_obtained, max_marks, grade) VALUES (399, 39, 66, 100, 'B+');
INSERT INTO exam_results (student_id, exam_schedule_id, marks_obtained, max_marks, grade) VALUES (399, 40, 60, 100, 'B+');
INSERT INTO exam_results (student_id, exam_schedule_id, marks_obtained, max_marks, grade) VALUES (400, 33, 77, 100, 'A');
INSERT INTO exam_results (student_id, exam_schedule_id, marks_obtained, max_marks, grade) VALUES (400, 34, 93, 100, 'O');
INSERT INTO exam_results (student_id, exam_schedule_id, marks_obtained, max_marks, grade) VALUES (400, 35, 80, 100, 'A+');
INSERT INTO exam_results (student_id, exam_schedule_id, marks_obtained, max_marks, grade) VALUES (400, 36, 72, 100, 'A');
INSERT INTO exam_results (student_id, exam_schedule_id, marks_obtained, max_marks, grade) VALUES (400, 37, 68, 100, 'B+');
INSERT INTO exam_results (student_id, exam_schedule_id, marks_obtained, max_marks, grade) VALUES (400, 38, 66, 100, 'B+');
INSERT INTO exam_results (student_id, exam_schedule_id, marks_obtained, max_marks, grade) VALUES (400, 39, 77, 100, 'A');
INSERT INTO exam_results (student_id, exam_schedule_id, marks_obtained, max_marks, grade) VALUES (400, 40, 52, 100, 'B');
INSERT INTO exam_results (student_id, exam_schedule_id, marks_obtained, max_marks, grade) VALUES (403, 1, 64, 100, 'B+');
INSERT INTO exam_results (student_id, exam_schedule_id, marks_obtained, max_marks, grade) VALUES (403, 2, 78, 100, 'A');
INSERT INTO exam_results (student_id, exam_schedule_id, marks_obtained, max_marks, grade) VALUES (403, 3, 49, 100, 'C');
INSERT INTO exam_results (student_id, exam_schedule_id, marks_obtained, max_marks, grade) VALUES (403, 4, 74, 100, 'A');
INSERT INTO exam_results (student_id, exam_schedule_id, marks_obtained, max_marks, grade) VALUES (404, 1, 91, 100, 'O');
INSERT INTO exam_results (student_id, exam_schedule_id, marks_obtained, max_marks, grade) VALUES (404, 2, 49, 100, 'C');
INSERT INTO exam_results (student_id, exam_schedule_id, marks_obtained, max_marks, grade) VALUES (404, 3, 88, 100, 'A+');
INSERT INTO exam_results (student_id, exam_schedule_id, marks_obtained, max_marks, grade) VALUES (404, 4, 52, 100, 'B');
INSERT INTO exam_results (student_id, exam_schedule_id, marks_obtained, max_marks, grade) VALUES (405, 1, 56, 100, 'B');
INSERT INTO exam_results (student_id, exam_schedule_id, marks_obtained, max_marks, grade) VALUES (405, 2, 84, 100, 'A+');
INSERT INTO exam_results (student_id, exam_schedule_id, marks_obtained, max_marks, grade) VALUES (405, 3, 59, 100, 'B');
INSERT INTO exam_results (student_id, exam_schedule_id, marks_obtained, max_marks, grade) VALUES (405, 4, 45, 100, 'C');
INSERT INTO exam_results (student_id, exam_schedule_id, marks_obtained, max_marks, grade) VALUES (405, 5, 98, 100, 'O');
INSERT INTO exam_results (student_id, exam_schedule_id, marks_obtained, max_marks, grade) VALUES (405, 6, 89, 100, 'O');
INSERT INTO exam_results (student_id, exam_schedule_id, marks_obtained, max_marks, grade) VALUES (405, 7, 81, 100, 'A+');
INSERT INTO exam_results (student_id, exam_schedule_id, marks_obtained, max_marks, grade) VALUES (405, 8, 62, 100, 'B+');
INSERT INTO exam_results (student_id, exam_schedule_id, marks_obtained, max_marks, grade) VALUES (406, 1, 94, 100, 'O');
INSERT INTO exam_results (student_id, exam_schedule_id, marks_obtained, max_marks, grade) VALUES (406, 2, 91, 100, 'O');
INSERT INTO exam_results (student_id, exam_schedule_id, marks_obtained, max_marks, grade) VALUES (406, 3, 48, 100, 'C');
INSERT INTO exam_results (student_id, exam_schedule_id, marks_obtained, max_marks, grade) VALUES (406, 4, 46, 100, 'C');
INSERT INTO exam_results (student_id, exam_schedule_id, marks_obtained, max_marks, grade) VALUES (406, 5, 57, 100, 'B');
INSERT INTO exam_results (student_id, exam_schedule_id, marks_obtained, max_marks, grade) VALUES (406, 6, 74, 100, 'A');
INSERT INTO exam_results (student_id, exam_schedule_id, marks_obtained, max_marks, grade) VALUES (406, 7, 90, 100, 'O');
INSERT INTO exam_results (student_id, exam_schedule_id, marks_obtained, max_marks, grade) VALUES (406, 8, 57, 100, 'B');
INSERT INTO exam_results (student_id, exam_schedule_id, marks_obtained, max_marks, grade) VALUES (407, 1, 90, 100, 'O');
INSERT INTO exam_results (student_id, exam_schedule_id, marks_obtained, max_marks, grade) VALUES (407, 2, 69, 100, 'B+');
INSERT INTO exam_results (student_id, exam_schedule_id, marks_obtained, max_marks, grade) VALUES (407, 3, 82, 100, 'A+');
INSERT INTO exam_results (student_id, exam_schedule_id, marks_obtained, max_marks, grade) VALUES (407, 4, 52, 100, 'B');
INSERT INTO exam_results (student_id, exam_schedule_id, marks_obtained, max_marks, grade) VALUES (407, 5, 54, 100, 'B');
INSERT INTO exam_results (student_id, exam_schedule_id, marks_obtained, max_marks, grade) VALUES (407, 6, 79, 100, 'A+');
INSERT INTO exam_results (student_id, exam_schedule_id, marks_obtained, max_marks, grade) VALUES (407, 7, 49, 100, 'C');
INSERT INTO exam_results (student_id, exam_schedule_id, marks_obtained, max_marks, grade) VALUES (407, 8, 65, 100, 'B+');
INSERT INTO exam_results (student_id, exam_schedule_id, marks_obtained, max_marks, grade) VALUES (408, 1, 58, 100, 'B');
INSERT INTO exam_results (student_id, exam_schedule_id, marks_obtained, max_marks, grade) VALUES (408, 2, 46, 100, 'C');
INSERT INTO exam_results (student_id, exam_schedule_id, marks_obtained, max_marks, grade) VALUES (408, 3, 60, 100, 'B+');
INSERT INTO exam_results (student_id, exam_schedule_id, marks_obtained, max_marks, grade) VALUES (408, 4, 72, 100, 'A');
INSERT INTO exam_results (student_id, exam_schedule_id, marks_obtained, max_marks, grade) VALUES (408, 5, 55, 100, 'B');
INSERT INTO exam_results (student_id, exam_schedule_id, marks_obtained, max_marks, grade) VALUES (408, 6, 79, 100, 'A+');
INSERT INTO exam_results (student_id, exam_schedule_id, marks_obtained, max_marks, grade) VALUES (408, 7, 53, 100, 'B');
INSERT INTO exam_results (student_id, exam_schedule_id, marks_obtained, max_marks, grade) VALUES (408, 8, 76, 100, 'A');
INSERT INTO exam_results (student_id, exam_schedule_id, marks_obtained, max_marks, grade) VALUES (409, 1, 70, 100, 'A');
INSERT INTO exam_results (student_id, exam_schedule_id, marks_obtained, max_marks, grade) VALUES (409, 2, 49, 100, 'C');
INSERT INTO exam_results (student_id, exam_schedule_id, marks_obtained, max_marks, grade) VALUES (409, 3, 95, 100, 'O');
INSERT INTO exam_results (student_id, exam_schedule_id, marks_obtained, max_marks, grade) VALUES (409, 4, 46, 100, 'C');
INSERT INTO exam_results (student_id, exam_schedule_id, marks_obtained, max_marks, grade) VALUES (409, 5, 55, 100, 'B');
INSERT INTO exam_results (student_id, exam_schedule_id, marks_obtained, max_marks, grade) VALUES (409, 6, 81, 100, 'A+');
INSERT INTO exam_results (student_id, exam_schedule_id, marks_obtained, max_marks, grade) VALUES (409, 7, 52, 100, 'B');
INSERT INTO exam_results (student_id, exam_schedule_id, marks_obtained, max_marks, grade) VALUES (409, 8, 96, 100, 'O');
INSERT INTO exam_results (student_id, exam_schedule_id, marks_obtained, max_marks, grade) VALUES (410, 1, 94, 100, 'O');
INSERT INTO exam_results (student_id, exam_schedule_id, marks_obtained, max_marks, grade) VALUES (410, 2, 69, 100, 'B+');
INSERT INTO exam_results (student_id, exam_schedule_id, marks_obtained, max_marks, grade) VALUES (410, 3, 54, 100, 'B');
INSERT INTO exam_results (student_id, exam_schedule_id, marks_obtained, max_marks, grade) VALUES (410, 4, 55, 100, 'B');
INSERT INTO exam_results (student_id, exam_schedule_id, marks_obtained, max_marks, grade) VALUES (410, 5, 92, 100, 'O');
INSERT INTO exam_results (student_id, exam_schedule_id, marks_obtained, max_marks, grade) VALUES (410, 6, 47, 100, 'C');
INSERT INTO exam_results (student_id, exam_schedule_id, marks_obtained, max_marks, grade) VALUES (410, 7, 48, 100, 'C');
INSERT INTO exam_results (student_id, exam_schedule_id, marks_obtained, max_marks, grade) VALUES (410, 8, 71, 100, 'A');
INSERT INTO exam_results (student_id, exam_schedule_id, marks_obtained, max_marks, grade) VALUES (411, 1, 47, 100, 'C');
INSERT INTO exam_results (student_id, exam_schedule_id, marks_obtained, max_marks, grade) VALUES (411, 2, 80, 100, 'A+');
INSERT INTO exam_results (student_id, exam_schedule_id, marks_obtained, max_marks, grade) VALUES (411, 3, 63, 100, 'B+');
INSERT INTO exam_results (student_id, exam_schedule_id, marks_obtained, max_marks, grade) VALUES (411, 4, 75, 100, 'A');
INSERT INTO exam_results (student_id, exam_schedule_id, marks_obtained, max_marks, grade) VALUES (411, 5, 86, 100, 'A+');
INSERT INTO exam_results (student_id, exam_schedule_id, marks_obtained, max_marks, grade) VALUES (411, 6, 69, 100, 'B+');
INSERT INTO exam_results (student_id, exam_schedule_id, marks_obtained, max_marks, grade) VALUES (411, 7, 89, 100, 'O');
INSERT INTO exam_results (student_id, exam_schedule_id, marks_obtained, max_marks, grade) VALUES (411, 8, 72, 100, 'A');
INSERT INTO exam_results (student_id, exam_schedule_id, marks_obtained, max_marks, grade) VALUES (412, 1, 51, 100, 'B');
INSERT INTO exam_results (student_id, exam_schedule_id, marks_obtained, max_marks, grade) VALUES (412, 2, 95, 100, 'O');
INSERT INTO exam_results (student_id, exam_schedule_id, marks_obtained, max_marks, grade) VALUES (412, 3, 81, 100, 'A+');
INSERT INTO exam_results (student_id, exam_schedule_id, marks_obtained, max_marks, grade) VALUES (412, 4, 93, 100, 'O');
INSERT INTO exam_results (student_id, exam_schedule_id, marks_obtained, max_marks, grade) VALUES (412, 5, 94, 100, 'O');
INSERT INTO exam_results (student_id, exam_schedule_id, marks_obtained, max_marks, grade) VALUES (412, 6, 58, 100, 'B');
INSERT INTO exam_results (student_id, exam_schedule_id, marks_obtained, max_marks, grade) VALUES (412, 7, 51, 100, 'B');
INSERT INTO exam_results (student_id, exam_schedule_id, marks_obtained, max_marks, grade) VALUES (412, 8, 79, 100, 'A+');
INSERT INTO exam_results (student_id, exam_schedule_id, marks_obtained, max_marks, grade) VALUES (413, 1, 61, 100, 'B+');
INSERT INTO exam_results (student_id, exam_schedule_id, marks_obtained, max_marks, grade) VALUES (413, 2, 47, 100, 'C');
INSERT INTO exam_results (student_id, exam_schedule_id, marks_obtained, max_marks, grade) VALUES (413, 3, 91, 100, 'O');
INSERT INTO exam_results (student_id, exam_schedule_id, marks_obtained, max_marks, grade) VALUES (413, 4, 57, 100, 'B');
INSERT INTO exam_results (student_id, exam_schedule_id, marks_obtained, max_marks, grade) VALUES (413, 5, 53, 100, 'B');
INSERT INTO exam_results (student_id, exam_schedule_id, marks_obtained, max_marks, grade) VALUES (413, 6, 80, 100, 'A+');
INSERT INTO exam_results (student_id, exam_schedule_id, marks_obtained, max_marks, grade) VALUES (413, 7, 95, 100, 'O');
INSERT INTO exam_results (student_id, exam_schedule_id, marks_obtained, max_marks, grade) VALUES (413, 8, 83, 100, 'A+');
INSERT INTO exam_results (student_id, exam_schedule_id, marks_obtained, max_marks, grade) VALUES (414, 1, 74, 100, 'A');
INSERT INTO exam_results (student_id, exam_schedule_id, marks_obtained, max_marks, grade) VALUES (414, 2, 76, 100, 'A');
INSERT INTO exam_results (student_id, exam_schedule_id, marks_obtained, max_marks, grade) VALUES (414, 3, 90, 100, 'O');
INSERT INTO exam_results (student_id, exam_schedule_id, marks_obtained, max_marks, grade) VALUES (414, 4, 71, 100, 'A');
INSERT INTO exam_results (student_id, exam_schedule_id, marks_obtained, max_marks, grade) VALUES (414, 5, 81, 100, 'A+');
INSERT INTO exam_results (student_id, exam_schedule_id, marks_obtained, max_marks, grade) VALUES (414, 6, 59, 100, 'B');
INSERT INTO exam_results (student_id, exam_schedule_id, marks_obtained, max_marks, grade) VALUES (414, 7, 77, 100, 'A');
INSERT INTO exam_results (student_id, exam_schedule_id, marks_obtained, max_marks, grade) VALUES (414, 8, 71, 100, 'A');
INSERT INTO exam_results (student_id, exam_schedule_id, marks_obtained, max_marks, grade) VALUES (415, 1, 51, 100, 'B');
INSERT INTO exam_results (student_id, exam_schedule_id, marks_obtained, max_marks, grade) VALUES (415, 2, 65, 100, 'B+');
INSERT INTO exam_results (student_id, exam_schedule_id, marks_obtained, max_marks, grade) VALUES (415, 3, 81, 100, 'A+');
INSERT INTO exam_results (student_id, exam_schedule_id, marks_obtained, max_marks, grade) VALUES (415, 4, 49, 100, 'C');
INSERT INTO exam_results (student_id, exam_schedule_id, marks_obtained, max_marks, grade) VALUES (415, 5, 49, 100, 'C');
INSERT INTO exam_results (student_id, exam_schedule_id, marks_obtained, max_marks, grade) VALUES (415, 6, 94, 100, 'O');
INSERT INTO exam_results (student_id, exam_schedule_id, marks_obtained, max_marks, grade) VALUES (415, 7, 82, 100, 'A+');
INSERT INTO exam_results (student_id, exam_schedule_id, marks_obtained, max_marks, grade) VALUES (415, 8, 95, 100, 'O');
INSERT INTO exam_results (student_id, exam_schedule_id, marks_obtained, max_marks, grade) VALUES (416, 1, 68, 100, 'B+');
INSERT INTO exam_results (student_id, exam_schedule_id, marks_obtained, max_marks, grade) VALUES (416, 2, 88, 100, 'A+');
INSERT INTO exam_results (student_id, exam_schedule_id, marks_obtained, max_marks, grade) VALUES (416, 3, 47, 100, 'C');
INSERT INTO exam_results (student_id, exam_schedule_id, marks_obtained, max_marks, grade) VALUES (416, 4, 60, 100, 'B+');
INSERT INTO exam_results (student_id, exam_schedule_id, marks_obtained, max_marks, grade) VALUES (416, 5, 70, 100, 'A');
INSERT INTO exam_results (student_id, exam_schedule_id, marks_obtained, max_marks, grade) VALUES (416, 6, 84, 100, 'A+');
INSERT INTO exam_results (student_id, exam_schedule_id, marks_obtained, max_marks, grade) VALUES (416, 7, 67, 100, 'B+');
INSERT INTO exam_results (student_id, exam_schedule_id, marks_obtained, max_marks, grade) VALUES (416, 8, 48, 100, 'C');
INSERT INTO exam_results (student_id, exam_schedule_id, marks_obtained, max_marks, grade) VALUES (419, 9, 68, 100, 'B+');
INSERT INTO exam_results (student_id, exam_schedule_id, marks_obtained, max_marks, grade) VALUES (419, 10, 61, 100, 'B+');
INSERT INTO exam_results (student_id, exam_schedule_id, marks_obtained, max_marks, grade) VALUES (419, 11, 82, 100, 'A+');
INSERT INTO exam_results (student_id, exam_schedule_id, marks_obtained, max_marks, grade) VALUES (419, 12, 50, 100, 'B');
INSERT INTO exam_results (student_id, exam_schedule_id, marks_obtained, max_marks, grade) VALUES (420, 9, 77, 100, 'A');
INSERT INTO exam_results (student_id, exam_schedule_id, marks_obtained, max_marks, grade) VALUES (420, 10, 68, 100, 'B+');
INSERT INTO exam_results (student_id, exam_schedule_id, marks_obtained, max_marks, grade) VALUES (420, 11, 83, 100, 'A+');
INSERT INTO exam_results (student_id, exam_schedule_id, marks_obtained, max_marks, grade) VALUES (420, 12, 82, 100, 'A+');
INSERT INTO exam_results (student_id, exam_schedule_id, marks_obtained, max_marks, grade) VALUES (421, 9, 92, 100, 'O');
INSERT INTO exam_results (student_id, exam_schedule_id, marks_obtained, max_marks, grade) VALUES (421, 10, 75, 100, 'A');
INSERT INTO exam_results (student_id, exam_schedule_id, marks_obtained, max_marks, grade) VALUES (421, 11, 85, 100, 'A+');
INSERT INTO exam_results (student_id, exam_schedule_id, marks_obtained, max_marks, grade) VALUES (421, 12, 51, 100, 'B');
INSERT INTO exam_results (student_id, exam_schedule_id, marks_obtained, max_marks, grade) VALUES (421, 13, 83, 100, 'A+');
INSERT INTO exam_results (student_id, exam_schedule_id, marks_obtained, max_marks, grade) VALUES (421, 14, 95, 100, 'O');
INSERT INTO exam_results (student_id, exam_schedule_id, marks_obtained, max_marks, grade) VALUES (421, 15, 51, 100, 'B');
INSERT INTO exam_results (student_id, exam_schedule_id, marks_obtained, max_marks, grade) VALUES (421, 16, 92, 100, 'O');
INSERT INTO exam_results (student_id, exam_schedule_id, marks_obtained, max_marks, grade) VALUES (422, 9, 72, 100, 'A');
INSERT INTO exam_results (student_id, exam_schedule_id, marks_obtained, max_marks, grade) VALUES (422, 10, 98, 100, 'O');
INSERT INTO exam_results (student_id, exam_schedule_id, marks_obtained, max_marks, grade) VALUES (422, 11, 78, 100, 'A');
INSERT INTO exam_results (student_id, exam_schedule_id, marks_obtained, max_marks, grade) VALUES (422, 12, 88, 100, 'A+');
INSERT INTO exam_results (student_id, exam_schedule_id, marks_obtained, max_marks, grade) VALUES (422, 13, 87, 100, 'A+');
INSERT INTO exam_results (student_id, exam_schedule_id, marks_obtained, max_marks, grade) VALUES (422, 14, 65, 100, 'B+');
INSERT INTO exam_results (student_id, exam_schedule_id, marks_obtained, max_marks, grade) VALUES (422, 15, 94, 100, 'O');
INSERT INTO exam_results (student_id, exam_schedule_id, marks_obtained, max_marks, grade) VALUES (422, 16, 65, 100, 'B+');
INSERT INTO exam_results (student_id, exam_schedule_id, marks_obtained, max_marks, grade) VALUES (423, 9, 71, 100, 'A');
INSERT INTO exam_results (student_id, exam_schedule_id, marks_obtained, max_marks, grade) VALUES (423, 10, 59, 100, 'B');
INSERT INTO exam_results (student_id, exam_schedule_id, marks_obtained, max_marks, grade) VALUES (423, 11, 70, 100, 'A');
INSERT INTO exam_results (student_id, exam_schedule_id, marks_obtained, max_marks, grade) VALUES (423, 12, 50, 100, 'B');
INSERT INTO exam_results (student_id, exam_schedule_id, marks_obtained, max_marks, grade) VALUES (423, 13, 91, 100, 'O');
INSERT INTO exam_results (student_id, exam_schedule_id, marks_obtained, max_marks, grade) VALUES (423, 14, 51, 100, 'B');
INSERT INTO exam_results (student_id, exam_schedule_id, marks_obtained, max_marks, grade) VALUES (423, 15, 54, 100, 'B');
INSERT INTO exam_results (student_id, exam_schedule_id, marks_obtained, max_marks, grade) VALUES (423, 16, 97, 100, 'O');
INSERT INTO exam_results (student_id, exam_schedule_id, marks_obtained, max_marks, grade) VALUES (424, 9, 73, 100, 'A');
INSERT INTO exam_results (student_id, exam_schedule_id, marks_obtained, max_marks, grade) VALUES (424, 10, 75, 100, 'A');
INSERT INTO exam_results (student_id, exam_schedule_id, marks_obtained, max_marks, grade) VALUES (424, 11, 60, 100, 'B+');
INSERT INTO exam_results (student_id, exam_schedule_id, marks_obtained, max_marks, grade) VALUES (424, 12, 95, 100, 'O');
INSERT INTO exam_results (student_id, exam_schedule_id, marks_obtained, max_marks, grade) VALUES (424, 13, 71, 100, 'A');
INSERT INTO exam_results (student_id, exam_schedule_id, marks_obtained, max_marks, grade) VALUES (424, 14, 67, 100, 'B+');
INSERT INTO exam_results (student_id, exam_schedule_id, marks_obtained, max_marks, grade) VALUES (424, 15, 45, 100, 'C');
INSERT INTO exam_results (student_id, exam_schedule_id, marks_obtained, max_marks, grade) VALUES (424, 16, 96, 100, 'O');
INSERT INTO exam_results (student_id, exam_schedule_id, marks_obtained, max_marks, grade) VALUES (425, 9, 48, 100, 'C');
INSERT INTO exam_results (student_id, exam_schedule_id, marks_obtained, max_marks, grade) VALUES (425, 10, 76, 100, 'A');
INSERT INTO exam_results (student_id, exam_schedule_id, marks_obtained, max_marks, grade) VALUES (425, 11, 53, 100, 'B');
INSERT INTO exam_results (student_id, exam_schedule_id, marks_obtained, max_marks, grade) VALUES (425, 12, 90, 100, 'O');
INSERT INTO exam_results (student_id, exam_schedule_id, marks_obtained, max_marks, grade) VALUES (425, 13, 84, 100, 'A+');
INSERT INTO exam_results (student_id, exam_schedule_id, marks_obtained, max_marks, grade) VALUES (425, 14, 98, 100, 'O');
INSERT INTO exam_results (student_id, exam_schedule_id, marks_obtained, max_marks, grade) VALUES (425, 15, 58, 100, 'B');
INSERT INTO exam_results (student_id, exam_schedule_id, marks_obtained, max_marks, grade) VALUES (425, 16, 47, 100, 'C');
INSERT INTO exam_results (student_id, exam_schedule_id, marks_obtained, max_marks, grade) VALUES (426, 9, 98, 100, 'O');
INSERT INTO exam_results (student_id, exam_schedule_id, marks_obtained, max_marks, grade) VALUES (426, 10, 90, 100, 'O');
INSERT INTO exam_results (student_id, exam_schedule_id, marks_obtained, max_marks, grade) VALUES (426, 11, 62, 100, 'B+');
INSERT INTO exam_results (student_id, exam_schedule_id, marks_obtained, max_marks, grade) VALUES (426, 12, 47, 100, 'C');
INSERT INTO exam_results (student_id, exam_schedule_id, marks_obtained, max_marks, grade) VALUES (426, 13, 59, 100, 'B');
INSERT INTO exam_results (student_id, exam_schedule_id, marks_obtained, max_marks, grade) VALUES (426, 14, 70, 100, 'A');
INSERT INTO exam_results (student_id, exam_schedule_id, marks_obtained, max_marks, grade) VALUES (426, 15, 60, 100, 'B+');
INSERT INTO exam_results (student_id, exam_schedule_id, marks_obtained, max_marks, grade) VALUES (426, 16, 78, 100, 'A');
INSERT INTO exam_results (student_id, exam_schedule_id, marks_obtained, max_marks, grade) VALUES (427, 9, 67, 100, 'B+');
INSERT INTO exam_results (student_id, exam_schedule_id, marks_obtained, max_marks, grade) VALUES (427, 10, 63, 100, 'B+');
INSERT INTO exam_results (student_id, exam_schedule_id, marks_obtained, max_marks, grade) VALUES (427, 11, 87, 100, 'A+');
INSERT INTO exam_results (student_id, exam_schedule_id, marks_obtained, max_marks, grade) VALUES (427, 12, 83, 100, 'A+');
INSERT INTO exam_results (student_id, exam_schedule_id, marks_obtained, max_marks, grade) VALUES (427, 13, 69, 100, 'B+');
INSERT INTO exam_results (student_id, exam_schedule_id, marks_obtained, max_marks, grade) VALUES (427, 14, 80, 100, 'A+');
INSERT INTO exam_results (student_id, exam_schedule_id, marks_obtained, max_marks, grade) VALUES (427, 15, 65, 100, 'B+');
INSERT INTO exam_results (student_id, exam_schedule_id, marks_obtained, max_marks, grade) VALUES (427, 16, 96, 100, 'O');
INSERT INTO exam_results (student_id, exam_schedule_id, marks_obtained, max_marks, grade) VALUES (428, 9, 49, 100, 'C');
INSERT INTO exam_results (student_id, exam_schedule_id, marks_obtained, max_marks, grade) VALUES (428, 10, 94, 100, 'O');
INSERT INTO exam_results (student_id, exam_schedule_id, marks_obtained, max_marks, grade) VALUES (428, 11, 70, 100, 'A');
INSERT INTO exam_results (student_id, exam_schedule_id, marks_obtained, max_marks, grade) VALUES (428, 12, 97, 100, 'O');
INSERT INTO exam_results (student_id, exam_schedule_id, marks_obtained, max_marks, grade) VALUES (428, 13, 86, 100, 'A+');
INSERT INTO exam_results (student_id, exam_schedule_id, marks_obtained, max_marks, grade) VALUES (428, 14, 48, 100, 'C');
INSERT INTO exam_results (student_id, exam_schedule_id, marks_obtained, max_marks, grade) VALUES (428, 15, 94, 100, 'O');
INSERT INTO exam_results (student_id, exam_schedule_id, marks_obtained, max_marks, grade) VALUES (428, 16, 96, 100, 'O');
INSERT INTO exam_results (student_id, exam_schedule_id, marks_obtained, max_marks, grade) VALUES (429, 9, 63, 100, 'B+');
INSERT INTO exam_results (student_id, exam_schedule_id, marks_obtained, max_marks, grade) VALUES (429, 10, 89, 100, 'O');
INSERT INTO exam_results (student_id, exam_schedule_id, marks_obtained, max_marks, grade) VALUES (429, 11, 93, 100, 'O');
INSERT INTO exam_results (student_id, exam_schedule_id, marks_obtained, max_marks, grade) VALUES (429, 12, 72, 100, 'A');
INSERT INTO exam_results (student_id, exam_schedule_id, marks_obtained, max_marks, grade) VALUES (429, 13, 93, 100, 'O');
INSERT INTO exam_results (student_id, exam_schedule_id, marks_obtained, max_marks, grade) VALUES (429, 14, 66, 100, 'B+');
INSERT INTO exam_results (student_id, exam_schedule_id, marks_obtained, max_marks, grade) VALUES (429, 15, 77, 100, 'A');
INSERT INTO exam_results (student_id, exam_schedule_id, marks_obtained, max_marks, grade) VALUES (429, 16, 51, 100, 'B');
INSERT INTO exam_results (student_id, exam_schedule_id, marks_obtained, max_marks, grade) VALUES (430, 9, 72, 100, 'A');
INSERT INTO exam_results (student_id, exam_schedule_id, marks_obtained, max_marks, grade) VALUES (430, 10, 95, 100, 'O');
INSERT INTO exam_results (student_id, exam_schedule_id, marks_obtained, max_marks, grade) VALUES (430, 11, 74, 100, 'A');
INSERT INTO exam_results (student_id, exam_schedule_id, marks_obtained, max_marks, grade) VALUES (430, 12, 85, 100, 'A+');
INSERT INTO exam_results (student_id, exam_schedule_id, marks_obtained, max_marks, grade) VALUES (430, 13, 53, 100, 'B');
INSERT INTO exam_results (student_id, exam_schedule_id, marks_obtained, max_marks, grade) VALUES (430, 14, 52, 100, 'B');
INSERT INTO exam_results (student_id, exam_schedule_id, marks_obtained, max_marks, grade) VALUES (430, 15, 68, 100, 'B+');
INSERT INTO exam_results (student_id, exam_schedule_id, marks_obtained, max_marks, grade) VALUES (430, 16, 85, 100, 'A+');
INSERT INTO exam_results (student_id, exam_schedule_id, marks_obtained, max_marks, grade) VALUES (431, 9, 76, 100, 'A');
INSERT INTO exam_results (student_id, exam_schedule_id, marks_obtained, max_marks, grade) VALUES (431, 10, 45, 100, 'C');
INSERT INTO exam_results (student_id, exam_schedule_id, marks_obtained, max_marks, grade) VALUES (431, 11, 54, 100, 'B');
INSERT INTO exam_results (student_id, exam_schedule_id, marks_obtained, max_marks, grade) VALUES (431, 12, 52, 100, 'B');
INSERT INTO exam_results (student_id, exam_schedule_id, marks_obtained, max_marks, grade) VALUES (431, 13, 61, 100, 'B+');
INSERT INTO exam_results (student_id, exam_schedule_id, marks_obtained, max_marks, grade) VALUES (431, 14, 61, 100, 'B+');
INSERT INTO exam_results (student_id, exam_schedule_id, marks_obtained, max_marks, grade) VALUES (431, 15, 98, 100, 'O');
INSERT INTO exam_results (student_id, exam_schedule_id, marks_obtained, max_marks, grade) VALUES (431, 16, 94, 100, 'O');
INSERT INTO exam_results (student_id, exam_schedule_id, marks_obtained, max_marks, grade) VALUES (432, 9, 83, 100, 'A+');
INSERT INTO exam_results (student_id, exam_schedule_id, marks_obtained, max_marks, grade) VALUES (432, 10, 60, 100, 'B+');
INSERT INTO exam_results (student_id, exam_schedule_id, marks_obtained, max_marks, grade) VALUES (432, 11, 45, 100, 'C');
INSERT INTO exam_results (student_id, exam_schedule_id, marks_obtained, max_marks, grade) VALUES (432, 12, 80, 100, 'A+');
INSERT INTO exam_results (student_id, exam_schedule_id, marks_obtained, max_marks, grade) VALUES (432, 13, 91, 100, 'O');
INSERT INTO exam_results (student_id, exam_schedule_id, marks_obtained, max_marks, grade) VALUES (432, 14, 97, 100, 'O');
INSERT INTO exam_results (student_id, exam_schedule_id, marks_obtained, max_marks, grade) VALUES (432, 15, 49, 100, 'C');
INSERT INTO exam_results (student_id, exam_schedule_id, marks_obtained, max_marks, grade) VALUES (432, 16, 72, 100, 'A');
INSERT INTO exam_results (student_id, exam_schedule_id, marks_obtained, max_marks, grade) VALUES (435, 17, 71, 100, 'A');
INSERT INTO exam_results (student_id, exam_schedule_id, marks_obtained, max_marks, grade) VALUES (435, 18, 86, 100, 'A+');
INSERT INTO exam_results (student_id, exam_schedule_id, marks_obtained, max_marks, grade) VALUES (435, 19, 72, 100, 'A');
INSERT INTO exam_results (student_id, exam_schedule_id, marks_obtained, max_marks, grade) VALUES (435, 20, 45, 100, 'C');
INSERT INTO exam_results (student_id, exam_schedule_id, marks_obtained, max_marks, grade) VALUES (436, 17, 46, 100, 'C');
INSERT INTO exam_results (student_id, exam_schedule_id, marks_obtained, max_marks, grade) VALUES (436, 18, 93, 100, 'O');
INSERT INTO exam_results (student_id, exam_schedule_id, marks_obtained, max_marks, grade) VALUES (436, 19, 59, 100, 'B');
INSERT INTO exam_results (student_id, exam_schedule_id, marks_obtained, max_marks, grade) VALUES (436, 20, 87, 100, 'A+');
INSERT INTO exam_results (student_id, exam_schedule_id, marks_obtained, max_marks, grade) VALUES (437, 17, 96, 100, 'O');
INSERT INTO exam_results (student_id, exam_schedule_id, marks_obtained, max_marks, grade) VALUES (437, 18, 83, 100, 'A+');
INSERT INTO exam_results (student_id, exam_schedule_id, marks_obtained, max_marks, grade) VALUES (437, 19, 49, 100, 'C');
INSERT INTO exam_results (student_id, exam_schedule_id, marks_obtained, max_marks, grade) VALUES (437, 20, 81, 100, 'A+');
INSERT INTO exam_results (student_id, exam_schedule_id, marks_obtained, max_marks, grade) VALUES (437, 21, 90, 100, 'O');
INSERT INTO exam_results (student_id, exam_schedule_id, marks_obtained, max_marks, grade) VALUES (437, 22, 47, 100, 'C');
INSERT INTO exam_results (student_id, exam_schedule_id, marks_obtained, max_marks, grade) VALUES (437, 23, 68, 100, 'B+');
INSERT INTO exam_results (student_id, exam_schedule_id, marks_obtained, max_marks, grade) VALUES (437, 24, 77, 100, 'A');
INSERT INTO exam_results (student_id, exam_schedule_id, marks_obtained, max_marks, grade) VALUES (438, 17, 86, 100, 'A+');
INSERT INTO exam_results (student_id, exam_schedule_id, marks_obtained, max_marks, grade) VALUES (438, 18, 79, 100, 'A+');
INSERT INTO exam_results (student_id, exam_schedule_id, marks_obtained, max_marks, grade) VALUES (438, 19, 64, 100, 'B+');
INSERT INTO exam_results (student_id, exam_schedule_id, marks_obtained, max_marks, grade) VALUES (438, 20, 90, 100, 'O');
INSERT INTO exam_results (student_id, exam_schedule_id, marks_obtained, max_marks, grade) VALUES (438, 21, 62, 100, 'B+');
INSERT INTO exam_results (student_id, exam_schedule_id, marks_obtained, max_marks, grade) VALUES (438, 22, 92, 100, 'O');
INSERT INTO exam_results (student_id, exam_schedule_id, marks_obtained, max_marks, grade) VALUES (438, 23, 93, 100, 'O');
INSERT INTO exam_results (student_id, exam_schedule_id, marks_obtained, max_marks, grade) VALUES (438, 24, 52, 100, 'B');
INSERT INTO exam_results (student_id, exam_schedule_id, marks_obtained, max_marks, grade) VALUES (439, 17, 57, 100, 'B');
INSERT INTO exam_results (student_id, exam_schedule_id, marks_obtained, max_marks, grade) VALUES (439, 18, 95, 100, 'O');
INSERT INTO exam_results (student_id, exam_schedule_id, marks_obtained, max_marks, grade) VALUES (439, 19, 45, 100, 'C');
INSERT INTO exam_results (student_id, exam_schedule_id, marks_obtained, max_marks, grade) VALUES (439, 20, 87, 100, 'A+');
INSERT INTO exam_results (student_id, exam_schedule_id, marks_obtained, max_marks, grade) VALUES (439, 21, 83, 100, 'A+');
INSERT INTO exam_results (student_id, exam_schedule_id, marks_obtained, max_marks, grade) VALUES (439, 22, 60, 100, 'B+');
INSERT INTO exam_results (student_id, exam_schedule_id, marks_obtained, max_marks, grade) VALUES (439, 23, 88, 100, 'A+');
INSERT INTO exam_results (student_id, exam_schedule_id, marks_obtained, max_marks, grade) VALUES (439, 24, 91, 100, 'O');
INSERT INTO exam_results (student_id, exam_schedule_id, marks_obtained, max_marks, grade) VALUES (440, 17, 74, 100, 'A');
INSERT INTO exam_results (student_id, exam_schedule_id, marks_obtained, max_marks, grade) VALUES (440, 18, 64, 100, 'B+');
INSERT INTO exam_results (student_id, exam_schedule_id, marks_obtained, max_marks, grade) VALUES (440, 19, 83, 100, 'A+');
INSERT INTO exam_results (student_id, exam_schedule_id, marks_obtained, max_marks, grade) VALUES (440, 20, 88, 100, 'A+');
INSERT INTO exam_results (student_id, exam_schedule_id, marks_obtained, max_marks, grade) VALUES (440, 21, 51, 100, 'B');
INSERT INTO exam_results (student_id, exam_schedule_id, marks_obtained, max_marks, grade) VALUES (440, 22, 76, 100, 'A');
INSERT INTO exam_results (student_id, exam_schedule_id, marks_obtained, max_marks, grade) VALUES (440, 23, 53, 100, 'B');
INSERT INTO exam_results (student_id, exam_schedule_id, marks_obtained, max_marks, grade) VALUES (440, 24, 90, 100, 'O');
INSERT INTO exam_results (student_id, exam_schedule_id, marks_obtained, max_marks, grade) VALUES (441, 17, 62, 100, 'B+');
INSERT INTO exam_results (student_id, exam_schedule_id, marks_obtained, max_marks, grade) VALUES (441, 18, 55, 100, 'B');
INSERT INTO exam_results (student_id, exam_schedule_id, marks_obtained, max_marks, grade) VALUES (441, 19, 45, 100, 'C');
INSERT INTO exam_results (student_id, exam_schedule_id, marks_obtained, max_marks, grade) VALUES (441, 20, 47, 100, 'C');
INSERT INTO exam_results (student_id, exam_schedule_id, marks_obtained, max_marks, grade) VALUES (441, 21, 72, 100, 'A');
INSERT INTO exam_results (student_id, exam_schedule_id, marks_obtained, max_marks, grade) VALUES (441, 22, 52, 100, 'B');
INSERT INTO exam_results (student_id, exam_schedule_id, marks_obtained, max_marks, grade) VALUES (441, 23, 87, 100, 'A+');
INSERT INTO exam_results (student_id, exam_schedule_id, marks_obtained, max_marks, grade) VALUES (441, 24, 52, 100, 'B');
INSERT INTO exam_results (student_id, exam_schedule_id, marks_obtained, max_marks, grade) VALUES (442, 17, 86, 100, 'A+');
INSERT INTO exam_results (student_id, exam_schedule_id, marks_obtained, max_marks, grade) VALUES (442, 18, 81, 100, 'A+');
INSERT INTO exam_results (student_id, exam_schedule_id, marks_obtained, max_marks, grade) VALUES (442, 19, 63, 100, 'B+');
INSERT INTO exam_results (student_id, exam_schedule_id, marks_obtained, max_marks, grade) VALUES (442, 20, 69, 100, 'B+');
INSERT INTO exam_results (student_id, exam_schedule_id, marks_obtained, max_marks, grade) VALUES (442, 21, 77, 100, 'A');
INSERT INTO exam_results (student_id, exam_schedule_id, marks_obtained, max_marks, grade) VALUES (442, 22, 82, 100, 'A+');
INSERT INTO exam_results (student_id, exam_schedule_id, marks_obtained, max_marks, grade) VALUES (442, 23, 84, 100, 'A+');
INSERT INTO exam_results (student_id, exam_schedule_id, marks_obtained, max_marks, grade) VALUES (442, 24, 56, 100, 'B');
INSERT INTO exam_results (student_id, exam_schedule_id, marks_obtained, max_marks, grade) VALUES (443, 17, 54, 100, 'B');
INSERT INTO exam_results (student_id, exam_schedule_id, marks_obtained, max_marks, grade) VALUES (443, 18, 76, 100, 'A');
INSERT INTO exam_results (student_id, exam_schedule_id, marks_obtained, max_marks, grade) VALUES (443, 19, 86, 100, 'A+');
INSERT INTO exam_results (student_id, exam_schedule_id, marks_obtained, max_marks, grade) VALUES (443, 20, 94, 100, 'O');
INSERT INTO exam_results (student_id, exam_schedule_id, marks_obtained, max_marks, grade) VALUES (443, 21, 60, 100, 'B+');
INSERT INTO exam_results (student_id, exam_schedule_id, marks_obtained, max_marks, grade) VALUES (443, 22, 67, 100, 'B+');
INSERT INTO exam_results (student_id, exam_schedule_id, marks_obtained, max_marks, grade) VALUES (443, 23, 58, 100, 'B');
INSERT INTO exam_results (student_id, exam_schedule_id, marks_obtained, max_marks, grade) VALUES (443, 24, 83, 100, 'A+');
INSERT INTO exam_results (student_id, exam_schedule_id, marks_obtained, max_marks, grade) VALUES (444, 17, 47, 100, 'C');
INSERT INTO exam_results (student_id, exam_schedule_id, marks_obtained, max_marks, grade) VALUES (444, 18, 77, 100, 'A');
INSERT INTO exam_results (student_id, exam_schedule_id, marks_obtained, max_marks, grade) VALUES (444, 19, 91, 100, 'O');
INSERT INTO exam_results (student_id, exam_schedule_id, marks_obtained, max_marks, grade) VALUES (444, 20, 82, 100, 'A+');
INSERT INTO exam_results (student_id, exam_schedule_id, marks_obtained, max_marks, grade) VALUES (444, 21, 88, 100, 'A+');
INSERT INTO exam_results (student_id, exam_schedule_id, marks_obtained, max_marks, grade) VALUES (444, 22, 91, 100, 'O');
INSERT INTO exam_results (student_id, exam_schedule_id, marks_obtained, max_marks, grade) VALUES (444, 23, 95, 100, 'O');
INSERT INTO exam_results (student_id, exam_schedule_id, marks_obtained, max_marks, grade) VALUES (444, 24, 59, 100, 'B');
INSERT INTO exam_results (student_id, exam_schedule_id, marks_obtained, max_marks, grade) VALUES (445, 17, 55, 100, 'B');
INSERT INTO exam_results (student_id, exam_schedule_id, marks_obtained, max_marks, grade) VALUES (445, 18, 47, 100, 'C');
INSERT INTO exam_results (student_id, exam_schedule_id, marks_obtained, max_marks, grade) VALUES (445, 19, 46, 100, 'C');
INSERT INTO exam_results (student_id, exam_schedule_id, marks_obtained, max_marks, grade) VALUES (445, 20, 94, 100, 'O');
INSERT INTO exam_results (student_id, exam_schedule_id, marks_obtained, max_marks, grade) VALUES (445, 21, 72, 100, 'A');
INSERT INTO exam_results (student_id, exam_schedule_id, marks_obtained, max_marks, grade) VALUES (445, 22, 70, 100, 'A');
INSERT INTO exam_results (student_id, exam_schedule_id, marks_obtained, max_marks, grade) VALUES (445, 23, 86, 100, 'A+');
INSERT INTO exam_results (student_id, exam_schedule_id, marks_obtained, max_marks, grade) VALUES (445, 24, 71, 100, 'A');
INSERT INTO exam_results (student_id, exam_schedule_id, marks_obtained, max_marks, grade) VALUES (446, 17, 87, 100, 'A+');
INSERT INTO exam_results (student_id, exam_schedule_id, marks_obtained, max_marks, grade) VALUES (446, 18, 52, 100, 'B');
INSERT INTO exam_results (student_id, exam_schedule_id, marks_obtained, max_marks, grade) VALUES (446, 19, 57, 100, 'B');
INSERT INTO exam_results (student_id, exam_schedule_id, marks_obtained, max_marks, grade) VALUES (446, 20, 62, 100, 'B+');
INSERT INTO exam_results (student_id, exam_schedule_id, marks_obtained, max_marks, grade) VALUES (446, 21, 87, 100, 'A+');
INSERT INTO exam_results (student_id, exam_schedule_id, marks_obtained, max_marks, grade) VALUES (446, 22, 59, 100, 'B');
INSERT INTO exam_results (student_id, exam_schedule_id, marks_obtained, max_marks, grade) VALUES (446, 23, 46, 100, 'C');
INSERT INTO exam_results (student_id, exam_schedule_id, marks_obtained, max_marks, grade) VALUES (446, 24, 80, 100, 'A+');
INSERT INTO exam_results (student_id, exam_schedule_id, marks_obtained, max_marks, grade) VALUES (447, 17, 86, 100, 'A+');
INSERT INTO exam_results (student_id, exam_schedule_id, marks_obtained, max_marks, grade) VALUES (447, 18, 91, 100, 'O');
INSERT INTO exam_results (student_id, exam_schedule_id, marks_obtained, max_marks, grade) VALUES (447, 19, 75, 100, 'A');
INSERT INTO exam_results (student_id, exam_schedule_id, marks_obtained, max_marks, grade) VALUES (447, 20, 59, 100, 'B');
INSERT INTO exam_results (student_id, exam_schedule_id, marks_obtained, max_marks, grade) VALUES (447, 21, 73, 100, 'A');
INSERT INTO exam_results (student_id, exam_schedule_id, marks_obtained, max_marks, grade) VALUES (447, 22, 79, 100, 'A+');
INSERT INTO exam_results (student_id, exam_schedule_id, marks_obtained, max_marks, grade) VALUES (447, 23, 53, 100, 'B');
INSERT INTO exam_results (student_id, exam_schedule_id, marks_obtained, max_marks, grade) VALUES (447, 24, 51, 100, 'B');
INSERT INTO exam_results (student_id, exam_schedule_id, marks_obtained, max_marks, grade) VALUES (448, 17, 55, 100, 'B');
INSERT INTO exam_results (student_id, exam_schedule_id, marks_obtained, max_marks, grade) VALUES (448, 18, 61, 100, 'B+');
INSERT INTO exam_results (student_id, exam_schedule_id, marks_obtained, max_marks, grade) VALUES (448, 19, 45, 100, 'C');
INSERT INTO exam_results (student_id, exam_schedule_id, marks_obtained, max_marks, grade) VALUES (448, 20, 54, 100, 'B');
INSERT INTO exam_results (student_id, exam_schedule_id, marks_obtained, max_marks, grade) VALUES (448, 21, 46, 100, 'C');
INSERT INTO exam_results (student_id, exam_schedule_id, marks_obtained, max_marks, grade) VALUES (448, 22, 51, 100, 'B');
INSERT INTO exam_results (student_id, exam_schedule_id, marks_obtained, max_marks, grade) VALUES (448, 23, 58, 100, 'B');
INSERT INTO exam_results (student_id, exam_schedule_id, marks_obtained, max_marks, grade) VALUES (448, 24, 77, 100, 'A');
INSERT INTO exam_results (student_id, exam_schedule_id, marks_obtained, max_marks, grade) VALUES (451, 25, 45, 100, 'C');
INSERT INTO exam_results (student_id, exam_schedule_id, marks_obtained, max_marks, grade) VALUES (451, 26, 57, 100, 'B');
INSERT INTO exam_results (student_id, exam_schedule_id, marks_obtained, max_marks, grade) VALUES (451, 27, 88, 100, 'A+');
INSERT INTO exam_results (student_id, exam_schedule_id, marks_obtained, max_marks, grade) VALUES (451, 28, 89, 100, 'O');
INSERT INTO exam_results (student_id, exam_schedule_id, marks_obtained, max_marks, grade) VALUES (452, 25, 85, 100, 'A+');
INSERT INTO exam_results (student_id, exam_schedule_id, marks_obtained, max_marks, grade) VALUES (452, 26, 66, 100, 'B+');
INSERT INTO exam_results (student_id, exam_schedule_id, marks_obtained, max_marks, grade) VALUES (452, 27, 48, 100, 'C');
INSERT INTO exam_results (student_id, exam_schedule_id, marks_obtained, max_marks, grade) VALUES (452, 28, 96, 100, 'O');
INSERT INTO exam_results (student_id, exam_schedule_id, marks_obtained, max_marks, grade) VALUES (453, 25, 46, 100, 'C');
INSERT INTO exam_results (student_id, exam_schedule_id, marks_obtained, max_marks, grade) VALUES (453, 26, 81, 100, 'A+');
INSERT INTO exam_results (student_id, exam_schedule_id, marks_obtained, max_marks, grade) VALUES (453, 27, 69, 100, 'B+');
INSERT INTO exam_results (student_id, exam_schedule_id, marks_obtained, max_marks, grade) VALUES (453, 28, 79, 100, 'A+');
INSERT INTO exam_results (student_id, exam_schedule_id, marks_obtained, max_marks, grade) VALUES (453, 29, 55, 100, 'B');
INSERT INTO exam_results (student_id, exam_schedule_id, marks_obtained, max_marks, grade) VALUES (453, 30, 45, 100, 'C');
INSERT INTO exam_results (student_id, exam_schedule_id, marks_obtained, max_marks, grade) VALUES (453, 31, 59, 100, 'B');
INSERT INTO exam_results (student_id, exam_schedule_id, marks_obtained, max_marks, grade) VALUES (453, 32, 71, 100, 'A');
INSERT INTO exam_results (student_id, exam_schedule_id, marks_obtained, max_marks, grade) VALUES (454, 25, 57, 100, 'B');
INSERT INTO exam_results (student_id, exam_schedule_id, marks_obtained, max_marks, grade) VALUES (454, 26, 89, 100, 'O');
INSERT INTO exam_results (student_id, exam_schedule_id, marks_obtained, max_marks, grade) VALUES (454, 27, 56, 100, 'B');
INSERT INTO exam_results (student_id, exam_schedule_id, marks_obtained, max_marks, grade) VALUES (454, 28, 66, 100, 'B+');
INSERT INTO exam_results (student_id, exam_schedule_id, marks_obtained, max_marks, grade) VALUES (454, 29, 89, 100, 'O');
INSERT INTO exam_results (student_id, exam_schedule_id, marks_obtained, max_marks, grade) VALUES (454, 30, 49, 100, 'C');
INSERT INTO exam_results (student_id, exam_schedule_id, marks_obtained, max_marks, grade) VALUES (454, 31, 91, 100, 'O');
INSERT INTO exam_results (student_id, exam_schedule_id, marks_obtained, max_marks, grade) VALUES (454, 32, 86, 100, 'A+');
INSERT INTO exam_results (student_id, exam_schedule_id, marks_obtained, max_marks, grade) VALUES (455, 25, 45, 100, 'C');
INSERT INTO exam_results (student_id, exam_schedule_id, marks_obtained, max_marks, grade) VALUES (455, 26, 66, 100, 'B+');
INSERT INTO exam_results (student_id, exam_schedule_id, marks_obtained, max_marks, grade) VALUES (455, 27, 58, 100, 'B');
INSERT INTO exam_results (student_id, exam_schedule_id, marks_obtained, max_marks, grade) VALUES (455, 28, 94, 100, 'O');
INSERT INTO exam_results (student_id, exam_schedule_id, marks_obtained, max_marks, grade) VALUES (455, 29, 66, 100, 'B+');
INSERT INTO exam_results (student_id, exam_schedule_id, marks_obtained, max_marks, grade) VALUES (455, 30, 68, 100, 'B+');
INSERT INTO exam_results (student_id, exam_schedule_id, marks_obtained, max_marks, grade) VALUES (455, 31, 49, 100, 'C');
INSERT INTO exam_results (student_id, exam_schedule_id, marks_obtained, max_marks, grade) VALUES (455, 32, 87, 100, 'A+');
INSERT INTO exam_results (student_id, exam_schedule_id, marks_obtained, max_marks, grade) VALUES (456, 25, 61, 100, 'B+');
INSERT INTO exam_results (student_id, exam_schedule_id, marks_obtained, max_marks, grade) VALUES (456, 26, 96, 100, 'O');
INSERT INTO exam_results (student_id, exam_schedule_id, marks_obtained, max_marks, grade) VALUES (456, 27, 76, 100, 'A');
INSERT INTO exam_results (student_id, exam_schedule_id, marks_obtained, max_marks, grade) VALUES (456, 28, 65, 100, 'B+');
INSERT INTO exam_results (student_id, exam_schedule_id, marks_obtained, max_marks, grade) VALUES (456, 29, 96, 100, 'O');
INSERT INTO exam_results (student_id, exam_schedule_id, marks_obtained, max_marks, grade) VALUES (456, 30, 75, 100, 'A');
INSERT INTO exam_results (student_id, exam_schedule_id, marks_obtained, max_marks, grade) VALUES (456, 31, 79, 100, 'A+');
INSERT INTO exam_results (student_id, exam_schedule_id, marks_obtained, max_marks, grade) VALUES (456, 32, 90, 100, 'O');
INSERT INTO exam_results (student_id, exam_schedule_id, marks_obtained, max_marks, grade) VALUES (457, 25, 70, 100, 'A');
INSERT INTO exam_results (student_id, exam_schedule_id, marks_obtained, max_marks, grade) VALUES (457, 26, 58, 100, 'B');
INSERT INTO exam_results (student_id, exam_schedule_id, marks_obtained, max_marks, grade) VALUES (457, 27, 76, 100, 'A');
INSERT INTO exam_results (student_id, exam_schedule_id, marks_obtained, max_marks, grade) VALUES (457, 28, 94, 100, 'O');
INSERT INTO exam_results (student_id, exam_schedule_id, marks_obtained, max_marks, grade) VALUES (457, 29, 75, 100, 'A');
INSERT INTO exam_results (student_id, exam_schedule_id, marks_obtained, max_marks, grade) VALUES (457, 30, 84, 100, 'A+');
INSERT INTO exam_results (student_id, exam_schedule_id, marks_obtained, max_marks, grade) VALUES (457, 31, 98, 100, 'O');
INSERT INTO exam_results (student_id, exam_schedule_id, marks_obtained, max_marks, grade) VALUES (457, 32, 57, 100, 'B');
INSERT INTO exam_results (student_id, exam_schedule_id, marks_obtained, max_marks, grade) VALUES (458, 25, 76, 100, 'A');
INSERT INTO exam_results (student_id, exam_schedule_id, marks_obtained, max_marks, grade) VALUES (458, 26, 83, 100, 'A+');
INSERT INTO exam_results (student_id, exam_schedule_id, marks_obtained, max_marks, grade) VALUES (458, 27, 59, 100, 'B');
INSERT INTO exam_results (student_id, exam_schedule_id, marks_obtained, max_marks, grade) VALUES (458, 28, 88, 100, 'A+');
INSERT INTO exam_results (student_id, exam_schedule_id, marks_obtained, max_marks, grade) VALUES (458, 29, 65, 100, 'B+');
INSERT INTO exam_results (student_id, exam_schedule_id, marks_obtained, max_marks, grade) VALUES (458, 30, 85, 100, 'A+');
INSERT INTO exam_results (student_id, exam_schedule_id, marks_obtained, max_marks, grade) VALUES (458, 31, 83, 100, 'A+');
INSERT INTO exam_results (student_id, exam_schedule_id, marks_obtained, max_marks, grade) VALUES (458, 32, 59, 100, 'B');
INSERT INTO exam_results (student_id, exam_schedule_id, marks_obtained, max_marks, grade) VALUES (459, 25, 93, 100, 'O');
INSERT INTO exam_results (student_id, exam_schedule_id, marks_obtained, max_marks, grade) VALUES (459, 26, 90, 100, 'O');
INSERT INTO exam_results (student_id, exam_schedule_id, marks_obtained, max_marks, grade) VALUES (459, 27, 80, 100, 'A+');
INSERT INTO exam_results (student_id, exam_schedule_id, marks_obtained, max_marks, grade) VALUES (459, 28, 94, 100, 'O');
INSERT INTO exam_results (student_id, exam_schedule_id, marks_obtained, max_marks, grade) VALUES (459, 29, 58, 100, 'B');
INSERT INTO exam_results (student_id, exam_schedule_id, marks_obtained, max_marks, grade) VALUES (459, 30, 96, 100, 'O');
INSERT INTO exam_results (student_id, exam_schedule_id, marks_obtained, max_marks, grade) VALUES (459, 31, 97, 100, 'O');
INSERT INTO exam_results (student_id, exam_schedule_id, marks_obtained, max_marks, grade) VALUES (459, 32, 66, 100, 'B+');
INSERT INTO exam_results (student_id, exam_schedule_id, marks_obtained, max_marks, grade) VALUES (460, 25, 52, 100, 'B');
INSERT INTO exam_results (student_id, exam_schedule_id, marks_obtained, max_marks, grade) VALUES (460, 26, 95, 100, 'O');
INSERT INTO exam_results (student_id, exam_schedule_id, marks_obtained, max_marks, grade) VALUES (460, 27, 64, 100, 'B+');
INSERT INTO exam_results (student_id, exam_schedule_id, marks_obtained, max_marks, grade) VALUES (460, 28, 52, 100, 'B');
INSERT INTO exam_results (student_id, exam_schedule_id, marks_obtained, max_marks, grade) VALUES (460, 29, 72, 100, 'A');
INSERT INTO exam_results (student_id, exam_schedule_id, marks_obtained, max_marks, grade) VALUES (460, 30, 66, 100, 'B+');
INSERT INTO exam_results (student_id, exam_schedule_id, marks_obtained, max_marks, grade) VALUES (460, 31, 61, 100, 'B+');
INSERT INTO exam_results (student_id, exam_schedule_id, marks_obtained, max_marks, grade) VALUES (460, 32, 91, 100, 'O');
INSERT INTO exam_results (student_id, exam_schedule_id, marks_obtained, max_marks, grade) VALUES (461, 25, 84, 100, 'A+');
INSERT INTO exam_results (student_id, exam_schedule_id, marks_obtained, max_marks, grade) VALUES (461, 26, 91, 100, 'O');
INSERT INTO exam_results (student_id, exam_schedule_id, marks_obtained, max_marks, grade) VALUES (461, 27, 80, 100, 'A+');
INSERT INTO exam_results (student_id, exam_schedule_id, marks_obtained, max_marks, grade) VALUES (461, 28, 57, 100, 'B');
INSERT INTO exam_results (student_id, exam_schedule_id, marks_obtained, max_marks, grade) VALUES (461, 29, 77, 100, 'A');
INSERT INTO exam_results (student_id, exam_schedule_id, marks_obtained, max_marks, grade) VALUES (461, 30, 76, 100, 'A');
INSERT INTO exam_results (student_id, exam_schedule_id, marks_obtained, max_marks, grade) VALUES (461, 31, 76, 100, 'A');
INSERT INTO exam_results (student_id, exam_schedule_id, marks_obtained, max_marks, grade) VALUES (461, 32, 51, 100, 'B');
INSERT INTO exam_results (student_id, exam_schedule_id, marks_obtained, max_marks, grade) VALUES (462, 25, 94, 100, 'O');
INSERT INTO exam_results (student_id, exam_schedule_id, marks_obtained, max_marks, grade) VALUES (462, 26, 93, 100, 'O');
INSERT INTO exam_results (student_id, exam_schedule_id, marks_obtained, max_marks, grade) VALUES (462, 27, 98, 100, 'O');
INSERT INTO exam_results (student_id, exam_schedule_id, marks_obtained, max_marks, grade) VALUES (462, 28, 77, 100, 'A');
INSERT INTO exam_results (student_id, exam_schedule_id, marks_obtained, max_marks, grade) VALUES (462, 29, 98, 100, 'O');
INSERT INTO exam_results (student_id, exam_schedule_id, marks_obtained, max_marks, grade) VALUES (462, 30, 97, 100, 'O');
INSERT INTO exam_results (student_id, exam_schedule_id, marks_obtained, max_marks, grade) VALUES (462, 31, 63, 100, 'B+');
INSERT INTO exam_results (student_id, exam_schedule_id, marks_obtained, max_marks, grade) VALUES (462, 32, 68, 100, 'B+');
INSERT INTO exam_results (student_id, exam_schedule_id, marks_obtained, max_marks, grade) VALUES (463, 25, 66, 100, 'B+');
INSERT INTO exam_results (student_id, exam_schedule_id, marks_obtained, max_marks, grade) VALUES (463, 26, 91, 100, 'O');
INSERT INTO exam_results (student_id, exam_schedule_id, marks_obtained, max_marks, grade) VALUES (463, 27, 91, 100, 'O');
INSERT INTO exam_results (student_id, exam_schedule_id, marks_obtained, max_marks, grade) VALUES (463, 28, 79, 100, 'A+');
INSERT INTO exam_results (student_id, exam_schedule_id, marks_obtained, max_marks, grade) VALUES (463, 29, 46, 100, 'C');
INSERT INTO exam_results (student_id, exam_schedule_id, marks_obtained, max_marks, grade) VALUES (463, 30, 45, 100, 'C');
INSERT INTO exam_results (student_id, exam_schedule_id, marks_obtained, max_marks, grade) VALUES (463, 31, 97, 100, 'O');
INSERT INTO exam_results (student_id, exam_schedule_id, marks_obtained, max_marks, grade) VALUES (463, 32, 76, 100, 'A');
INSERT INTO exam_results (student_id, exam_schedule_id, marks_obtained, max_marks, grade) VALUES (464, 25, 93, 100, 'O');
INSERT INTO exam_results (student_id, exam_schedule_id, marks_obtained, max_marks, grade) VALUES (464, 26, 69, 100, 'B+');
INSERT INTO exam_results (student_id, exam_schedule_id, marks_obtained, max_marks, grade) VALUES (464, 27, 70, 100, 'A');
INSERT INTO exam_results (student_id, exam_schedule_id, marks_obtained, max_marks, grade) VALUES (464, 28, 76, 100, 'A');
INSERT INTO exam_results (student_id, exam_schedule_id, marks_obtained, max_marks, grade) VALUES (464, 29, 93, 100, 'O');
INSERT INTO exam_results (student_id, exam_schedule_id, marks_obtained, max_marks, grade) VALUES (464, 30, 76, 100, 'A');
INSERT INTO exam_results (student_id, exam_schedule_id, marks_obtained, max_marks, grade) VALUES (464, 31, 64, 100, 'B+');
INSERT INTO exam_results (student_id, exam_schedule_id, marks_obtained, max_marks, grade) VALUES (464, 32, 51, 100, 'B');
INSERT INTO exam_results (student_id, exam_schedule_id, marks_obtained, max_marks, grade) VALUES (467, 33, 94, 100, 'O');
INSERT INTO exam_results (student_id, exam_schedule_id, marks_obtained, max_marks, grade) VALUES (467, 34, 46, 100, 'C');
INSERT INTO exam_results (student_id, exam_schedule_id, marks_obtained, max_marks, grade) VALUES (467, 35, 52, 100, 'B');
INSERT INTO exam_results (student_id, exam_schedule_id, marks_obtained, max_marks, grade) VALUES (467, 36, 79, 100, 'A+');
INSERT INTO exam_results (student_id, exam_schedule_id, marks_obtained, max_marks, grade) VALUES (468, 33, 78, 100, 'A');
INSERT INTO exam_results (student_id, exam_schedule_id, marks_obtained, max_marks, grade) VALUES (468, 34, 91, 100, 'O');
INSERT INTO exam_results (student_id, exam_schedule_id, marks_obtained, max_marks, grade) VALUES (468, 35, 85, 100, 'A+');
INSERT INTO exam_results (student_id, exam_schedule_id, marks_obtained, max_marks, grade) VALUES (468, 36, 90, 100, 'O');
INSERT INTO exam_results (student_id, exam_schedule_id, marks_obtained, max_marks, grade) VALUES (469, 33, 72, 100, 'A');
INSERT INTO exam_results (student_id, exam_schedule_id, marks_obtained, max_marks, grade) VALUES (469, 34, 84, 100, 'A+');
INSERT INTO exam_results (student_id, exam_schedule_id, marks_obtained, max_marks, grade) VALUES (469, 35, 85, 100, 'A+');
INSERT INTO exam_results (student_id, exam_schedule_id, marks_obtained, max_marks, grade) VALUES (469, 36, 62, 100, 'B+');
INSERT INTO exam_results (student_id, exam_schedule_id, marks_obtained, max_marks, grade) VALUES (469, 37, 51, 100, 'B');
INSERT INTO exam_results (student_id, exam_schedule_id, marks_obtained, max_marks, grade) VALUES (469, 38, 84, 100, 'A+');
INSERT INTO exam_results (student_id, exam_schedule_id, marks_obtained, max_marks, grade) VALUES (469, 39, 72, 100, 'A');
INSERT INTO exam_results (student_id, exam_schedule_id, marks_obtained, max_marks, grade) VALUES (469, 40, 78, 100, 'A');
INSERT INTO exam_results (student_id, exam_schedule_id, marks_obtained, max_marks, grade) VALUES (470, 33, 72, 100, 'A');
INSERT INTO exam_results (student_id, exam_schedule_id, marks_obtained, max_marks, grade) VALUES (470, 34, 80, 100, 'A+');
INSERT INTO exam_results (student_id, exam_schedule_id, marks_obtained, max_marks, grade) VALUES (470, 35, 79, 100, 'A+');
INSERT INTO exam_results (student_id, exam_schedule_id, marks_obtained, max_marks, grade) VALUES (470, 36, 57, 100, 'B');
INSERT INTO exam_results (student_id, exam_schedule_id, marks_obtained, max_marks, grade) VALUES (470, 37, 54, 100, 'B');
INSERT INTO exam_results (student_id, exam_schedule_id, marks_obtained, max_marks, grade) VALUES (470, 38, 50, 100, 'B');
INSERT INTO exam_results (student_id, exam_schedule_id, marks_obtained, max_marks, grade) VALUES (470, 39, 75, 100, 'A');
INSERT INTO exam_results (student_id, exam_schedule_id, marks_obtained, max_marks, grade) VALUES (470, 40, 70, 100, 'A');
INSERT INTO exam_results (student_id, exam_schedule_id, marks_obtained, max_marks, grade) VALUES (471, 33, 47, 100, 'C');
INSERT INTO exam_results (student_id, exam_schedule_id, marks_obtained, max_marks, grade) VALUES (471, 34, 75, 100, 'A');
INSERT INTO exam_results (student_id, exam_schedule_id, marks_obtained, max_marks, grade) VALUES (471, 35, 68, 100, 'B+');
INSERT INTO exam_results (student_id, exam_schedule_id, marks_obtained, max_marks, grade) VALUES (471, 36, 64, 100, 'B+');
INSERT INTO exam_results (student_id, exam_schedule_id, marks_obtained, max_marks, grade) VALUES (471, 37, 62, 100, 'B+');
INSERT INTO exam_results (student_id, exam_schedule_id, marks_obtained, max_marks, grade) VALUES (471, 38, 49, 100, 'C');
INSERT INTO exam_results (student_id, exam_schedule_id, marks_obtained, max_marks, grade) VALUES (471, 39, 94, 100, 'O');
INSERT INTO exam_results (student_id, exam_schedule_id, marks_obtained, max_marks, grade) VALUES (471, 40, 61, 100, 'B+');
INSERT INTO exam_results (student_id, exam_schedule_id, marks_obtained, max_marks, grade) VALUES (472, 33, 64, 100, 'B+');
INSERT INTO exam_results (student_id, exam_schedule_id, marks_obtained, max_marks, grade) VALUES (472, 34, 51, 100, 'B');
INSERT INTO exam_results (student_id, exam_schedule_id, marks_obtained, max_marks, grade) VALUES (472, 35, 75, 100, 'A');
INSERT INTO exam_results (student_id, exam_schedule_id, marks_obtained, max_marks, grade) VALUES (472, 36, 82, 100, 'A+');
INSERT INTO exam_results (student_id, exam_schedule_id, marks_obtained, max_marks, grade) VALUES (472, 37, 85, 100, 'A+');
INSERT INTO exam_results (student_id, exam_schedule_id, marks_obtained, max_marks, grade) VALUES (472, 38, 72, 100, 'A');
INSERT INTO exam_results (student_id, exam_schedule_id, marks_obtained, max_marks, grade) VALUES (472, 39, 96, 100, 'O');
INSERT INTO exam_results (student_id, exam_schedule_id, marks_obtained, max_marks, grade) VALUES (472, 40, 66, 100, 'B+');
INSERT INTO exam_results (student_id, exam_schedule_id, marks_obtained, max_marks, grade) VALUES (473, 33, 74, 100, 'A');
INSERT INTO exam_results (student_id, exam_schedule_id, marks_obtained, max_marks, grade) VALUES (473, 34, 98, 100, 'O');
INSERT INTO exam_results (student_id, exam_schedule_id, marks_obtained, max_marks, grade) VALUES (473, 35, 97, 100, 'O');
INSERT INTO exam_results (student_id, exam_schedule_id, marks_obtained, max_marks, grade) VALUES (473, 36, 57, 100, 'B');
INSERT INTO exam_results (student_id, exam_schedule_id, marks_obtained, max_marks, grade) VALUES (473, 37, 93, 100, 'O');
INSERT INTO exam_results (student_id, exam_schedule_id, marks_obtained, max_marks, grade) VALUES (473, 38, 59, 100, 'B');
INSERT INTO exam_results (student_id, exam_schedule_id, marks_obtained, max_marks, grade) VALUES (473, 39, 69, 100, 'B+');
INSERT INTO exam_results (student_id, exam_schedule_id, marks_obtained, max_marks, grade) VALUES (473, 40, 81, 100, 'A+');
INSERT INTO exam_results (student_id, exam_schedule_id, marks_obtained, max_marks, grade) VALUES (474, 33, 92, 100, 'O');
INSERT INTO exam_results (student_id, exam_schedule_id, marks_obtained, max_marks, grade) VALUES (474, 34, 86, 100, 'A+');
INSERT INTO exam_results (student_id, exam_schedule_id, marks_obtained, max_marks, grade) VALUES (474, 35, 93, 100, 'O');
INSERT INTO exam_results (student_id, exam_schedule_id, marks_obtained, max_marks, grade) VALUES (474, 36, 93, 100, 'O');
INSERT INTO exam_results (student_id, exam_schedule_id, marks_obtained, max_marks, grade) VALUES (474, 37, 80, 100, 'A+');
INSERT INTO exam_results (student_id, exam_schedule_id, marks_obtained, max_marks, grade) VALUES (474, 38, 90, 100, 'O');
INSERT INTO exam_results (student_id, exam_schedule_id, marks_obtained, max_marks, grade) VALUES (474, 39, 78, 100, 'A');
INSERT INTO exam_results (student_id, exam_schedule_id, marks_obtained, max_marks, grade) VALUES (474, 40, 47, 100, 'C');
INSERT INTO exam_results (student_id, exam_schedule_id, marks_obtained, max_marks, grade) VALUES (475, 33, 96, 100, 'O');
INSERT INTO exam_results (student_id, exam_schedule_id, marks_obtained, max_marks, grade) VALUES (475, 34, 50, 100, 'B');
INSERT INTO exam_results (student_id, exam_schedule_id, marks_obtained, max_marks, grade) VALUES (475, 35, 84, 100, 'A+');
INSERT INTO exam_results (student_id, exam_schedule_id, marks_obtained, max_marks, grade) VALUES (475, 36, 72, 100, 'A');
INSERT INTO exam_results (student_id, exam_schedule_id, marks_obtained, max_marks, grade) VALUES (475, 37, 70, 100, 'A');
INSERT INTO exam_results (student_id, exam_schedule_id, marks_obtained, max_marks, grade) VALUES (475, 38, 56, 100, 'B');
INSERT INTO exam_results (student_id, exam_schedule_id, marks_obtained, max_marks, grade) VALUES (475, 39, 54, 100, 'B');
INSERT INTO exam_results (student_id, exam_schedule_id, marks_obtained, max_marks, grade) VALUES (475, 40, 56, 100, 'B');
INSERT INTO exam_results (student_id, exam_schedule_id, marks_obtained, max_marks, grade) VALUES (476, 33, 50, 100, 'B');
INSERT INTO exam_results (student_id, exam_schedule_id, marks_obtained, max_marks, grade) VALUES (476, 34, 81, 100, 'A+');
INSERT INTO exam_results (student_id, exam_schedule_id, marks_obtained, max_marks, grade) VALUES (476, 35, 89, 100, 'O');
INSERT INTO exam_results (student_id, exam_schedule_id, marks_obtained, max_marks, grade) VALUES (476, 36, 82, 100, 'A+');
INSERT INTO exam_results (student_id, exam_schedule_id, marks_obtained, max_marks, grade) VALUES (476, 37, 73, 100, 'A');
INSERT INTO exam_results (student_id, exam_schedule_id, marks_obtained, max_marks, grade) VALUES (476, 38, 85, 100, 'A+');
INSERT INTO exam_results (student_id, exam_schedule_id, marks_obtained, max_marks, grade) VALUES (476, 39, 85, 100, 'A+');
INSERT INTO exam_results (student_id, exam_schedule_id, marks_obtained, max_marks, grade) VALUES (476, 40, 67, 100, 'B+');
INSERT INTO exam_results (student_id, exam_schedule_id, marks_obtained, max_marks, grade) VALUES (477, 33, 63, 100, 'B+');
INSERT INTO exam_results (student_id, exam_schedule_id, marks_obtained, max_marks, grade) VALUES (477, 34, 49, 100, 'C');
INSERT INTO exam_results (student_id, exam_schedule_id, marks_obtained, max_marks, grade) VALUES (477, 35, 79, 100, 'A+');
INSERT INTO exam_results (student_id, exam_schedule_id, marks_obtained, max_marks, grade) VALUES (477, 36, 60, 100, 'B+');
INSERT INTO exam_results (student_id, exam_schedule_id, marks_obtained, max_marks, grade) VALUES (477, 37, 73, 100, 'A');
INSERT INTO exam_results (student_id, exam_schedule_id, marks_obtained, max_marks, grade) VALUES (477, 38, 51, 100, 'B');
INSERT INTO exam_results (student_id, exam_schedule_id, marks_obtained, max_marks, grade) VALUES (477, 39, 98, 100, 'O');
INSERT INTO exam_results (student_id, exam_schedule_id, marks_obtained, max_marks, grade) VALUES (477, 40, 60, 100, 'B+');
INSERT INTO exam_results (student_id, exam_schedule_id, marks_obtained, max_marks, grade) VALUES (478, 33, 84, 100, 'A+');
INSERT INTO exam_results (student_id, exam_schedule_id, marks_obtained, max_marks, grade) VALUES (478, 34, 45, 100, 'C');
INSERT INTO exam_results (student_id, exam_schedule_id, marks_obtained, max_marks, grade) VALUES (478, 35, 83, 100, 'A+');
INSERT INTO exam_results (student_id, exam_schedule_id, marks_obtained, max_marks, grade) VALUES (478, 36, 87, 100, 'A+');
INSERT INTO exam_results (student_id, exam_schedule_id, marks_obtained, max_marks, grade) VALUES (478, 37, 48, 100, 'C');
INSERT INTO exam_results (student_id, exam_schedule_id, marks_obtained, max_marks, grade) VALUES (478, 38, 54, 100, 'B');
INSERT INTO exam_results (student_id, exam_schedule_id, marks_obtained, max_marks, grade) VALUES (478, 39, 48, 100, 'C');
INSERT INTO exam_results (student_id, exam_schedule_id, marks_obtained, max_marks, grade) VALUES (478, 40, 64, 100, 'B+');
INSERT INTO exam_results (student_id, exam_schedule_id, marks_obtained, max_marks, grade) VALUES (479, 33, 95, 100, 'O');
INSERT INTO exam_results (student_id, exam_schedule_id, marks_obtained, max_marks, grade) VALUES (479, 34, 98, 100, 'O');
INSERT INTO exam_results (student_id, exam_schedule_id, marks_obtained, max_marks, grade) VALUES (479, 35, 45, 100, 'C');
INSERT INTO exam_results (student_id, exam_schedule_id, marks_obtained, max_marks, grade) VALUES (479, 36, 95, 100, 'O');
INSERT INTO exam_results (student_id, exam_schedule_id, marks_obtained, max_marks, grade) VALUES (479, 37, 47, 100, 'C');
INSERT INTO exam_results (student_id, exam_schedule_id, marks_obtained, max_marks, grade) VALUES (479, 38, 53, 100, 'B');
INSERT INTO exam_results (student_id, exam_schedule_id, marks_obtained, max_marks, grade) VALUES (479, 39, 92, 100, 'O');
INSERT INTO exam_results (student_id, exam_schedule_id, marks_obtained, max_marks, grade) VALUES (479, 40, 79, 100, 'A+');
INSERT INTO exam_results (student_id, exam_schedule_id, marks_obtained, max_marks, grade) VALUES (480, 33, 54, 100, 'B');
INSERT INTO exam_results (student_id, exam_schedule_id, marks_obtained, max_marks, grade) VALUES (480, 34, 88, 100, 'A+');
INSERT INTO exam_results (student_id, exam_schedule_id, marks_obtained, max_marks, grade) VALUES (480, 35, 53, 100, 'B');
INSERT INTO exam_results (student_id, exam_schedule_id, marks_obtained, max_marks, grade) VALUES (480, 36, 51, 100, 'B');
INSERT INTO exam_results (student_id, exam_schedule_id, marks_obtained, max_marks, grade) VALUES (480, 37, 73, 100, 'A');
INSERT INTO exam_results (student_id, exam_schedule_id, marks_obtained, max_marks, grade) VALUES (480, 38, 76, 100, 'A');
INSERT INTO exam_results (student_id, exam_schedule_id, marks_obtained, max_marks, grade) VALUES (480, 39, 75, 100, 'A');
INSERT INTO exam_results (student_id, exam_schedule_id, marks_obtained, max_marks, grade) VALUES (480, 40, 61, 100, 'B+');
INSERT INTO exam_results (student_id, exam_schedule_id, marks_obtained, max_marks, grade) VALUES (483, 1, 84, 100, 'A+');
INSERT INTO exam_results (student_id, exam_schedule_id, marks_obtained, max_marks, grade) VALUES (483, 2, 54, 100, 'B');
INSERT INTO exam_results (student_id, exam_schedule_id, marks_obtained, max_marks, grade) VALUES (483, 3, 60, 100, 'B+');
INSERT INTO exam_results (student_id, exam_schedule_id, marks_obtained, max_marks, grade) VALUES (483, 4, 61, 100, 'B+');
INSERT INTO exam_results (student_id, exam_schedule_id, marks_obtained, max_marks, grade) VALUES (484, 1, 63, 100, 'B+');
INSERT INTO exam_results (student_id, exam_schedule_id, marks_obtained, max_marks, grade) VALUES (484, 2, 85, 100, 'A+');
INSERT INTO exam_results (student_id, exam_schedule_id, marks_obtained, max_marks, grade) VALUES (484, 3, 71, 100, 'A');
INSERT INTO exam_results (student_id, exam_schedule_id, marks_obtained, max_marks, grade) VALUES (484, 4, 88, 100, 'A+');
INSERT INTO exam_results (student_id, exam_schedule_id, marks_obtained, max_marks, grade) VALUES (485, 1, 59, 100, 'B');
INSERT INTO exam_results (student_id, exam_schedule_id, marks_obtained, max_marks, grade) VALUES (485, 2, 88, 100, 'A+');
INSERT INTO exam_results (student_id, exam_schedule_id, marks_obtained, max_marks, grade) VALUES (485, 3, 89, 100, 'O');
INSERT INTO exam_results (student_id, exam_schedule_id, marks_obtained, max_marks, grade) VALUES (485, 4, 70, 100, 'A');
INSERT INTO exam_results (student_id, exam_schedule_id, marks_obtained, max_marks, grade) VALUES (485, 5, 86, 100, 'A+');
INSERT INTO exam_results (student_id, exam_schedule_id, marks_obtained, max_marks, grade) VALUES (485, 6, 55, 100, 'B');
INSERT INTO exam_results (student_id, exam_schedule_id, marks_obtained, max_marks, grade) VALUES (485, 7, 72, 100, 'A');
INSERT INTO exam_results (student_id, exam_schedule_id, marks_obtained, max_marks, grade) VALUES (485, 8, 72, 100, 'A');
INSERT INTO exam_results (student_id, exam_schedule_id, marks_obtained, max_marks, grade) VALUES (486, 1, 51, 100, 'B');
INSERT INTO exam_results (student_id, exam_schedule_id, marks_obtained, max_marks, grade) VALUES (486, 2, 59, 100, 'B');
INSERT INTO exam_results (student_id, exam_schedule_id, marks_obtained, max_marks, grade) VALUES (486, 3, 92, 100, 'O');
INSERT INTO exam_results (student_id, exam_schedule_id, marks_obtained, max_marks, grade) VALUES (486, 4, 79, 100, 'A+');
INSERT INTO exam_results (student_id, exam_schedule_id, marks_obtained, max_marks, grade) VALUES (486, 5, 63, 100, 'B+');
INSERT INTO exam_results (student_id, exam_schedule_id, marks_obtained, max_marks, grade) VALUES (486, 6, 48, 100, 'C');
INSERT INTO exam_results (student_id, exam_schedule_id, marks_obtained, max_marks, grade) VALUES (486, 7, 53, 100, 'B');
INSERT INTO exam_results (student_id, exam_schedule_id, marks_obtained, max_marks, grade) VALUES (486, 8, 73, 100, 'A');
INSERT INTO exam_results (student_id, exam_schedule_id, marks_obtained, max_marks, grade) VALUES (487, 1, 79, 100, 'A+');
INSERT INTO exam_results (student_id, exam_schedule_id, marks_obtained, max_marks, grade) VALUES (487, 2, 52, 100, 'B');
INSERT INTO exam_results (student_id, exam_schedule_id, marks_obtained, max_marks, grade) VALUES (487, 3, 52, 100, 'B');
INSERT INTO exam_results (student_id, exam_schedule_id, marks_obtained, max_marks, grade) VALUES (487, 4, 92, 100, 'O');
INSERT INTO exam_results (student_id, exam_schedule_id, marks_obtained, max_marks, grade) VALUES (487, 5, 58, 100, 'B');
INSERT INTO exam_results (student_id, exam_schedule_id, marks_obtained, max_marks, grade) VALUES (487, 6, 89, 100, 'O');
INSERT INTO exam_results (student_id, exam_schedule_id, marks_obtained, max_marks, grade) VALUES (487, 7, 83, 100, 'A+');
INSERT INTO exam_results (student_id, exam_schedule_id, marks_obtained, max_marks, grade) VALUES (487, 8, 91, 100, 'O');
INSERT INTO exam_results (student_id, exam_schedule_id, marks_obtained, max_marks, grade) VALUES (488, 1, 57, 100, 'B');
INSERT INTO exam_results (student_id, exam_schedule_id, marks_obtained, max_marks, grade) VALUES (488, 2, 74, 100, 'A');
INSERT INTO exam_results (student_id, exam_schedule_id, marks_obtained, max_marks, grade) VALUES (488, 3, 71, 100, 'A');
INSERT INTO exam_results (student_id, exam_schedule_id, marks_obtained, max_marks, grade) VALUES (488, 4, 97, 100, 'O');
INSERT INTO exam_results (student_id, exam_schedule_id, marks_obtained, max_marks, grade) VALUES (488, 5, 98, 100, 'O');
INSERT INTO exam_results (student_id, exam_schedule_id, marks_obtained, max_marks, grade) VALUES (488, 6, 95, 100, 'O');
INSERT INTO exam_results (student_id, exam_schedule_id, marks_obtained, max_marks, grade) VALUES (488, 7, 76, 100, 'A');
INSERT INTO exam_results (student_id, exam_schedule_id, marks_obtained, max_marks, grade) VALUES (488, 8, 58, 100, 'B');
INSERT INTO exam_results (student_id, exam_schedule_id, marks_obtained, max_marks, grade) VALUES (489, 1, 52, 100, 'B');
INSERT INTO exam_results (student_id, exam_schedule_id, marks_obtained, max_marks, grade) VALUES (489, 2, 95, 100, 'O');
INSERT INTO exam_results (student_id, exam_schedule_id, marks_obtained, max_marks, grade) VALUES (489, 3, 79, 100, 'A+');
INSERT INTO exam_results (student_id, exam_schedule_id, marks_obtained, max_marks, grade) VALUES (489, 4, 85, 100, 'A+');
INSERT INTO exam_results (student_id, exam_schedule_id, marks_obtained, max_marks, grade) VALUES (489, 5, 76, 100, 'A');
INSERT INTO exam_results (student_id, exam_schedule_id, marks_obtained, max_marks, grade) VALUES (489, 6, 74, 100, 'A');
INSERT INTO exam_results (student_id, exam_schedule_id, marks_obtained, max_marks, grade) VALUES (489, 7, 95, 100, 'O');
INSERT INTO exam_results (student_id, exam_schedule_id, marks_obtained, max_marks, grade) VALUES (489, 8, 67, 100, 'B+');
INSERT INTO exam_results (student_id, exam_schedule_id, marks_obtained, max_marks, grade) VALUES (490, 1, 53, 100, 'B');
INSERT INTO exam_results (student_id, exam_schedule_id, marks_obtained, max_marks, grade) VALUES (490, 2, 61, 100, 'B+');
INSERT INTO exam_results (student_id, exam_schedule_id, marks_obtained, max_marks, grade) VALUES (490, 3, 70, 100, 'A');
INSERT INTO exam_results (student_id, exam_schedule_id, marks_obtained, max_marks, grade) VALUES (490, 4, 60, 100, 'B+');
INSERT INTO exam_results (student_id, exam_schedule_id, marks_obtained, max_marks, grade) VALUES (490, 5, 80, 100, 'A+');
INSERT INTO exam_results (student_id, exam_schedule_id, marks_obtained, max_marks, grade) VALUES (490, 6, 55, 100, 'B');
INSERT INTO exam_results (student_id, exam_schedule_id, marks_obtained, max_marks, grade) VALUES (490, 7, 48, 100, 'C');
INSERT INTO exam_results (student_id, exam_schedule_id, marks_obtained, max_marks, grade) VALUES (490, 8, 95, 100, 'O');
INSERT INTO exam_results (student_id, exam_schedule_id, marks_obtained, max_marks, grade) VALUES (491, 1, 70, 100, 'A');
INSERT INTO exam_results (student_id, exam_schedule_id, marks_obtained, max_marks, grade) VALUES (491, 2, 72, 100, 'A');
INSERT INTO exam_results (student_id, exam_schedule_id, marks_obtained, max_marks, grade) VALUES (491, 3, 67, 100, 'B+');
INSERT INTO exam_results (student_id, exam_schedule_id, marks_obtained, max_marks, grade) VALUES (491, 4, 74, 100, 'A');
INSERT INTO exam_results (student_id, exam_schedule_id, marks_obtained, max_marks, grade) VALUES (491, 5, 80, 100, 'A+');
INSERT INTO exam_results (student_id, exam_schedule_id, marks_obtained, max_marks, grade) VALUES (491, 6, 71, 100, 'A');
INSERT INTO exam_results (student_id, exam_schedule_id, marks_obtained, max_marks, grade) VALUES (491, 7, 71, 100, 'A');
INSERT INTO exam_results (student_id, exam_schedule_id, marks_obtained, max_marks, grade) VALUES (491, 8, 74, 100, 'A');
INSERT INTO exam_results (student_id, exam_schedule_id, marks_obtained, max_marks, grade) VALUES (492, 1, 50, 100, 'B');
INSERT INTO exam_results (student_id, exam_schedule_id, marks_obtained, max_marks, grade) VALUES (492, 2, 45, 100, 'C');
INSERT INTO exam_results (student_id, exam_schedule_id, marks_obtained, max_marks, grade) VALUES (492, 3, 55, 100, 'B');
INSERT INTO exam_results (student_id, exam_schedule_id, marks_obtained, max_marks, grade) VALUES (492, 4, 66, 100, 'B+');
INSERT INTO exam_results (student_id, exam_schedule_id, marks_obtained, max_marks, grade) VALUES (492, 5, 56, 100, 'B');
INSERT INTO exam_results (student_id, exam_schedule_id, marks_obtained, max_marks, grade) VALUES (492, 6, 85, 100, 'A+');
INSERT INTO exam_results (student_id, exam_schedule_id, marks_obtained, max_marks, grade) VALUES (492, 7, 75, 100, 'A');
INSERT INTO exam_results (student_id, exam_schedule_id, marks_obtained, max_marks, grade) VALUES (492, 8, 49, 100, 'C');
INSERT INTO exam_results (student_id, exam_schedule_id, marks_obtained, max_marks, grade) VALUES (493, 1, 49, 100, 'C');
INSERT INTO exam_results (student_id, exam_schedule_id, marks_obtained, max_marks, grade) VALUES (493, 2, 67, 100, 'B+');
INSERT INTO exam_results (student_id, exam_schedule_id, marks_obtained, max_marks, grade) VALUES (493, 3, 89, 100, 'O');
INSERT INTO exam_results (student_id, exam_schedule_id, marks_obtained, max_marks, grade) VALUES (493, 4, 67, 100, 'B+');
INSERT INTO exam_results (student_id, exam_schedule_id, marks_obtained, max_marks, grade) VALUES (493, 5, 54, 100, 'B');
INSERT INTO exam_results (student_id, exam_schedule_id, marks_obtained, max_marks, grade) VALUES (493, 6, 61, 100, 'B+');
INSERT INTO exam_results (student_id, exam_schedule_id, marks_obtained, max_marks, grade) VALUES (493, 7, 73, 100, 'A');
INSERT INTO exam_results (student_id, exam_schedule_id, marks_obtained, max_marks, grade) VALUES (493, 8, 61, 100, 'B+');
INSERT INTO exam_results (student_id, exam_schedule_id, marks_obtained, max_marks, grade) VALUES (494, 1, 53, 100, 'B');
INSERT INTO exam_results (student_id, exam_schedule_id, marks_obtained, max_marks, grade) VALUES (494, 2, 74, 100, 'A');
INSERT INTO exam_results (student_id, exam_schedule_id, marks_obtained, max_marks, grade) VALUES (494, 3, 57, 100, 'B');
INSERT INTO exam_results (student_id, exam_schedule_id, marks_obtained, max_marks, grade) VALUES (494, 4, 82, 100, 'A+');
INSERT INTO exam_results (student_id, exam_schedule_id, marks_obtained, max_marks, grade) VALUES (494, 5, 92, 100, 'O');
INSERT INTO exam_results (student_id, exam_schedule_id, marks_obtained, max_marks, grade) VALUES (494, 6, 66, 100, 'B+');
INSERT INTO exam_results (student_id, exam_schedule_id, marks_obtained, max_marks, grade) VALUES (494, 7, 77, 100, 'A');
INSERT INTO exam_results (student_id, exam_schedule_id, marks_obtained, max_marks, grade) VALUES (494, 8, 77, 100, 'A');
INSERT INTO exam_results (student_id, exam_schedule_id, marks_obtained, max_marks, grade) VALUES (495, 1, 75, 100, 'A');
INSERT INTO exam_results (student_id, exam_schedule_id, marks_obtained, max_marks, grade) VALUES (495, 2, 57, 100, 'B');
INSERT INTO exam_results (student_id, exam_schedule_id, marks_obtained, max_marks, grade) VALUES (495, 3, 76, 100, 'A');
INSERT INTO exam_results (student_id, exam_schedule_id, marks_obtained, max_marks, grade) VALUES (495, 4, 71, 100, 'A');
INSERT INTO exam_results (student_id, exam_schedule_id, marks_obtained, max_marks, grade) VALUES (495, 5, 65, 100, 'B+');
INSERT INTO exam_results (student_id, exam_schedule_id, marks_obtained, max_marks, grade) VALUES (495, 6, 96, 100, 'O');
INSERT INTO exam_results (student_id, exam_schedule_id, marks_obtained, max_marks, grade) VALUES (495, 7, 77, 100, 'A');
INSERT INTO exam_results (student_id, exam_schedule_id, marks_obtained, max_marks, grade) VALUES (495, 8, 74, 100, 'A');
INSERT INTO exam_results (student_id, exam_schedule_id, marks_obtained, max_marks, grade) VALUES (496, 1, 53, 100, 'B');
INSERT INTO exam_results (student_id, exam_schedule_id, marks_obtained, max_marks, grade) VALUES (496, 2, 83, 100, 'A+');
INSERT INTO exam_results (student_id, exam_schedule_id, marks_obtained, max_marks, grade) VALUES (496, 3, 78, 100, 'A');
INSERT INTO exam_results (student_id, exam_schedule_id, marks_obtained, max_marks, grade) VALUES (496, 4, 64, 100, 'B+');
INSERT INTO exam_results (student_id, exam_schedule_id, marks_obtained, max_marks, grade) VALUES (496, 5, 58, 100, 'B');
INSERT INTO exam_results (student_id, exam_schedule_id, marks_obtained, max_marks, grade) VALUES (496, 6, 90, 100, 'O');
INSERT INTO exam_results (student_id, exam_schedule_id, marks_obtained, max_marks, grade) VALUES (496, 7, 94, 100, 'O');
INSERT INTO exam_results (student_id, exam_schedule_id, marks_obtained, max_marks, grade) VALUES (496, 8, 70, 100, 'A');
INSERT INTO exam_results (student_id, exam_schedule_id, marks_obtained, max_marks, grade) VALUES (499, 9, 83, 100, 'A+');
INSERT INTO exam_results (student_id, exam_schedule_id, marks_obtained, max_marks, grade) VALUES (499, 10, 77, 100, 'A');
INSERT INTO exam_results (student_id, exam_schedule_id, marks_obtained, max_marks, grade) VALUES (499, 11, 79, 100, 'A+');
INSERT INTO exam_results (student_id, exam_schedule_id, marks_obtained, max_marks, grade) VALUES (499, 12, 65, 100, 'B+');
INSERT INTO exam_results (student_id, exam_schedule_id, marks_obtained, max_marks, grade) VALUES (500, 9, 67, 100, 'B+');
INSERT INTO exam_results (student_id, exam_schedule_id, marks_obtained, max_marks, grade) VALUES (500, 10, 85, 100, 'A+');
INSERT INTO exam_results (student_id, exam_schedule_id, marks_obtained, max_marks, grade) VALUES (500, 11, 90, 100, 'O');
INSERT INTO exam_results (student_id, exam_schedule_id, marks_obtained, max_marks, grade) VALUES (500, 12, 60, 100, 'B+');
INSERT INTO assignments (id, subject_id, faculty_id, title, description, due_date, max_marks) VALUES (1, 1, 13, 'Assignment on Programming in C (Sem 1)', 'Please submit a detailed analysis report.', '2024-04-02', 50);
INSERT INTO assignments (id, subject_id, faculty_id, title, description, due_date, max_marks) VALUES (2, 2, 13, 'Assignment on Data Structures (Sem 1)', 'Please submit a detailed analysis report.', '2024-04-03', 50);
INSERT INTO assignments (id, subject_id, faculty_id, title, description, due_date, max_marks) VALUES (3, 3, 13, 'Assignment on Algorithms (Sem 1)', 'Please submit a detailed analysis report.', '2024-04-04', 50);
INSERT INTO assignments (id, subject_id, faculty_id, title, description, due_date, max_marks) VALUES (4, 4, 13, 'Assignment on Operating Systems (Sem 1)', 'Please submit a detailed analysis report.', '2024-04-05', 50);
INSERT INTO assignments (id, subject_id, faculty_id, title, description, due_date, max_marks) VALUES (5, 5, 13, 'Assignment on Database Systems (Sem 2)', 'Please submit a detailed analysis report.', '2024-04-06', 50);
INSERT INTO assignments (id, subject_id, faculty_id, title, description, due_date, max_marks) VALUES (6, 6, 13, 'Assignment on Computer Networks (Sem 2)', 'Please submit a detailed analysis report.', '2024-04-07', 50);
INSERT INTO assignments (id, subject_id, faculty_id, title, description, due_date, max_marks) VALUES (7, 7, 13, 'Assignment on Software Engineering (Sem 2)', 'Please submit a detailed analysis report.', '2024-04-08', 50);
INSERT INTO assignments (id, subject_id, faculty_id, title, description, due_date, max_marks) VALUES (8, 8, 13, 'Assignment on Theory of Computation (Sem 2)', 'Please submit a detailed analysis report.', '2024-04-09', 50);
INSERT INTO assignments (id, subject_id, faculty_id, title, description, due_date, max_marks) VALUES (9, 9, 13, 'Assignment on Compiler Design (Sem 3)', 'Please submit a detailed analysis report.', '2024-04-10', 50);
INSERT INTO assignments (id, subject_id, faculty_id, title, description, due_date, max_marks) VALUES (10, 10, 13, 'Assignment on Web Development (Sem 3)', 'Please submit a detailed analysis report.', '2024-04-11', 50);
INSERT INTO assignments (id, subject_id, faculty_id, title, description, due_date, max_marks) VALUES (11, 11, 13, 'Assignment on Artificial Intelligence (Sem 3)', 'Please submit a detailed analysis report.', '2024-04-12', 50);
INSERT INTO assignments (id, subject_id, faculty_id, title, description, due_date, max_marks) VALUES (12, 12, 13, 'Assignment on Machine Learning (Sem 3)', 'Please submit a detailed analysis report.', '2024-04-13', 50);
INSERT INTO assignments (id, subject_id, faculty_id, title, description, due_date, max_marks) VALUES (13, 13, 13, 'Assignment on Cloud Computing (Sem 4)', 'Please submit a detailed analysis report.', '2024-04-14', 50);
INSERT INTO assignments (id, subject_id, faculty_id, title, description, due_date, max_marks) VALUES (14, 14, 13, 'Assignment on Information Security (Sem 4)', 'Please submit a detailed analysis report.', '2024-04-15', 50);
INSERT INTO assignments (id, subject_id, faculty_id, title, description, due_date, max_marks) VALUES (15, 15, 13, 'Assignment on Distributed Systems (Sem 4)', 'Please submit a detailed analysis report.', '2024-04-16', 50);
INSERT INTO assignments (id, subject_id, faculty_id, title, description, due_date, max_marks) VALUES (16, 16, 13, 'Assignment on Object Oriented Design (Sem 4)', 'Please submit a detailed analysis report.', '2024-04-17', 50);
INSERT INTO assignments (id, subject_id, faculty_id, title, description, due_date, max_marks) VALUES (17, 17, 13, 'Assignment on Programming in C (Sem 5)', 'Please submit a detailed analysis report.', '2024-04-18', 50);
INSERT INTO assignments (id, subject_id, faculty_id, title, description, due_date, max_marks) VALUES (18, 18, 13, 'Assignment on Data Structures (Sem 5)', 'Please submit a detailed analysis report.', '2024-04-19', 50);
INSERT INTO assignments (id, subject_id, faculty_id, title, description, due_date, max_marks) VALUES (19, 19, 13, 'Assignment on Algorithms (Sem 5)', 'Please submit a detailed analysis report.', '2024-04-20', 50);
INSERT INTO assignments (id, subject_id, faculty_id, title, description, due_date, max_marks) VALUES (20, 20, 13, 'Assignment on Operating Systems (Sem 5)', 'Please submit a detailed analysis report.', '2024-04-01', 50);
INSERT INTO assignments (id, subject_id, faculty_id, title, description, due_date, max_marks) VALUES (21, 21, 13, 'Assignment on Database Systems (Sem 6)', 'Please submit a detailed analysis report.', '2024-04-02', 50);
INSERT INTO assignments (id, subject_id, faculty_id, title, description, due_date, max_marks) VALUES (22, 22, 13, 'Assignment on Computer Networks (Sem 6)', 'Please submit a detailed analysis report.', '2024-04-03', 50);
INSERT INTO assignments (id, subject_id, faculty_id, title, description, due_date, max_marks) VALUES (23, 23, 13, 'Assignment on Software Engineering (Sem 6)', 'Please submit a detailed analysis report.', '2024-04-04', 50);
INSERT INTO assignments (id, subject_id, faculty_id, title, description, due_date, max_marks) VALUES (24, 24, 13, 'Assignment on Theory of Computation (Sem 6)', 'Please submit a detailed analysis report.', '2024-04-05', 50);
INSERT INTO assignments (id, subject_id, faculty_id, title, description, due_date, max_marks) VALUES (25, 25, 13, 'Assignment on Compiler Design (Sem 7)', 'Please submit a detailed analysis report.', '2024-04-06', 50);
INSERT INTO assignments (id, subject_id, faculty_id, title, description, due_date, max_marks) VALUES (26, 26, 13, 'Assignment on Web Development (Sem 7)', 'Please submit a detailed analysis report.', '2024-04-07', 50);
INSERT INTO assignments (id, subject_id, faculty_id, title, description, due_date, max_marks) VALUES (27, 27, 13, 'Assignment on Artificial Intelligence (Sem 7)', 'Please submit a detailed analysis report.', '2024-04-08', 50);
INSERT INTO assignments (id, subject_id, faculty_id, title, description, due_date, max_marks) VALUES (28, 28, 13, 'Assignment on Machine Learning (Sem 7)', 'Please submit a detailed analysis report.', '2024-04-09', 50);
INSERT INTO assignments (id, subject_id, faculty_id, title, description, due_date, max_marks) VALUES (29, 29, 13, 'Assignment on Cloud Computing (Sem 8)', 'Please submit a detailed analysis report.', '2024-04-10', 50);
INSERT INTO assignments (id, subject_id, faculty_id, title, description, due_date, max_marks) VALUES (30, 30, 13, 'Assignment on Information Security (Sem 8)', 'Please submit a detailed analysis report.', '2024-04-11', 50);
INSERT INTO assignments (id, subject_id, faculty_id, title, description, due_date, max_marks) VALUES (31, 31, 13, 'Assignment on Distributed Systems (Sem 8)', 'Please submit a detailed analysis report.', '2024-04-12', 50);
INSERT INTO assignments (id, subject_id, faculty_id, title, description, due_date, max_marks) VALUES (32, 32, 13, 'Assignment on Object Oriented Design (Sem 8)', 'Please submit a detailed analysis report.', '2024-04-13', 50);
INSERT INTO assignments (id, subject_id, faculty_id, title, description, due_date, max_marks) VALUES (33, 33, 14, 'Assignment on Basic Electronics (Sem 1)', 'Please submit a detailed analysis report.', '2024-04-14', 50);
INSERT INTO assignments (id, subject_id, faculty_id, title, description, due_date, max_marks) VALUES (34, 34, 14, 'Assignment on Digital Electronics (Sem 1)', 'Please submit a detailed analysis report.', '2024-04-15', 50);
INSERT INTO assignments (id, subject_id, faculty_id, title, description, due_date, max_marks) VALUES (35, 35, 14, 'Assignment on Network Analysis (Sem 1)', 'Please submit a detailed analysis report.', '2024-04-16', 50);
INSERT INTO assignments (id, subject_id, faculty_id, title, description, due_date, max_marks) VALUES (36, 36, 14, 'Assignment on Signals & Systems (Sem 1)', 'Please submit a detailed analysis report.', '2024-04-17', 50);
INSERT INTO assignments (id, subject_id, faculty_id, title, description, due_date, max_marks) VALUES (37, 37, 14, 'Assignment on Microprocessors (Sem 2)', 'Please submit a detailed analysis report.', '2024-04-18', 50);
INSERT INTO assignments (id, subject_id, faculty_id, title, description, due_date, max_marks) VALUES (38, 38, 14, 'Assignment on Analog Communications (Sem 2)', 'Please submit a detailed analysis report.', '2024-04-19', 50);
INSERT INTO assignments (id, subject_id, faculty_id, title, description, due_date, max_marks) VALUES (39, 39, 14, 'Assignment on Digital Communications (Sem 2)', 'Please submit a detailed analysis report.', '2024-04-20', 50);
INSERT INTO assignments (id, subject_id, faculty_id, title, description, due_date, max_marks) VALUES (40, 40, 14, 'Assignment on Electromagnetics (Sem 2)', 'Please submit a detailed analysis report.', '2024-04-01', 50);
INSERT INTO assignments (id, subject_id, faculty_id, title, description, due_date, max_marks) VALUES (41, 41, 14, 'Assignment on VLSI Design (Sem 3)', 'Please submit a detailed analysis report.', '2024-04-02', 50);
INSERT INTO assignments (id, subject_id, faculty_id, title, description, due_date, max_marks) VALUES (42, 42, 14, 'Assignment on Control Systems (Sem 3)', 'Please submit a detailed analysis report.', '2024-04-03', 50);
INSERT INTO assignments (id, subject_id, faculty_id, title, description, due_date, max_marks) VALUES (43, 43, 14, 'Assignment on Embedded Systems (Sem 3)', 'Please submit a detailed analysis report.', '2024-04-04', 50);
INSERT INTO assignments (id, subject_id, faculty_id, title, description, due_date, max_marks) VALUES (44, 44, 14, 'Assignment on Antenna Theory (Sem 3)', 'Please submit a detailed analysis report.', '2024-04-05', 50);
INSERT INTO assignments (id, subject_id, faculty_id, title, description, due_date, max_marks) VALUES (45, 45, 14, 'Assignment on Optical Fiber Comm (Sem 4)', 'Please submit a detailed analysis report.', '2024-04-06', 50);
INSERT INTO assignments (id, subject_id, faculty_id, title, description, due_date, max_marks) VALUES (46, 46, 14, 'Assignment on Satellite Comm (Sem 4)', 'Please submit a detailed analysis report.', '2024-04-07', 50);
INSERT INTO assignments (id, subject_id, faculty_id, title, description, due_date, max_marks) VALUES (47, 47, 14, 'Assignment on Radar Engineering (Sem 4)', 'Please submit a detailed analysis report.', '2024-04-08', 50);
INSERT INTO assignments (id, subject_id, faculty_id, title, description, due_date, max_marks) VALUES (48, 48, 14, 'Assignment on Signal Processing (Sem 4)', 'Please submit a detailed analysis report.', '2024-04-09', 50);
INSERT INTO assignments (id, subject_id, faculty_id, title, description, due_date, max_marks) VALUES (49, 49, 14, 'Assignment on Basic Electronics (Sem 5)', 'Please submit a detailed analysis report.', '2024-04-10', 50);
INSERT INTO assignments (id, subject_id, faculty_id, title, description, due_date, max_marks) VALUES (50, 50, 14, 'Assignment on Digital Electronics (Sem 5)', 'Please submit a detailed analysis report.', '2024-04-11', 50);
INSERT INTO assignments (id, subject_id, faculty_id, title, description, due_date, max_marks) VALUES (51, 51, 14, 'Assignment on Network Analysis (Sem 5)', 'Please submit a detailed analysis report.', '2024-04-12', 50);
INSERT INTO assignments (id, subject_id, faculty_id, title, description, due_date, max_marks) VALUES (52, 52, 14, 'Assignment on Signals & Systems (Sem 5)', 'Please submit a detailed analysis report.', '2024-04-13', 50);
INSERT INTO assignments (id, subject_id, faculty_id, title, description, due_date, max_marks) VALUES (53, 53, 14, 'Assignment on Microprocessors (Sem 6)', 'Please submit a detailed analysis report.', '2024-04-14', 50);
INSERT INTO assignments (id, subject_id, faculty_id, title, description, due_date, max_marks) VALUES (54, 54, 14, 'Assignment on Analog Communications (Sem 6)', 'Please submit a detailed analysis report.', '2024-04-15', 50);
INSERT INTO assignments (id, subject_id, faculty_id, title, description, due_date, max_marks) VALUES (55, 55, 14, 'Assignment on Digital Communications (Sem 6)', 'Please submit a detailed analysis report.', '2024-04-16', 50);
INSERT INTO assignments (id, subject_id, faculty_id, title, description, due_date, max_marks) VALUES (56, 56, 14, 'Assignment on Electromagnetics (Sem 6)', 'Please submit a detailed analysis report.', '2024-04-17', 50);
INSERT INTO assignments (id, subject_id, faculty_id, title, description, due_date, max_marks) VALUES (57, 57, 14, 'Assignment on VLSI Design (Sem 7)', 'Please submit a detailed analysis report.', '2024-04-18', 50);
INSERT INTO assignments (id, subject_id, faculty_id, title, description, due_date, max_marks) VALUES (58, 58, 14, 'Assignment on Control Systems (Sem 7)', 'Please submit a detailed analysis report.', '2024-04-19', 50);
INSERT INTO assignments (id, subject_id, faculty_id, title, description, due_date, max_marks) VALUES (59, 59, 14, 'Assignment on Embedded Systems (Sem 7)', 'Please submit a detailed analysis report.', '2024-04-20', 50);
INSERT INTO assignments (id, subject_id, faculty_id, title, description, due_date, max_marks) VALUES (60, 60, 14, 'Assignment on Antenna Theory (Sem 7)', 'Please submit a detailed analysis report.', '2024-04-01', 50);
INSERT INTO assignments (id, subject_id, faculty_id, title, description, due_date, max_marks) VALUES (61, 61, 14, 'Assignment on Optical Fiber Comm (Sem 8)', 'Please submit a detailed analysis report.', '2024-04-02', 50);
INSERT INTO assignments (id, subject_id, faculty_id, title, description, due_date, max_marks) VALUES (62, 62, 14, 'Assignment on Satellite Comm (Sem 8)', 'Please submit a detailed analysis report.', '2024-04-03', 50);
INSERT INTO assignments (id, subject_id, faculty_id, title, description, due_date, max_marks) VALUES (63, 63, 14, 'Assignment on Radar Engineering (Sem 8)', 'Please submit a detailed analysis report.', '2024-04-04', 50);
INSERT INTO assignments (id, subject_id, faculty_id, title, description, due_date, max_marks) VALUES (64, 64, 14, 'Assignment on Signal Processing (Sem 8)', 'Please submit a detailed analysis report.', '2024-04-05', 50);
INSERT INTO assignments (id, subject_id, faculty_id, title, description, due_date, max_marks) VALUES (65, 65, 15, 'Assignment on Engineering Mechanics (Sem 1)', 'Please submit a detailed analysis report.', '2024-04-06', 50);
INSERT INTO assignments (id, subject_id, faculty_id, title, description, due_date, max_marks) VALUES (66, 66, 15, 'Assignment on Thermodynamics (Sem 1)', 'Please submit a detailed analysis report.', '2024-04-07', 50);
INSERT INTO assignments (id, subject_id, faculty_id, title, description, due_date, max_marks) VALUES (67, 67, 15, 'Assignment on Material Science (Sem 1)', 'Please submit a detailed analysis report.', '2024-04-08', 50);
INSERT INTO assignments (id, subject_id, faculty_id, title, description, due_date, max_marks) VALUES (68, 68, 15, 'Assignment on Fluid Mechanics (Sem 1)', 'Please submit a detailed analysis report.', '2024-04-09', 50);
INSERT INTO assignments (id, subject_id, faculty_id, title, description, due_date, max_marks) VALUES (69, 69, 15, 'Assignment on Strength of Materials (Sem 2)', 'Please submit a detailed analysis report.', '2024-04-10', 50);
INSERT INTO assignments (id, subject_id, faculty_id, title, description, due_date, max_marks) VALUES (70, 70, 15, 'Assignment on Kinematics (Sem 2)', 'Please submit a detailed analysis report.', '2024-04-11', 50);
INSERT INTO assignments (id, subject_id, faculty_id, title, description, due_date, max_marks) VALUES (71, 71, 15, 'Assignment on Manufacturing Tech (Sem 2)', 'Please submit a detailed analysis report.', '2024-04-12', 50);
INSERT INTO assignments (id, subject_id, faculty_id, title, description, due_date, max_marks) VALUES (72, 72, 15, 'Assignment on Machine Design (Sem 2)', 'Please submit a detailed analysis report.', '2024-04-13', 50);
INSERT INTO assignments (id, subject_id, faculty_id, title, description, due_date, max_marks) VALUES (73, 73, 15, 'Assignment on Heat Transfer (Sem 3)', 'Please submit a detailed analysis report.', '2024-04-14', 50);
INSERT INTO assignments (id, subject_id, faculty_id, title, description, due_date, max_marks) VALUES (74, 74, 15, 'Assignment on IC Engines (Sem 3)', 'Please submit a detailed analysis report.', '2024-04-15', 50);
INSERT INTO assignments (id, subject_id, faculty_id, title, description, due_date, max_marks) VALUES (75, 75, 15, 'Assignment on Mechatronics (Sem 3)', 'Please submit a detailed analysis report.', '2024-04-16', 50);
INSERT INTO assignments (id, subject_id, faculty_id, title, description, due_date, max_marks) VALUES (76, 76, 15, 'Assignment on CAD/CAM (Sem 3)', 'Please submit a detailed analysis report.', '2024-04-17', 50);
INSERT INTO assignments (id, subject_id, faculty_id, title, description, due_date, max_marks) VALUES (77, 77, 15, 'Assignment on Automobile Engineering (Sem 4)', 'Please submit a detailed analysis report.', '2024-04-18', 50);
INSERT INTO assignments (id, subject_id, faculty_id, title, description, due_date, max_marks) VALUES (78, 78, 15, 'Assignment on Power Plant Eng (Sem 4)', 'Please submit a detailed analysis report.', '2024-04-19', 50);
INSERT INTO assignments (id, subject_id, faculty_id, title, description, due_date, max_marks) VALUES (79, 79, 15, 'Assignment on Robotics (Sem 4)', 'Please submit a detailed analysis report.', '2024-04-20', 50);
INSERT INTO assignments (id, subject_id, faculty_id, title, description, due_date, max_marks) VALUES (80, 80, 15, 'Assignment on Industrial Safety (Sem 4)', 'Please submit a detailed analysis report.', '2024-04-01', 50);
INSERT INTO assignments (id, subject_id, faculty_id, title, description, due_date, max_marks) VALUES (81, 81, 15, 'Assignment on Engineering Mechanics (Sem 5)', 'Please submit a detailed analysis report.', '2024-04-02', 50);
INSERT INTO assignments (id, subject_id, faculty_id, title, description, due_date, max_marks) VALUES (82, 82, 15, 'Assignment on Thermodynamics (Sem 5)', 'Please submit a detailed analysis report.', '2024-04-03', 50);
INSERT INTO assignments (id, subject_id, faculty_id, title, description, due_date, max_marks) VALUES (83, 83, 15, 'Assignment on Material Science (Sem 5)', 'Please submit a detailed analysis report.', '2024-04-04', 50);
INSERT INTO assignments (id, subject_id, faculty_id, title, description, due_date, max_marks) VALUES (84, 84, 15, 'Assignment on Fluid Mechanics (Sem 5)', 'Please submit a detailed analysis report.', '2024-04-05', 50);
INSERT INTO assignments (id, subject_id, faculty_id, title, description, due_date, max_marks) VALUES (85, 85, 15, 'Assignment on Strength of Materials (Sem 6)', 'Please submit a detailed analysis report.', '2024-04-06', 50);
INSERT INTO assignments (id, subject_id, faculty_id, title, description, due_date, max_marks) VALUES (86, 86, 15, 'Assignment on Kinematics (Sem 6)', 'Please submit a detailed analysis report.', '2024-04-07', 50);
INSERT INTO assignments (id, subject_id, faculty_id, title, description, due_date, max_marks) VALUES (87, 87, 15, 'Assignment on Manufacturing Tech (Sem 6)', 'Please submit a detailed analysis report.', '2024-04-08', 50);
INSERT INTO assignments (id, subject_id, faculty_id, title, description, due_date, max_marks) VALUES (88, 88, 15, 'Assignment on Machine Design (Sem 6)', 'Please submit a detailed analysis report.', '2024-04-09', 50);
INSERT INTO assignments (id, subject_id, faculty_id, title, description, due_date, max_marks) VALUES (89, 89, 15, 'Assignment on Heat Transfer (Sem 7)', 'Please submit a detailed analysis report.', '2024-04-10', 50);
INSERT INTO assignments (id, subject_id, faculty_id, title, description, due_date, max_marks) VALUES (90, 90, 15, 'Assignment on IC Engines (Sem 7)', 'Please submit a detailed analysis report.', '2024-04-11', 50);
INSERT INTO assignments (id, subject_id, faculty_id, title, description, due_date, max_marks) VALUES (91, 91, 15, 'Assignment on Mechatronics (Sem 7)', 'Please submit a detailed analysis report.', '2024-04-12', 50);
INSERT INTO assignments (id, subject_id, faculty_id, title, description, due_date, max_marks) VALUES (92, 92, 15, 'Assignment on CAD/CAM (Sem 7)', 'Please submit a detailed analysis report.', '2024-04-13', 50);
INSERT INTO assignments (id, subject_id, faculty_id, title, description, due_date, max_marks) VALUES (93, 93, 15, 'Assignment on Automobile Engineering (Sem 8)', 'Please submit a detailed analysis report.', '2024-04-14', 50);
INSERT INTO assignments (id, subject_id, faculty_id, title, description, due_date, max_marks) VALUES (94, 94, 15, 'Assignment on Power Plant Eng (Sem 8)', 'Please submit a detailed analysis report.', '2024-04-15', 50);
INSERT INTO assignments (id, subject_id, faculty_id, title, description, due_date, max_marks) VALUES (95, 95, 15, 'Assignment on Robotics (Sem 8)', 'Please submit a detailed analysis report.', '2024-04-16', 50);
INSERT INTO assignments (id, subject_id, faculty_id, title, description, due_date, max_marks) VALUES (96, 96, 15, 'Assignment on Industrial Safety (Sem 8)', 'Please submit a detailed analysis report.', '2024-04-17', 50);
INSERT INTO assignments (id, subject_id, faculty_id, title, description, due_date, max_marks) VALUES (97, 97, 16, 'Assignment on Surveying (Sem 1)', 'Please submit a detailed analysis report.', '2024-04-18', 50);
INSERT INTO assignments (id, subject_id, faculty_id, title, description, due_date, max_marks) VALUES (98, 98, 16, 'Assignment on Building Materials (Sem 1)', 'Please submit a detailed analysis report.', '2024-04-19', 50);
INSERT INTO assignments (id, subject_id, faculty_id, title, description, due_date, max_marks) VALUES (99, 99, 16, 'Assignment on Structural Analysis (Sem 1)', 'Please submit a detailed analysis report.', '2024-04-20', 50);
INSERT INTO assignments (id, subject_id, faculty_id, title, description, due_date, max_marks) VALUES (100, 100, 16, 'Assignment on Fluid Mechanics Civ (Sem 1)', 'Please submit a detailed analysis report.', '2024-04-01', 50);
INSERT INTO assignments (id, subject_id, faculty_id, title, description, due_date, max_marks) VALUES (101, 101, 16, 'Assignment on Concrete Technology (Sem 2)', 'Please submit a detailed analysis report.', '2024-04-02', 50);
INSERT INTO assignments (id, subject_id, faculty_id, title, description, due_date, max_marks) VALUES (102, 102, 16, 'Assignment on Transportation Eng (Sem 2)', 'Please submit a detailed analysis report.', '2024-04-03', 50);
INSERT INTO assignments (id, subject_id, faculty_id, title, description, due_date, max_marks) VALUES (103, 103, 16, 'Assignment on Soil Mechanics (Sem 2)', 'Please submit a detailed analysis report.', '2024-04-04', 50);
INSERT INTO assignments (id, subject_id, faculty_id, title, description, due_date, max_marks) VALUES (104, 104, 16, 'Assignment on Environmental Eng (Sem 2)', 'Please submit a detailed analysis report.', '2024-04-05', 50);
INSERT INTO assignments (id, subject_id, faculty_id, title, description, due_date, max_marks) VALUES (105, 105, 16, 'Assignment on Hydrology (Sem 3)', 'Please submit a detailed analysis report.', '2024-04-06', 50);
INSERT INTO assignments (id, subject_id, faculty_id, title, description, due_date, max_marks) VALUES (106, 106, 16, 'Assignment on Steel Design (Sem 3)', 'Please submit a detailed analysis report.', '2024-04-07', 50);
INSERT INTO assignments (id, subject_id, faculty_id, title, description, due_date, max_marks) VALUES (107, 107, 16, 'Assignment on Foundation Eng (Sem 3)', 'Please submit a detailed analysis report.', '2024-04-08', 50);
INSERT INTO assignments (id, subject_id, faculty_id, title, description, due_date, max_marks) VALUES (108, 108, 16, 'Assignment on Irrigation Eng (Sem 3)', 'Please submit a detailed analysis report.', '2024-04-09', 50);
INSERT INTO assignments (id, subject_id, faculty_id, title, description, due_date, max_marks) VALUES (109, 109, 16, 'Assignment on Construction Mgmt (Sem 4)', 'Please submit a detailed analysis report.', '2024-04-10', 50);
INSERT INTO assignments (id, subject_id, faculty_id, title, description, due_date, max_marks) VALUES (110, 110, 16, 'Assignment on Bridge Engineering (Sem 4)', 'Please submit a detailed analysis report.', '2024-04-11', 50);
INSERT INTO assignments (id, subject_id, faculty_id, title, description, due_date, max_marks) VALUES (111, 111, 16, 'Assignment on Town Planning (Sem 4)', 'Please submit a detailed analysis report.', '2024-04-12', 50);
INSERT INTO assignments (id, subject_id, faculty_id, title, description, due_date, max_marks) VALUES (112, 112, 16, 'Assignment on GIS & Remote Sensing (Sem 4)', 'Please submit a detailed analysis report.', '2024-04-13', 50);
INSERT INTO assignments (id, subject_id, faculty_id, title, description, due_date, max_marks) VALUES (113, 113, 16, 'Assignment on Surveying (Sem 5)', 'Please submit a detailed analysis report.', '2024-04-14', 50);
INSERT INTO assignments (id, subject_id, faculty_id, title, description, due_date, max_marks) VALUES (114, 114, 16, 'Assignment on Building Materials (Sem 5)', 'Please submit a detailed analysis report.', '2024-04-15', 50);
INSERT INTO assignments (id, subject_id, faculty_id, title, description, due_date, max_marks) VALUES (115, 115, 16, 'Assignment on Structural Analysis (Sem 5)', 'Please submit a detailed analysis report.', '2024-04-16', 50);
INSERT INTO assignments (id, subject_id, faculty_id, title, description, due_date, max_marks) VALUES (116, 116, 16, 'Assignment on Fluid Mechanics Civ (Sem 5)', 'Please submit a detailed analysis report.', '2024-04-17', 50);
INSERT INTO assignments (id, subject_id, faculty_id, title, description, due_date, max_marks) VALUES (117, 117, 16, 'Assignment on Concrete Technology (Sem 6)', 'Please submit a detailed analysis report.', '2024-04-18', 50);
INSERT INTO assignments (id, subject_id, faculty_id, title, description, due_date, max_marks) VALUES (118, 118, 16, 'Assignment on Transportation Eng (Sem 6)', 'Please submit a detailed analysis report.', '2024-04-19', 50);
INSERT INTO assignments (id, subject_id, faculty_id, title, description, due_date, max_marks) VALUES (119, 119, 16, 'Assignment on Soil Mechanics (Sem 6)', 'Please submit a detailed analysis report.', '2024-04-20', 50);
INSERT INTO assignments (id, subject_id, faculty_id, title, description, due_date, max_marks) VALUES (120, 120, 16, 'Assignment on Environmental Eng (Sem 6)', 'Please submit a detailed analysis report.', '2024-04-01', 50);
INSERT INTO assignments (id, subject_id, faculty_id, title, description, due_date, max_marks) VALUES (121, 121, 16, 'Assignment on Hydrology (Sem 7)', 'Please submit a detailed analysis report.', '2024-04-02', 50);
INSERT INTO assignments (id, subject_id, faculty_id, title, description, due_date, max_marks) VALUES (122, 122, 16, 'Assignment on Steel Design (Sem 7)', 'Please submit a detailed analysis report.', '2024-04-03', 50);
INSERT INTO assignments (id, subject_id, faculty_id, title, description, due_date, max_marks) VALUES (123, 123, 16, 'Assignment on Foundation Eng (Sem 7)', 'Please submit a detailed analysis report.', '2024-04-04', 50);
INSERT INTO assignments (id, subject_id, faculty_id, title, description, due_date, max_marks) VALUES (124, 124, 16, 'Assignment on Irrigation Eng (Sem 7)', 'Please submit a detailed analysis report.', '2024-04-05', 50);
INSERT INTO assignments (id, subject_id, faculty_id, title, description, due_date, max_marks) VALUES (125, 125, 16, 'Assignment on Construction Mgmt (Sem 8)', 'Please submit a detailed analysis report.', '2024-04-06', 50);
INSERT INTO assignments (id, subject_id, faculty_id, title, description, due_date, max_marks) VALUES (126, 126, 16, 'Assignment on Bridge Engineering (Sem 8)', 'Please submit a detailed analysis report.', '2024-04-07', 50);
INSERT INTO assignments (id, subject_id, faculty_id, title, description, due_date, max_marks) VALUES (127, 127, 16, 'Assignment on Town Planning (Sem 8)', 'Please submit a detailed analysis report.', '2024-04-08', 50);
INSERT INTO assignments (id, subject_id, faculty_id, title, description, due_date, max_marks) VALUES (128, 128, 16, 'Assignment on GIS & Remote Sensing (Sem 8)', 'Please submit a detailed analysis report.', '2024-04-09', 50);
INSERT INTO assignments (id, subject_id, faculty_id, title, description, due_date, max_marks) VALUES (129, 129, 17, 'Assignment on Principles of Management (Sem 1)', 'Please submit a detailed analysis report.', '2024-04-10', 50);
INSERT INTO assignments (id, subject_id, faculty_id, title, description, due_date, max_marks) VALUES (130, 130, 17, 'Assignment on Financial Accounting (Sem 1)', 'Please submit a detailed analysis report.', '2024-04-11', 50);
INSERT INTO assignments (id, subject_id, faculty_id, title, description, due_date, max_marks) VALUES (131, 131, 17, 'Assignment on Microeconomics (Sem 1)', 'Please submit a detailed analysis report.', '2024-04-12', 50);
INSERT INTO assignments (id, subject_id, faculty_id, title, description, due_date, max_marks) VALUES (132, 132, 17, 'Assignment on Business Communication (Sem 1)', 'Please submit a detailed analysis report.', '2024-04-13', 50);
INSERT INTO assignments (id, subject_id, faculty_id, title, description, due_date, max_marks) VALUES (133, 133, 17, 'Assignment on Organizational Behavior (Sem 2)', 'Please submit a detailed analysis report.', '2024-04-14', 50);
INSERT INTO assignments (id, subject_id, faculty_id, title, description, due_date, max_marks) VALUES (134, 134, 17, 'Assignment on Macroeconomics (Sem 2)', 'Please submit a detailed analysis report.', '2024-04-15', 50);
INSERT INTO assignments (id, subject_id, faculty_id, title, description, due_date, max_marks) VALUES (135, 135, 17, 'Assignment on Marketing Management (Sem 2)', 'Please submit a detailed analysis report.', '2024-04-16', 50);
INSERT INTO assignments (id, subject_id, faculty_id, title, description, due_date, max_marks) VALUES (136, 136, 17, 'Assignment on Human Resource Mgmt (Sem 2)', 'Please submit a detailed analysis report.', '2024-04-17', 50);
INSERT INTO assignments (id, subject_id, faculty_id, title, description, due_date, max_marks) VALUES (137, 137, 17, 'Assignment on Business Statistics (Sem 3)', 'Please submit a detailed analysis report.', '2024-04-18', 50);
INSERT INTO assignments (id, subject_id, faculty_id, title, description, due_date, max_marks) VALUES (138, 138, 17, 'Assignment on Financial Management (Sem 3)', 'Please submit a detailed analysis report.', '2024-04-19', 50);
INSERT INTO assignments (id, subject_id, faculty_id, title, description, due_date, max_marks) VALUES (139, 139, 17, 'Assignment on Consumer Behavior (Sem 3)', 'Please submit a detailed analysis report.', '2024-04-20', 50);
INSERT INTO assignments (id, subject_id, faculty_id, title, description, due_date, max_marks) VALUES (140, 140, 17, 'Assignment on Business Law (Sem 3)', 'Please submit a detailed analysis report.', '2024-04-01', 50);
INSERT INTO assignments (id, subject_id, faculty_id, title, description, due_date, max_marks) VALUES (141, 141, 17, 'Assignment on Strategic Management (Sem 4)', 'Please submit a detailed analysis report.', '2024-04-02', 50);
INSERT INTO assignments (id, subject_id, faculty_id, title, description, due_date, max_marks) VALUES (142, 142, 17, 'Assignment on Operations Research (Sem 4)', 'Please submit a detailed analysis report.', '2024-04-03', 50);
INSERT INTO assignments (id, subject_id, faculty_id, title, description, due_date, max_marks) VALUES (143, 143, 17, 'Assignment on International Business (Sem 4)', 'Please submit a detailed analysis report.', '2024-04-04', 50);
INSERT INTO assignments (id, subject_id, faculty_id, title, description, due_date, max_marks) VALUES (144, 144, 17, 'Assignment on Entrepreneurship (Sem 4)', 'Please submit a detailed analysis report.', '2024-04-05', 50);
INSERT INTO assignments (id, subject_id, faculty_id, title, description, due_date, max_marks) VALUES (145, 145, 17, 'Assignment on Principles of Management (Sem 5)', 'Please submit a detailed analysis report.', '2024-04-06', 50);
INSERT INTO assignments (id, subject_id, faculty_id, title, description, due_date, max_marks) VALUES (146, 146, 17, 'Assignment on Financial Accounting (Sem 5)', 'Please submit a detailed analysis report.', '2024-04-07', 50);
INSERT INTO assignments (id, subject_id, faculty_id, title, description, due_date, max_marks) VALUES (147, 147, 17, 'Assignment on Microeconomics (Sem 5)', 'Please submit a detailed analysis report.', '2024-04-08', 50);
INSERT INTO assignments (id, subject_id, faculty_id, title, description, due_date, max_marks) VALUES (148, 148, 17, 'Assignment on Business Communication (Sem 5)', 'Please submit a detailed analysis report.', '2024-04-09', 50);
INSERT INTO assignments (id, subject_id, faculty_id, title, description, due_date, max_marks) VALUES (149, 149, 17, 'Assignment on Organizational Behavior (Sem 6)', 'Please submit a detailed analysis report.', '2024-04-10', 50);
INSERT INTO assignments (id, subject_id, faculty_id, title, description, due_date, max_marks) VALUES (150, 150, 17, 'Assignment on Macroeconomics (Sem 6)', 'Please submit a detailed analysis report.', '2024-04-11', 50);
INSERT INTO assignments (id, subject_id, faculty_id, title, description, due_date, max_marks) VALUES (151, 151, 17, 'Assignment on Marketing Management (Sem 6)', 'Please submit a detailed analysis report.', '2024-04-12', 50);
INSERT INTO assignments (id, subject_id, faculty_id, title, description, due_date, max_marks) VALUES (152, 152, 17, 'Assignment on Human Resource Mgmt (Sem 6)', 'Please submit a detailed analysis report.', '2024-04-13', 50);
INSERT INTO assignments (id, subject_id, faculty_id, title, description, due_date, max_marks) VALUES (153, 153, 17, 'Assignment on Business Statistics (Sem 7)', 'Please submit a detailed analysis report.', '2024-04-14', 50);
INSERT INTO assignments (id, subject_id, faculty_id, title, description, due_date, max_marks) VALUES (154, 154, 17, 'Assignment on Financial Management (Sem 7)', 'Please submit a detailed analysis report.', '2024-04-15', 50);
INSERT INTO assignments (id, subject_id, faculty_id, title, description, due_date, max_marks) VALUES (155, 155, 17, 'Assignment on Consumer Behavior (Sem 7)', 'Please submit a detailed analysis report.', '2024-04-16', 50);
INSERT INTO assignments (id, subject_id, faculty_id, title, description, due_date, max_marks) VALUES (156, 156, 17, 'Assignment on Business Law (Sem 7)', 'Please submit a detailed analysis report.', '2024-04-17', 50);
INSERT INTO assignments (id, subject_id, faculty_id, title, description, due_date, max_marks) VALUES (157, 157, 17, 'Assignment on Strategic Management (Sem 8)', 'Please submit a detailed analysis report.', '2024-04-18', 50);
INSERT INTO assignments (id, subject_id, faculty_id, title, description, due_date, max_marks) VALUES (158, 158, 17, 'Assignment on Operations Research (Sem 8)', 'Please submit a detailed analysis report.', '2024-04-19', 50);
INSERT INTO assignments (id, subject_id, faculty_id, title, description, due_date, max_marks) VALUES (159, 159, 17, 'Assignment on International Business (Sem 8)', 'Please submit a detailed analysis report.', '2024-04-20', 50);
INSERT INTO assignments (id, subject_id, faculty_id, title, description, due_date, max_marks) VALUES (160, 160, 17, 'Assignment on Entrepreneurship (Sem 8)', 'Please submit a detailed analysis report.', '2024-04-01', 50);
INSERT INTO salary_payments (id, user_id, amount, payment_date, month, year, status, receipt_no) VALUES (1, 2, 90000.0, '2026-05-31', 'May', 2026, 'Paid', 'SAL-002-MAY-2026');
INSERT INTO salary_payments (id, user_id, amount, payment_date, month, year, status, receipt_no) VALUES (2, 2, 90000.0, '2026-06-30', 'June', 2026, 'Paid', 'SAL-002-JUNE-2026');
INSERT INTO salary_payments (id, user_id, amount, payment_date, month, year, status, receipt_no) VALUES (3, 3, 75000.0, '2026-05-31', 'May', 2026, 'Paid', 'SAL-003-MAY-2026');
INSERT INTO salary_payments (id, user_id, amount, payment_date, month, year, status, receipt_no) VALUES (4, 3, 60000.0, '2026-06-30', 'June', 2026, 'Paid', 'SAL-003-JUNE-2026');
INSERT INTO salary_payments (id, user_id, amount, payment_date, month, year, status, receipt_no) VALUES (5, 4, 90000.0, '2026-05-31', 'May', 2026, 'Paid', 'SAL-004-MAY-2026');
INSERT INTO salary_payments (id, user_id, amount, payment_date, month, year, status, receipt_no) VALUES (6, 4, 60000.0, '2026-06-30', 'June', 2026, 'Paid', 'SAL-004-JUNE-2026');
INSERT INTO salary_payments (id, user_id, amount, payment_date, month, year, status, receipt_no) VALUES (7, 5, 75000.0, '2026-05-31', 'May', 2026, 'Paid', 'SAL-005-MAY-2026');
INSERT INTO salary_payments (id, user_id, amount, payment_date, month, year, status, receipt_no) VALUES (8, 5, 75000.0, '2026-06-30', 'June', 2026, 'Paid', 'SAL-005-JUNE-2026');
INSERT INTO salary_payments (id, user_id, amount, payment_date, month, year, status, receipt_no) VALUES (9, 6, 60000.0, '2026-05-31', 'May', 2026, 'Paid', 'SAL-006-MAY-2026');
INSERT INTO salary_payments (id, user_id, amount, payment_date, month, year, status, receipt_no) VALUES (10, 6, 75000.0, '2026-06-30', 'June', 2026, 'Paid', 'SAL-006-JUNE-2026');
INSERT INTO salary_payments (id, user_id, amount, payment_date, month, year, status, receipt_no) VALUES (11, 7, 90000.0, '2026-05-31', 'May', 2026, 'Paid', 'SAL-007-MAY-2026');
INSERT INTO salary_payments (id, user_id, amount, payment_date, month, year, status, receipt_no) VALUES (12, 7, 110000.0, '2026-06-30', 'June', 2026, 'Paid', 'SAL-007-JUNE-2026');
INSERT INTO salary_payments (id, user_id, amount, payment_date, month, year, status, receipt_no) VALUES (13, 8, 90000.0, '2026-05-31', 'May', 2026, 'Paid', 'SAL-008-MAY-2026');
INSERT INTO salary_payments (id, user_id, amount, payment_date, month, year, status, receipt_no) VALUES (14, 8, 75000.0, '2026-06-30', 'June', 2026, 'Paid', 'SAL-008-JUNE-2026');
INSERT INTO salary_payments (id, user_id, amount, payment_date, month, year, status, receipt_no) VALUES (15, 9, 75000.0, '2026-05-31', 'May', 2026, 'Paid', 'SAL-009-MAY-2026');
INSERT INTO salary_payments (id, user_id, amount, payment_date, month, year, status, receipt_no) VALUES (16, 9, 60000.0, '2026-06-30', 'June', 2026, 'Paid', 'SAL-009-JUNE-2026');
INSERT INTO salary_payments (id, user_id, amount, payment_date, month, year, status, receipt_no) VALUES (17, 10, 90000.0, '2026-05-31', 'May', 2026, 'Paid', 'SAL-010-MAY-2026');
INSERT INTO salary_payments (id, user_id, amount, payment_date, month, year, status, receipt_no) VALUES (18, 10, 110000.0, '2026-06-30', 'June', 2026, 'Paid', 'SAL-010-JUNE-2026');
INSERT INTO salary_payments (id, user_id, amount, payment_date, month, year, status, receipt_no) VALUES (19, 11, 75000.0, '2026-05-31', 'May', 2026, 'Paid', 'SAL-011-MAY-2026');
INSERT INTO salary_payments (id, user_id, amount, payment_date, month, year, status, receipt_no) VALUES (20, 11, 90000.0, '2026-06-30', 'June', 2026, 'Paid', 'SAL-011-JUNE-2026');
INSERT INTO salary_payments (id, user_id, amount, payment_date, month, year, status, receipt_no) VALUES (21, 12, 110000.0, '2026-05-31', 'May', 2026, 'Paid', 'SAL-012-MAY-2026');
INSERT INTO salary_payments (id, user_id, amount, payment_date, month, year, status, receipt_no) VALUES (22, 12, 75000.0, '2026-06-30', 'June', 2026, 'Paid', 'SAL-012-JUNE-2026');
INSERT INTO salary_payments (id, user_id, amount, payment_date, month, year, status, receipt_no) VALUES (23, 13, 60000.0, '2026-05-31', 'May', 2026, 'Paid', 'SAL-013-MAY-2026');
INSERT INTO salary_payments (id, user_id, amount, payment_date, month, year, status, receipt_no) VALUES (24, 13, 110000.0, '2026-06-30', 'June', 2026, 'Paid', 'SAL-013-JUNE-2026');
INSERT INTO salary_payments (id, user_id, amount, payment_date, month, year, status, receipt_no) VALUES (25, 14, 75000.0, '2026-05-31', 'May', 2026, 'Paid', 'SAL-014-MAY-2026');
INSERT INTO salary_payments (id, user_id, amount, payment_date, month, year, status, receipt_no) VALUES (26, 14, 90000.0, '2026-06-30', 'June', 2026, 'Paid', 'SAL-014-JUNE-2026');
INSERT INTO salary_payments (id, user_id, amount, payment_date, month, year, status, receipt_no) VALUES (27, 15, 75000.0, '2026-05-31', 'May', 2026, 'Paid', 'SAL-015-MAY-2026');
INSERT INTO salary_payments (id, user_id, amount, payment_date, month, year, status, receipt_no) VALUES (28, 15, 110000.0, '2026-06-30', 'June', 2026, 'Paid', 'SAL-015-JUNE-2026');
INSERT INTO salary_payments (id, user_id, amount, payment_date, month, year, status, receipt_no) VALUES (29, 16, 110000.0, '2026-05-31', 'May', 2026, 'Paid', 'SAL-016-MAY-2026');
INSERT INTO salary_payments (id, user_id, amount, payment_date, month, year, status, receipt_no) VALUES (30, 16, 110000.0, '2026-06-30', 'June', 2026, 'Paid', 'SAL-016-JUNE-2026');
INSERT INTO salary_payments (id, user_id, amount, payment_date, month, year, status, receipt_no) VALUES (31, 17, 75000.0, '2026-05-31', 'May', 2026, 'Paid', 'SAL-017-MAY-2026');
INSERT INTO salary_payments (id, user_id, amount, payment_date, month, year, status, receipt_no) VALUES (32, 17, 75000.0, '2026-06-30', 'June', 2026, 'Paid', 'SAL-017-JUNE-2026');
INSERT INTO salary_payments (id, user_id, amount, payment_date, month, year, status, receipt_no) VALUES (33, 18, 60000.0, '2026-05-31', 'May', 2026, 'Paid', 'SAL-018-MAY-2026');
INSERT INTO salary_payments (id, user_id, amount, payment_date, month, year, status, receipt_no) VALUES (34, 18, 90000.0, '2026-06-30', 'June', 2026, 'Paid', 'SAL-018-JUNE-2026');
INSERT INTO salary_payments (id, user_id, amount, payment_date, month, year, status, receipt_no) VALUES (35, 19, 75000.0, '2026-05-31', 'May', 2026, 'Paid', 'SAL-019-MAY-2026');
INSERT INTO salary_payments (id, user_id, amount, payment_date, month, year, status, receipt_no) VALUES (36, 19, 75000.0, '2026-06-30', 'June', 2026, 'Paid', 'SAL-019-JUNE-2026');
INSERT INTO salary_payments (id, user_id, amount, payment_date, month, year, status, receipt_no) VALUES (37, 20, 110000.0, '2026-05-31', 'May', 2026, 'Paid', 'SAL-020-MAY-2026');
INSERT INTO salary_payments (id, user_id, amount, payment_date, month, year, status, receipt_no) VALUES (38, 20, 60000.0, '2026-06-30', 'June', 2026, 'Paid', 'SAL-020-JUNE-2026');
INSERT INTO salary_payments (id, user_id, amount, payment_date, month, year, status, receipt_no) VALUES (39, 21, 90000.0, '2026-05-31', 'May', 2026, 'Paid', 'SAL-021-MAY-2026');
INSERT INTO salary_payments (id, user_id, amount, payment_date, month, year, status, receipt_no) VALUES (40, 21, 75000.0, '2026-06-30', 'June', 2026, 'Paid', 'SAL-021-JUNE-2026');
INSERT INTO salary_payments (id, user_id, amount, payment_date, month, year, status, receipt_no) VALUES (41, 22, 60000.0, '2026-05-31', 'May', 2026, 'Paid', 'SAL-022-MAY-2026');
INSERT INTO salary_payments (id, user_id, amount, payment_date, month, year, status, receipt_no) VALUES (42, 22, 110000.0, '2026-06-30', 'June', 2026, 'Paid', 'SAL-022-JUNE-2026');
INSERT INTO salary_payments (id, user_id, amount, payment_date, month, year, status, receipt_no) VALUES (43, 23, 75000.0, '2026-05-31', 'May', 2026, 'Paid', 'SAL-023-MAY-2026');
INSERT INTO salary_payments (id, user_id, amount, payment_date, month, year, status, receipt_no) VALUES (44, 23, 90000.0, '2026-06-30', 'June', 2026, 'Paid', 'SAL-023-JUNE-2026');
INSERT INTO salary_payments (id, user_id, amount, payment_date, month, year, status, receipt_no) VALUES (45, 24, 90000.0, '2026-05-31', 'May', 2026, 'Paid', 'SAL-024-MAY-2026');
INSERT INTO salary_payments (id, user_id, amount, payment_date, month, year, status, receipt_no) VALUES (46, 24, 110000.0, '2026-06-30', 'June', 2026, 'Paid', 'SAL-024-JUNE-2026');
INSERT INTO salary_payments (id, user_id, amount, payment_date, month, year, status, receipt_no) VALUES (47, 25, 110000.0, '2026-05-31', 'May', 2026, 'Paid', 'SAL-025-MAY-2026');
INSERT INTO salary_payments (id, user_id, amount, payment_date, month, year, status, receipt_no) VALUES (48, 25, 60000.0, '2026-06-30', 'June', 2026, 'Paid', 'SAL-025-JUNE-2026');
INSERT INTO salary_payments (id, user_id, amount, payment_date, month, year, status, receipt_no) VALUES (49, 26, 60000.0, '2026-05-31', 'May', 2026, 'Paid', 'SAL-026-MAY-2026');
INSERT INTO salary_payments (id, user_id, amount, payment_date, month, year, status, receipt_no) VALUES (50, 26, 90000.0, '2026-06-30', 'June', 2026, 'Paid', 'SAL-026-JUNE-2026');
INSERT INTO salary_payments (id, user_id, amount, payment_date, month, year, status, receipt_no) VALUES (51, 27, 110000.0, '2026-05-31', 'May', 2026, 'Paid', 'SAL-027-MAY-2026');
INSERT INTO salary_payments (id, user_id, amount, payment_date, month, year, status, receipt_no) VALUES (52, 27, 75000.0, '2026-06-30', 'June', 2026, 'Paid', 'SAL-027-JUNE-2026');
INSERT INTO salary_payments (id, user_id, amount, payment_date, month, year, status, receipt_no) VALUES (53, 28, 90000.0, '2026-05-31', 'May', 2026, 'Paid', 'SAL-028-MAY-2026');
INSERT INTO salary_payments (id, user_id, amount, payment_date, month, year, status, receipt_no) VALUES (54, 28, 110000.0, '2026-06-30', 'June', 2026, 'Paid', 'SAL-028-JUNE-2026');
INSERT INTO salary_payments (id, user_id, amount, payment_date, month, year, status, receipt_no) VALUES (55, 29, 90000.0, '2026-05-31', 'May', 2026, 'Paid', 'SAL-029-MAY-2026');
INSERT INTO salary_payments (id, user_id, amount, payment_date, month, year, status, receipt_no) VALUES (56, 29, 75000.0, '2026-06-30', 'June', 2026, 'Paid', 'SAL-029-JUNE-2026');
INSERT INTO salary_payments (id, user_id, amount, payment_date, month, year, status, receipt_no) VALUES (57, 30, 110000.0, '2026-05-31', 'May', 2026, 'Paid', 'SAL-030-MAY-2026');
INSERT INTO salary_payments (id, user_id, amount, payment_date, month, year, status, receipt_no) VALUES (58, 30, 90000.0, '2026-06-30', 'June', 2026, 'Paid', 'SAL-030-JUNE-2026');
INSERT INTO salary_payments (id, user_id, amount, payment_date, month, year, status, receipt_no) VALUES (59, 31, 75000.0, '2026-05-31', 'May', 2026, 'Paid', 'SAL-031-MAY-2026');
INSERT INTO salary_payments (id, user_id, amount, payment_date, month, year, status, receipt_no) VALUES (60, 31, 110000.0, '2026-06-30', 'June', 2026, 'Paid', 'SAL-031-JUNE-2026');
INSERT INTO salary_payments (id, user_id, amount, payment_date, month, year, status, receipt_no) VALUES (61, 32, 110000.0, '2026-05-31', 'May', 2026, 'Paid', 'SAL-032-MAY-2026');
INSERT INTO salary_payments (id, user_id, amount, payment_date, month, year, status, receipt_no) VALUES (62, 32, 75000.0, '2026-06-30', 'June', 2026, 'Paid', 'SAL-032-JUNE-2026');
INSERT INTO salary_payments (id, user_id, amount, payment_date, month, year, status, receipt_no) VALUES (63, 33, 110000.0, '2026-05-31', 'May', 2026, 'Paid', 'SAL-033-MAY-2026');
INSERT INTO salary_payments (id, user_id, amount, payment_date, month, year, status, receipt_no) VALUES (64, 33, 75000.0, '2026-06-30', 'June', 2026, 'Paid', 'SAL-033-JUNE-2026');
INSERT INTO salary_payments (id, user_id, amount, payment_date, month, year, status, receipt_no) VALUES (65, 34, 90000.0, '2026-05-31', 'May', 2026, 'Paid', 'SAL-034-MAY-2026');
INSERT INTO salary_payments (id, user_id, amount, payment_date, month, year, status, receipt_no) VALUES (66, 34, 110000.0, '2026-06-30', 'June', 2026, 'Paid', 'SAL-034-JUNE-2026');
INSERT INTO salary_payments (id, user_id, amount, payment_date, month, year, status, receipt_no) VALUES (67, 35, 90000.0, '2026-05-31', 'May', 2026, 'Paid', 'SAL-035-MAY-2026');
INSERT INTO salary_payments (id, user_id, amount, payment_date, month, year, status, receipt_no) VALUES (68, 35, 90000.0, '2026-06-30', 'June', 2026, 'Paid', 'SAL-035-JUNE-2026');
INSERT INTO salary_payments (id, user_id, amount, payment_date, month, year, status, receipt_no) VALUES (69, 36, 60000.0, '2026-05-31', 'May', 2026, 'Paid', 'SAL-036-MAY-2026');
INSERT INTO salary_payments (id, user_id, amount, payment_date, month, year, status, receipt_no) VALUES (70, 36, 110000.0, '2026-06-30', 'June', 2026, 'Paid', 'SAL-036-JUNE-2026');
INSERT INTO salary_payments (id, user_id, amount, payment_date, month, year, status, receipt_no) VALUES (71, 37, 90000.0, '2026-05-31', 'May', 2026, 'Paid', 'SAL-037-MAY-2026');
INSERT INTO salary_payments (id, user_id, amount, payment_date, month, year, status, receipt_no) VALUES (72, 37, 75000.0, '2026-06-30', 'June', 2026, 'Paid', 'SAL-037-JUNE-2026');
INSERT INTO salary_payments (id, user_id, amount, payment_date, month, year, status, receipt_no) VALUES (73, 38, 110000.0, '2026-05-31', 'May', 2026, 'Paid', 'SAL-038-MAY-2026');
INSERT INTO salary_payments (id, user_id, amount, payment_date, month, year, status, receipt_no) VALUES (74, 38, 60000.0, '2026-06-30', 'June', 2026, 'Paid', 'SAL-038-JUNE-2026');
INSERT INTO salary_payments (id, user_id, amount, payment_date, month, year, status, receipt_no) VALUES (75, 39, 60000.0, '2026-05-31', 'May', 2026, 'Paid', 'SAL-039-MAY-2026');
INSERT INTO salary_payments (id, user_id, amount, payment_date, month, year, status, receipt_no) VALUES (76, 39, 60000.0, '2026-06-30', 'June', 2026, 'Paid', 'SAL-039-JUNE-2026');
INSERT INTO salary_payments (id, user_id, amount, payment_date, month, year, status, receipt_no) VALUES (77, 40, 90000.0, '2026-05-31', 'May', 2026, 'Paid', 'SAL-040-MAY-2026');
INSERT INTO salary_payments (id, user_id, amount, payment_date, month, year, status, receipt_no) VALUES (78, 40, 60000.0, '2026-06-30', 'June', 2026, 'Paid', 'SAL-040-JUNE-2026');
INSERT INTO salary_payments (id, user_id, amount, payment_date, month, year, status, receipt_no) VALUES (79, 41, 75000.0, '2026-05-31', 'May', 2026, 'Paid', 'SAL-041-MAY-2026');
INSERT INTO salary_payments (id, user_id, amount, payment_date, month, year, status, receipt_no) VALUES (80, 41, 75000.0, '2026-06-30', 'June', 2026, 'Paid', 'SAL-041-JUNE-2026');
INSERT INTO salary_payments (id, user_id, amount, payment_date, month, year, status, receipt_no) VALUES (81, 42, 110000.0, '2026-05-31', 'May', 2026, 'Paid', 'SAL-042-MAY-2026');
INSERT INTO salary_payments (id, user_id, amount, payment_date, month, year, status, receipt_no) VALUES (82, 42, 110000.0, '2026-06-30', 'June', 2026, 'Paid', 'SAL-042-JUNE-2026');
INSERT INTO salary_payments (id, user_id, amount, payment_date, month, year, status, receipt_no) VALUES (83, 43, 110000.0, '2026-05-31', 'May', 2026, 'Paid', 'SAL-043-MAY-2026');
INSERT INTO salary_payments (id, user_id, amount, payment_date, month, year, status, receipt_no) VALUES (84, 43, 110000.0, '2026-06-30', 'June', 2026, 'Paid', 'SAL-043-JUNE-2026');
INSERT INTO salary_payments (id, user_id, amount, payment_date, month, year, status, receipt_no) VALUES (85, 44, 60000.0, '2026-05-31', 'May', 2026, 'Paid', 'SAL-044-MAY-2026');
INSERT INTO salary_payments (id, user_id, amount, payment_date, month, year, status, receipt_no) VALUES (86, 44, 75000.0, '2026-06-30', 'June', 2026, 'Paid', 'SAL-044-JUNE-2026');
INSERT INTO salary_payments (id, user_id, amount, payment_date, month, year, status, receipt_no) VALUES (87, 45, 75000.0, '2026-05-31', 'May', 2026, 'Paid', 'SAL-045-MAY-2026');
INSERT INTO salary_payments (id, user_id, amount, payment_date, month, year, status, receipt_no) VALUES (88, 45, 90000.0, '2026-06-30', 'June', 2026, 'Paid', 'SAL-045-JUNE-2026');
INSERT INTO salary_payments (id, user_id, amount, payment_date, month, year, status, receipt_no) VALUES (89, 46, 60000.0, '2026-05-31', 'May', 2026, 'Paid', 'SAL-046-MAY-2026');
INSERT INTO salary_payments (id, user_id, amount, payment_date, month, year, status, receipt_no) VALUES (90, 46, 110000.0, '2026-06-30', 'June', 2026, 'Paid', 'SAL-046-JUNE-2026');
INSERT INTO salary_payments (id, user_id, amount, payment_date, month, year, status, receipt_no) VALUES (91, 47, 75000.0, '2026-05-31', 'May', 2026, 'Paid', 'SAL-047-MAY-2026');
INSERT INTO salary_payments (id, user_id, amount, payment_date, month, year, status, receipt_no) VALUES (92, 47, 110000.0, '2026-06-30', 'June', 2026, 'Paid', 'SAL-047-JUNE-2026');
INSERT INTO salary_payments (id, user_id, amount, payment_date, month, year, status, receipt_no) VALUES (93, 48, 90000.0, '2026-05-31', 'May', 2026, 'Paid', 'SAL-048-MAY-2026');
INSERT INTO salary_payments (id, user_id, amount, payment_date, month, year, status, receipt_no) VALUES (94, 48, 75000.0, '2026-06-30', 'June', 2026, 'Paid', 'SAL-048-JUNE-2026');
INSERT INTO salary_payments (id, user_id, amount, payment_date, month, year, status, receipt_no) VALUES (95, 49, 110000.0, '2026-05-31', 'May', 2026, 'Paid', 'SAL-049-MAY-2026');
INSERT INTO salary_payments (id, user_id, amount, payment_date, month, year, status, receipt_no) VALUES (96, 49, 60000.0, '2026-06-30', 'June', 2026, 'Paid', 'SAL-049-JUNE-2026');
INSERT INTO salary_payments (id, user_id, amount, payment_date, month, year, status, receipt_no) VALUES (97, 50, 60000.0, '2026-05-31', 'May', 2026, 'Paid', 'SAL-050-MAY-2026');
INSERT INTO salary_payments (id, user_id, amount, payment_date, month, year, status, receipt_no) VALUES (98, 50, 75000.0, '2026-06-30', 'June', 2026, 'Paid', 'SAL-050-JUNE-2026');
INSERT INTO salary_payments (id, user_id, amount, payment_date, month, year, status, receipt_no) VALUES (99, 51, 110000.0, '2026-05-31', 'May', 2026, 'Paid', 'SAL-051-MAY-2026');
INSERT INTO salary_payments (id, user_id, amount, payment_date, month, year, status, receipt_no) VALUES (100, 51, 90000.0, '2026-06-30', 'June', 2026, 'Paid', 'SAL-051-JUNE-2026');
INSERT INTO salary_payments (id, user_id, amount, payment_date, month, year, status, receipt_no) VALUES (101, 52, 60000.0, '2026-05-31', 'May', 2026, 'Paid', 'SAL-052-MAY-2026');
INSERT INTO salary_payments (id, user_id, amount, payment_date, month, year, status, receipt_no) VALUES (102, 52, 60000.0, '2026-06-30', 'June', 2026, 'Paid', 'SAL-052-JUNE-2026');
INSERT INTO salary_payments (id, user_id, amount, payment_date, month, year, status, receipt_no) VALUES (103, 53, 110000.0, '2026-05-31', 'May', 2026, 'Paid', 'SAL-053-MAY-2026');
INSERT INTO salary_payments (id, user_id, amount, payment_date, month, year, status, receipt_no) VALUES (104, 53, 75000.0, '2026-06-30', 'June', 2026, 'Paid', 'SAL-053-JUNE-2026');
INSERT INTO meetings (id, title, description, meeting_date, meeting_time, host_id, target_role) VALUES (1, 'Annual Curriculum Review Committee Meeting', 'Discussion on upcoming academic events and policy scheduling.', '2026-07-02', '10:30:00', 1, NULL);
INSERT INTO meetings (id, title, description, meeting_date, meeting_time, host_id, target_role) VALUES (2, 'Librarians & HODs Coordination Discussion', 'Discussion on upcoming academic events and policy scheduling.', '2026-07-08', '14:00:00', 1, NULL);
INSERT INTO meetings (id, title, description, meeting_date, meeting_time, host_id, target_role) VALUES (3, 'Super Admin Infrastructure Maintenance Meeting', 'Discussion on upcoming academic events and policy scheduling.', '2026-07-15', '11:00:00', 1, NULL);
INSERT INTO meetings (id, title, description, meeting_date, meeting_time, host_id, target_role) VALUES (4, 'Class Counsellors Progress Alignment', 'Discussion on upcoming academic events and policy scheduling.', '2026-07-22', '15:30:00', 1, NULL);
INSERT INTO meetings (id, title, description, meeting_date, meeting_time, host_id, target_role) VALUES (5, 'Department Placement Drive Planning Session', 'Discussion on upcoming academic events and policy scheduling.', '2026-07-29', '09:00:00', 1, NULL);
INSERT INTO permissions (id, name, description) VALUES (1, 'read_users', 'Allow reading user data');
INSERT INTO permissions (id, name, description) VALUES (2, 'manage_users', 'Allow creating, updating, deleting users');
INSERT INTO permissions (id, name, description) VALUES (3, 'read_students', 'Allow reading student data');
INSERT INTO permissions (id, name, description) VALUES (4, 'manage_students', 'Allow managing student data');
INSERT INTO permissions (id, name, description) VALUES (5, 'read_faculty', 'Allow reading faculty data');
INSERT INTO permissions (id, name, description) VALUES (6, 'manage_faculty', 'Allow managing faculty data');
INSERT INTO permissions (id, name, description) VALUES (7, 'manage_fees', 'Allow managing fee structures and payments');
INSERT INTO permissions (id, name, description) VALUES (8, 'manage_exams', 'Allow managing exam schedules and results');
INSERT INTO permissions (id, name, description) VALUES (9, 'manage_assignments', 'Allow managing assignments and submissions');
INSERT INTO permissions (id, name, description) VALUES (10, 'manage_library', 'Allow managing library books and issuance');
INSERT INTO permissions (id, name, description) VALUES (11, 'view_reports', 'Allow viewing reports');
INSERT INTO permissions (id, name, description) VALUES (12, 'manage_roles', 'Allow managing roles and permissions');
INSERT INTO role_permissions (role_id, permission_id) VALUES (1, 1);
INSERT INTO role_permissions (role_id, permission_id) VALUES (1, 2);
INSERT INTO role_permissions (role_id, permission_id) VALUES (1, 3);
INSERT INTO role_permissions (role_id, permission_id) VALUES (1, 4);
INSERT INTO role_permissions (role_id, permission_id) VALUES (1, 5);
INSERT INTO role_permissions (role_id, permission_id) VALUES (1, 6);
INSERT INTO role_permissions (role_id, permission_id) VALUES (1, 7);
INSERT INTO role_permissions (role_id, permission_id) VALUES (1, 8);
INSERT INTO role_permissions (role_id, permission_id) VALUES (1, 9);
INSERT INTO role_permissions (role_id, permission_id) VALUES (1, 10);
INSERT INTO role_permissions (role_id, permission_id) VALUES (1, 11);
INSERT INTO role_permissions (role_id, permission_id) VALUES (1, 12);
INSERT INTO role_permissions (role_id, permission_id) VALUES (5, 1);
INSERT INTO role_permissions (role_id, permission_id) VALUES (5, 2);
INSERT INTO role_permissions (role_id, permission_id) VALUES (5, 3);
INSERT INTO role_permissions (role_id, permission_id) VALUES (5, 4);
INSERT INTO role_permissions (role_id, permission_id) VALUES (5, 5);
INSERT INTO role_permissions (role_id, permission_id) VALUES (5, 6);
INSERT INTO role_permissions (role_id, permission_id) VALUES (5, 7);
INSERT INTO role_permissions (role_id, permission_id) VALUES (5, 8);
INSERT INTO role_permissions (role_id, permission_id) VALUES (5, 9);
INSERT INTO role_permissions (role_id, permission_id) VALUES (5, 10);
INSERT INTO role_permissions (role_id, permission_id) VALUES (5, 11);
INSERT INTO role_permissions (role_id, permission_id) VALUES (5, 12);
INSERT INTO role_permissions (role_id, permission_id) VALUES (2, 1);
INSERT INTO role_permissions (role_id, permission_id) VALUES (2, 3);
INSERT INTO role_permissions (role_id, permission_id) VALUES (2, 4);
INSERT INTO role_permissions (role_id, permission_id) VALUES (2, 5);
INSERT INTO role_permissions (role_id, permission_id) VALUES (2, 6);
INSERT INTO role_permissions (role_id, permission_id) VALUES (2, 8);
INSERT INTO role_permissions (role_id, permission_id) VALUES (7, 3);
INSERT INTO role_permissions (role_id, permission_id) VALUES (7, 4);
INSERT INTO role_permissions (role_id, permission_id) VALUES (3, 3);
INSERT INTO role_permissions (role_id, permission_id) VALUES (3, 5);
INSERT INTO role_permissions (role_id, permission_id) VALUES (3, 8);
INSERT INTO role_permissions (role_id, permission_id) VALUES (3, 9);
INSERT INTO role_permissions (role_id, permission_id) VALUES (6, 10);
INSERT INTO role_permissions (role_id, permission_id) VALUES (4, 3);
INSERT INTO role_permissions (role_id, permission_id) VALUES (4, 5);
INSERT INTO role_permissions (role_id, permission_id) VALUES (4, 11);
INSERT INTO holidays (name, date, day, type, description) VALUES ('Independence Day', '2025-08-15', 'Friday', 'Gazetted', 'National Holiday commemorating Independence from British Rule.');
INSERT INTO holidays (name, date, day, type, description) VALUES ('Raksha Bandhan', '2025-08-09', 'Saturday', 'Restricted', 'Traditional Hindu festival celebrating sibling bonds.');
INSERT INTO holidays (name, date, day, type, description) VALUES ('Janmashtami', '2025-08-16', 'Saturday', 'Restricted', 'Birth anniversary of Lord Krishna.');
INSERT INTO holidays (name, date, day, type, description) VALUES ('Ganesh Chaturthi', '2025-08-27', 'Wednesday', 'Restricted', 'Celebrating the arrival of Lord Ganesha.');
INSERT INTO holidays (name, date, day, type, description) VALUES ('Gandhi Jayanti', '2025-10-02', 'Thursday', 'Gazetted', 'Birth anniversary of Mahatma Gandhi.');
INSERT INTO holidays (name, date, day, type, description) VALUES ('Dussehra / Vijayadashami', '2025-10-02', 'Thursday', 'Gazetted', 'Victory of good over evil, Lord Rama\'s victory.');
INSERT INTO holidays (name, date, day, type, description) VALUES ('Diwali (Deepavali)', '2025-10-20', 'Monday', 'Gazetted', 'Festival of lights celebrating return of Lord Rama.');
INSERT INTO holidays (name, date, day, type, description) VALUES ('Guru Nanak Jayanti', '2025-11-05', 'Wednesday', 'Gazetted', 'Birth anniversary of Guru Nanak Dev Ji.');
INSERT INTO holidays (name, date, day, type, description) VALUES ('Christmas Day', '2025-12-25', 'Thursday', 'Gazetted', 'Celebrating the birth of Jesus Christ.');
INSERT INTO holidays (name, date, day, type, description) VALUES ('Winter Vacation', '2025-12-26', 'Friday to Wednesday (6 days)', 'Academic Break', 'Annual institutional winter recess.');
INSERT INTO holidays (name, date, day, type, description) VALUES ('Republic Day', '2026-01-26', 'Monday', 'Gazetted', 'Celebrating the adoption of the Constitution of India.');
INSERT INTO holidays (name, date, day, type, description) VALUES ('Maha Shivratri', '2026-02-15', 'Sunday', 'Restricted', 'Great night of Shiva, Hindu festival.');
INSERT INTO holidays (name, date, day, type, description) VALUES ('Holi Festival', '2026-03-04', 'Wednesday', 'Gazetted', 'Festival of colors celebrating arrival of Spring.');
INSERT INTO holidays (name, date, day, type, description) VALUES ('Good Friday', '2026-04-03', 'Friday', 'Gazetted', 'Christian holiday commemorating the crucifixion of Jesus Christ.');
INSERT INTO holidays (name, date, day, type, description) VALUES ('Eid ul-Fitr', '2026-03-20', 'Friday', 'Gazetted', 'Muslim festival marking the end of Ramadan.');
INSERT INTO holidays (name, date, day, type, description) VALUES ('Summer Recess', '2026-06-01', 'Monday to Tuesday (30 days)', 'Academic Break', 'Annual institutional summer vacation.');
INSERT INTO notifications (user_id, title, message) VALUES (NULL, 'Annual Tech Fest "PathshalaHack 2026" Registrations Open', 'Registrations are now open for the annual technical hackathon PathshalaHack 2026. Exciting prizes up to Rs. 1 Lakh!');
INSERT INTO notifications (user_id, title, message) VALUES (NULL, 'Midterm Grade Cards are now live on student dashboards', 'Please check your finalized grade cards in your individual portals. Report discrepancies to HOD office.');
INSERT INTO notifications (user_id, title, message) VALUES (NULL, 'Server maintenance scheduled for June 24 at 12:00 AM', 'ERP services will be temporarily offline for routine backup and security patches.');